,herb001,herb002,herb003,herb005,herb006,herb007,herb008,herb009,herb012,herb013,herb014,herb015,herb017,herb018,herb019,herb020,herb022,herb023,herb024,herb025,herb026,herb028,herb029,herb031,herb034,herb035,herb036,herb037,herb038,herb039,herb040,herb041,herb042,herb043,herb044,herb046,herb047,herb048,herb049,herb050,herb051,herb052,herb053,herb054,herb055,herb056,herb057,herb058,herb059,herb060,herb061,herb062,herb063,herb064,herb065,herb066,herb068,herb069,herb070,herb072,herb073,herb075,herb076,herb077,herb078,herb079,herb080,herb082,herb083,herb084,herb085,herb086,herb087,herb088,herb089,herb090,herb091,herb092,herb093,herb094,herb095,herb096,herb097,herb098,herb100,herb101,herb102,herb103,herb105,herb106,herb108,herb109,herb110,herb111,herb112,herb113,herb115,herb116,herb117,herb119,herb120,herb122,herb123,herb125,herb126,herb127,herb128,herb129,herb131,herb132,herb133,herb134,herb135,herb136,herb137,herb138,herb139,herb140,herb142,herb143,herb144,herb145,herb146,herb147,herb148,herb149,herb150,herb151,herb153,herb154,herb158,herb160,herb161,herb162,herb164,herb165,herb166,herb167,herb168,herb169,herb170,herb171,herb172,herb173,herb174,herb175,herb176,herb178,herb179,herb181,herb182,herb183,herb184,herb185,herb186,herb187,herb188,herb189,herb190,herb191,herb192,herb193,herb194,herb195,herb196,herb197,herb198,herb199,herb201,herb202,herb203,herb204,herb205,herb210,herb213,herb215,herb217,herb219,herb220,herb221,herb222,herb223,herb227,herb228,herb231,herb233,herb234,herb236,herb237,herb238,herb239,herb243,herb245,herb246,herb248,herb249,herb250,herb251,herb252,herb255,herb256,herb257,herb259,herb260,herb261,herb262,herb263,herb264,herb265,herb266,herb268,herb269,herb270,herb273,herb275,herb279,herb280,herb281,herb282,herb283,herb284,herb285,herb287,herb288,herb290,herb294,herb296,herb297,herb298,herb300,herb302,herb303,herb305,herb307,herb309,herb311,herb312,herb314,herb316,herb318,herb319,herb321,herb322,herb324,herb325,herb326,herb328,herb329,herb330,herb332,herb333,herb334,herb335,herb339,herb342,herb344,herb345,herb347,herb349,herb352,herb354,herb356,herb358,herb359,herb360,herb363,herb364,herb366,herb367,herb368,herb370,herb371,herb372,herb373,herb374,herb376,herb377,herb378,herb379,herb380,herb381,herb384,herb386,herb388,herb390,herb391,herb393,herb394,herb398,herb399,herb402,herb404,herb405,herb406,herb411,herb414,herb416,herb417,herb418,herb428,herb433,herb437,herb438,herb441,herb453,herb458,herb462,herb467,herb469,herb470,herb472,herb474,herb475,herb477,herb479,herb481,herb483,herb486
herb001,1.0,0.0,0.0,0.23529411764705876,0.0,0.0,0.0,0.21455956195564546,0.0,0.0,0.10289915108550529,0.15339299776947407,0.14969623771302393,0.07938841860374446,0.21828206253269966,0.0,0.0,0.0,0.0,0.0,0.0,0.0,0.13076644524148534,0.0,0.12524485821702988,0.024253562503633294,0.0,0.0,0.12524485821702988,0.10006255865485197,0.0,0.21828206253269966,0.07276068751089988,0.12320822072673948,0.06859943405700353,0.0,0.0,0.051708768999501914,0.0,0.13719886811400706,0.29704426289300223,0.11595420713048966,0.0,0.14552137502179976,0.18786728732554484,0.0,0.19802950859533486,0.03834824944236852,0.0,0.0,0.0,0.09701425001453318,0.0,0.026783579200279007,0.18981415059132414,0.07276068751089988,0.0,0.32410186177608213,0.0,0.0,0.0,0.02615328904829707,0.16205093088804107,0.0,0.0,0.09701425001453318,0.024253562503633294,0.0,0.1320196723968899,0.14291548761875736,0.0,0.149270358506633,0.10090091909944686,0.5144957554275265,0.0,0.0,0.07868894753646336,0.3985266984930428,0.0,0.0,0.09701425001453318,0.0,0.04850712500726659,0.0,0.0,0.0,0.12738595105969638,0.0,0.21561438627179408,0.24253562503633297,0.024253562503633294,0.07276068751089988,0.0,0.0,0.10461315619318828,0.3031695312954162,0.0,0.11433239009500587,0.0,0.0,0.12320822072673948,0.0,0.0,0.0,0.23008949665421113,0.0,0.15339299776947407,0.0,0.08318903308077029,0.0,0.16169041669088866,0.0,0.07504691899113898,0.0,0.0,0.0,0.0,0.2858309752375147,0.0,0.0,0.0,0.1462544848254261,0.13750477455423168,0.0,0.0,0.0,0.26196841599779186,0.0,0.0,0.0,0.1264304343560434,0.0,0.09799919151000504,0.1819017187772497,0.0,0.16169041669088866,0.0,0.2559453484444957,0.10969086361906957,0.0,0.0,0.09723055853282464,0.0,0.1573778950729267,0.0,0.0,0.18712029714127992,0.0,0.07938841860374446,0.0,0.34299717028501764,0.0,0.0,0.0,0.24253562503633294,0.0,0.0,0.2291746242570528,0.0,0.1462544848254261,0.0,0.06262242910851494,0.47565149415449404,0.10727978097782273,0.0,0.0,0.1462544848254261,0.0,0.0,0.0,0.17149858514250882,0.0,0.0,0.21828206253269966,0.04850712500726659,0.0,0.0,0.17503501050350123,0.0,0.04850712500726659,0.0,0.15655607277128736,0.0,0.36196138299651337,0.12126781251816647,0.2503866978335957,0.03656362120635653,0.18712029714127992,0.09701425001453318,0.14969623771302393,0.0,0.07312724241271305,0.0,0.14969623771302393,0.0,0.16977493752543305,0.24253562503633294,0.0,0.0,0.04850712500726659,0.0,0.0,0.0,0.0,0.0,0.3395498750508661,0.0,0.0,0.0,0.0,0.0,0.0,0.0,0.10585122480499261,0.0,0.0,0.19026059766179762,0.0,0.2537477434955704,0.0,0.0,0.0,0.21917850187980228,0.19026059766179762,0.09901475429766743,0.0,0.0,0.0,0.02556549962824568,0.0,0.0,0.0,0.0,0.30996520993903326,0.17912443020795965,0.0,0.03363363969981562,0.0,0.0,0.15401027590842437,0.0,0.06262242910851494,0.027461751819054483,0.0,0.0,0.0,0.35007002100700246,0.07669649888473704,0.13719886811400706,0.12126781251816647,0.0,0.16977493752543305,0.0,0.04850712500726659,0.0,0.0,0.0,0.0,0.15655607277128736,0.0,0.14097096860865022,0.0,0.0,0.3086974532565159,0.0,0.057166195047502935,0.0,0.14269544824634822,0.0,0.12524485821702988,0.07484811885651196,0.1462544848254261,0.0,0.0,0.10341753799900383,0.12126781251816647,0.0,0.06859943405700353,0.11941628680530642,0.0,0.029411764705882346,0.0,0.0,0.16169041669088866,0.09701425001453318,0.0,0.0,0.33275613232308116,0.20211302086361083,0.0,0.3704792868174741,0.19026059766179762,0.5721588318817212,0.024253562503633294,0.07868894753646336,0.11277677488692017,0.04850712500726659,0.0,0.0,0.0,0.0,0.21828206253269966,0.0,0.0,0.0,0.0,0.1264304343560434,0.07276068751089988,0.04899959575500252,0.11941628680530642,0.1462544848254261,0.0,0.0,0.0,0.0,0.291161615782696,0.20228869496966942,0.26196841599779186
herb002,0.0,0.9999999999999999,0.1874178434105831,0.0,0.0,0.021081851067789197,0.0,0.0,0.29814239699997197,0.0,0.0894427190999916,0.06666666666666667,0.0,0.2990284090483535,0.25298221281347033,0.0,0.170367083999984,0.0,0.0,0.16927779169233606,0.0,0.08432740427115677,0.022733144649015782,0.1649915822768611,0.19051586888313607,0.04216370213557839,0.09802861627917438,0.0,0.05443310539518174,0.0,0.1264911064067352,0.021081851067789197,0.10540925533894598,0.1874178434105831,0.0298142396999972,0.0,0.0,0.0,0.18186515719212626,0.0,0.0,0.0,0.23388213848187447,0.06324555320336758,0.0,0.0,0.0,0.13333333333333333,0.2608745973749755,0.0,0.024845199749997663,0.12649110640673517,0.0,0.20952908873087348,0.023570226039551584,0.16865480854231357,0.0,0.0,0.0,0.3538151850686813,0.0,0.0,0.19720265943665385,0.03108349360801046,0.1338698881504165,0.1264911064067352,0.06324555320336758,0.023281009858985943,0.0,0.17391639824998364,0.2486679488640837,0.15569978883230462,0.17541160386140586,0.0,0.2141918210406664,0.03849001794597505,0.0,0.0,0.1414213562373095,0.15385544379235028,0.0,0.0,0.0,0.04216370213557839,0.0,0.07453559924999299,0.05536365323582665,0.17099639201419237,0.0535479552601666,0.0,0.10540925533894596,0.021081851067789197,0.35166958581108637,0.0,0.045466289298031565,0.0,0.0,0.049690399499995326,0.0,0.12712834523274563,0.0,0.0,0.0,0.0,0.0,0.0,0.03333333333333333,0.0,0.0,0.06506000486323556,0.03513641844631533,0.0,0.08697707640712563,0.0,0.0,0.397705839334203,0.26024001945294223,0.0,0.0,0.2393949488198693,0.17391639824998364,0.0,0.0,0.0,0.26943012562182533,0.22771001702132443,0.0,0.0,0.0,0.03419927840283847,0.0,0.0,0.12777531299998798,0.0,0.0,0.0,0.0,0.09534625892455922,0.0,0.0,0.0,0.0,0.0,0.10259783520851541,0.0,0.0,0.0,0.15891043154093204,0.0,0.14757295747452437,0.0,0.0,0.0,0.0,0.1264911064067352,0.0535479552601666,0.03108349360801046,0.0,0.0,0.0,0.3111111111111111,0.05443310539518174,0.0,0.03108349360801046,0.0,0.0,0.03178208630818641,0.28941438070815306,0.12649110640673517,0.0,0.037267799624996496,0.0,0.26943012562182533,0.0,0.021081851067789197,0.0,0.0,0.0,0.0,0.3794733192202055,0.16666666666666666,0.0,0.22771001702132443,0.0,0.021081851067789197,0.0,0.0,0.13012000972647111,0.0,0.0,0.14757295747452437,0.0,0.04216370213557839,0.0,0.167093470609201,0.16865480854231357,0.1264911064067352,0.0,0.0,0.27406406388125953,0.0,0.0,0.0,0.0,0.0,0.21081851067789198,0.0,0.0,0.0,0.0,0.0,0.0,0.0879173964527716,0.0,0.0,0.0,0.0,0.32795663669996916,0.0,0.14509525002200235,0.27888667551135854,0.0,0.16329931618554522,0.08268982305947231,0.04303314829119353,0.2214546129433066,0.08451542547285165,0.0,0.17777777777777778,0.022473328748774737,0.0,0.0,0.041344911529736156,0.0,0.0,0.06666666666666667,0.0,0.0219793491131929,0.0,0.0,0.4173993557999608,0.19051586888313607,0.167093470609201,0.0,0.10540925533894599,0.2459549291242073,0.0,0.0,0.0,0.021081851067789197,0.0,0.0,0.1690308509457033,0.021081851067789197,0.14907119849998599,0.2637521893583148,0.404085416904136,0.167093470609201,0.02721655269759087,0.0,0.19605723255834875,0.0,0.0,0.2385139175999776,0.0,0.049690399499995326,0.2295101242196988,0.16537964611894462,0.0,0.0,0.26024001945294223,0.03178208630818641,0.0,0.0,0.0,0.06324555320336758,0.03513641844631533,0.0596284793999944,0.0,0.0,0.07669649888473704,0.0,0.0,0.0,0.04216370213557839,0.0,0.0,0.0,0.0,0.0769800358919501,0.0,0.0,0.0,0.0,0.2393949488198693,0.0,0.1264911064067352,0.0,0.1649915822768611,0.0,0.03253000243161778,0.0,0.20759971844307282,0.024182541670333724,0.0,0.10886621079036347,0.0219793491131929,0.16865480854231357,0.0,0.0,0.0,0.23388213848187447,0.1934603333626698,0.0,0.0,0.2169304578186562,0.0219793491131929,0.22771001702132443
herb003,0.0,0.1874178434105831,1.0000000000000002,0.0,0.0,0.0254000254000381,0.15888814239971283,0.0,0.0,0.0,0.0,0.0,0.0,0.19399589841579265,0.1778001778002667,0.0,0.282236903184932,0.0,0.0,0.20395079136182276,0.060717674071891624,0.0,0.05477910356647767,0.1987866419864727,0.0,0.0254000254000381,0.029526929767874632,0.0,0.0,0.0,0.2032002032003048,0.0508000508000762,0.1270001270001905,0.22580645161290325,0.0,0.0,0.0,0.0,0.19172686248267184,0.0,0.0,0.0,0.3874584745219909,0.1016001016001524,0.0,0.0,0.0,0.0,0.3143092785468561,0.0,0.029934217004462485,0.1016001016001524,0.0,0.3646452637445894,0.0,0.1778001778002667,0.0,0.0,0.0,0.06558258357839529,0.0,0.0,0.23759548165574573,0.0,0.0,0.17780017780026672,0.0,0.028049635672660722,0.0,0.20953951903123738,0.26215206019559845,0.0,0.0,0.0,0.22580645161290325,0.0,0.0,0.0,0.0,0.0,0.0,0.0,0.0254000254000381,0.0254000254000381,0.0,0.0,0.033351867298253506,0.0,0.0,0.0,0.0254000254000381,0.1270001270001905,0.18536949946633163,0.0,0.05477910356647767,0.0,0.0,0.05986843400892497,0.0,0.0,0.0,0.0,0.0,0.0,0.0,0.0,0.04016096644512494,0.0,0.0,0.07838618016696206,0.0,0.0508000508000762,0.0,0.0,0.0,0.30492478930832245,0.2743516305843672,0.0,0.0,0.2884299752006152,0.20953951903123738,0.0,0.0,0.0,0.32461722703211776,0.2743516305843672,0.0,0.0,0.0,0.0,0.0,0.0,0.07697370086861782,0.0,0.0,0.0,0.0,0.0,0.0,0.0,0.0,0.0,0.0,0.0,0.0,0.0,0.0,0.0,0.0,0.1778001778002667,0.0,0.0,0.0,0.0,0.3048003048004572,0.03225806451612904,0.037450294313656915,0.0,0.0,0.0,0.0,0.0,0.0,0.037450294313656915,0.0,0.0,0.03829197905337418,0.0,0.1270001270001905,0.0,0.0,0.0,0.32461722703211776,0.0,0.0254000254000381,0.0,0.0,0.0,0.0,0.1778001778002667,0.0,0.0,0.2743516305843672,0.0,0.0,0.0582716546748065,0.0,0.0,0.0,0.0,0.1778001778002667,0.0,0.0254000254000381,0.0,0.2013190579900678,0.254000254000381,0.254000254000381,0.0,0.0,0.1778001778002667,0.0,0.0,0.0,0.0,0.0,0.2794002794004191,0.0,0.0,0.0,0.0,0.0,0.1250610798961445,0.0,0.0,0.0,0.0,0.0,0.2514474228374849,0.0,0.0,0.33601075251612356,0.0,0.0,0.09962709627734359,0.05184758473652127,0.5002780094738026,0.1018266349953196,0.0,0.3212877315609996,0.0,0.0,0.0,0.049813548138671795,0.0,0.0,0.0,0.0,0.0,0.0,0.06451612903225808,0.2514474228374849,0.2295390425243835,0.2013190579900678,0.0,0.1270001270001905,0.2963336296671112,0.0,0.0,0.0,0.0,0.0,0.0,0.0,0.0508000508000762,0.17960530202677488,0.18536949946633163,0.0,0.3451183851258305,0.032791291789197645,0.0508000508000762,0.20668850837512243,0.0,0.0,0.2514474228374849,0.0,0.0,0.24195539543709926,0.0,0.0,0.19674775073518588,0.2743516305843672,0.03829197905337418,0.0,0.0,0.0,0.1016001016001524,0.04233337566673017,0.07184212081070997,0.0,0.0,0.06160411036336974,0.0,0.0,0.0,0.0,0.0,0.0,0.0,0.04233337566673017,0.0,0.0,0.0,0.0,0.0254000254000381,0.2884299752006152,0.0,0.3048003048004572,0.0,0.1987866419864727,0.0,0.0,0.07620007620011429,0.34391796971439736,0.0582716546748065,0.22470176588194146,0.0,0.0,0.1778001778002667,0.0,0.0,0.0,0.3874584745219909,0.23308661869922603,0.0,0.029526929767874632,0.0,0.0,0.43112399091829134
herb005,0.23529411764705876,0.0,0.0,1.0,0.0,0.0,0.025286086871208677,0.0,0.0,0.0,0.034299717028501764,0.0,0.0,0.6351073488299557,0.04850712500726659,0.0,0.0,0.042874646285627205,0.0,0.0,0.0,0.0,0.07845986714489121,0.0,0.0939336436627724,0.0,0.0,0.0,0.0939336436627724,0.20012511730970398,0.0,0.07276068751089988,0.09701425001453318,0.0,0.0,0.0,0.0,0.0,0.0,0.0,0.16502459049611234,0.6957252427829381,0.0,0.12126781251816647,0.15655607277128736,0.3638034375544994,0.0,0.0,0.0,0.0,0.0,0.04850712500726659,0.0,0.026783579200279007,0.7050239879106324,0.0,0.0,0.32410186177608213,0.30012252399939043,0.0,0.0,0.0,0.16205093088804107,0.0,0.0,0.12126781251816647,0.0,0.0,0.16502459049611234,0.0,0.0,0.08956221510397981,0.269069117598525,0.22866478019001177,0.0,0.0,0.0,0.13284223283101426,0.0,0.0,0.0,0.0,0.024253562503633294,0.0,0.17149858514250882,0.0,0.15923243882462046,0.0,0.09240616554505461,0.08084520834544433,0.0,0.09701425001453318,0.0,0.0,0.07845986714489121,0.09095085938862485,0.5144957554275265,0.0,0.6575355056394068,0.0,0.09240616554505461,0.0,0.0,0.0,0.07669649888473704,0.07276068751089988,0.0,0.18712029714127992,0.0,0.0,0.08084520834544433,0.0,0.0,0.600245047998781,0.0,0.0,0.0,0.08574929257125441,0.30996520993903326,0.0,0.0,0.10969086361906957,0.09166984970282112,0.0,0.0,0.18712029714127992,0.26196841599779186,0.0,0.0,0.0,0.07585826061362604,0.0,0.0,0.1819017187772497,0.15923243882462046,0.12126781251816648,0.0,0.10969086361906957,0.0,0.0,0.0,0.09723055853282464,0.0,0.11803342130469503,0.0,0.0,0.03742405942825598,0.0,0.6086445426287075,0.0,0.10289915108550529,0.1292719224987548,0.08574929257125441,0.0,0.12126781251816647,0.0,0.0,0.2291746242570528,0.1373087590952724,0.10969086361906957,0.0,0.0,0.14269544824634822,0.10727978097782273,0.0,0.0,0.1462544848254261,0.0,0.0,0.0,0.08574929257125441,0.0,0.0,0.5578319375835659,0.0,0.0,0.10713431680111603,0.10502100630210075,0.0,0.12126781251816647,0.0,0.8140915784106941,0.0,0.07756315349925287,0.07276068751089988,0.08346223261119858,0.1828181060317826,0.11227217828476795,0.5335783750799326,0.0,0.0,0.0,0.0,0.11227217828476795,0.0,0.0,0.12126781251816647,0.16502459049611234,0.0,0.07276068751089988,0.0,0.0,0.0,0.0,0.0,0.07276068751089988,0.0,0.0,0.0,0.5694424517739723,0.0,0.0,0.0,0.6351073488299557,0.46081768756903263,0.0,0.0,0.0,0.7612432304867112,0.0,0.0,0.0,0.0939336436627724,0.0,0.5940885257860047,0.0,0.0,0.0,0.0,0.0,0.0,0.0,0.0,0.2214037213850238,0.0,0.0,0.0,0.0,0.0,0.09240616554505461,0.0,0.0,0.0,0.14852213144650114,0.0,0.0,0.2100420126042015,0.0,0.10289915108550529,0.07276068751089988,0.09701425001453318,0.12126781251816647,0.0,0.0,0.0,0.0,0.0,0.0,0.0939336436627724,0.12126781251816647,0.28194193721730043,0.54294207449477,0.0,0.20579830217101058,0.1292719224987548,0.0,0.0,0.0,0.0,0.0939336436627724,0.0,0.1462544848254261,0.5093248125762992,0.15923243882462046,0.0,0.0,0.0,0.0,0.08956221510397981,0.0,0.0,0.0,0.0,0.12126781251816648,0.09701425001453318,0.0,0.0,0.20797258270192573,0.0,0.0,0.07938841860374446,0.14269544824634822,0.10727978097782273,0.0,0.0,0.16916516233038026,0.0,0.15923243882462046,0.0,0.034299717028501764,0.0,0.07276068751089988,0.0,0.1391037210186643,0.0,0.0,0.0,0.5820855000871992,0.0,0.08956221510397981,0.10969086361906957,0.0,0.0,0.0,0.5920780681563309,0.20797258270192573,0.07585826061362604,0.18712029714127992
herb006,0.0,0.0,0.0,0.0,0.9999999999999998,0.0,0.0,0.0,0.0,0.0,0.0,0.0,0.24743582965269675,0.0,0.0,0.0,0.0,0.0,0.0,0.0,0.0,0.0,0.0,0.0,0.0,0.0,0.0,0.0,0.0,0.0,0.0,0.0,0.0,0.0,0.0,0.0,0.0,0.0,0.0,0.0,0.0,0.0,0.0,0.0,0.0,0.0,0.0,0.0,0.0,0.0,0.0,0.0,0.0,0.0,0.0,0.0,0.0,0.0,0.0,0.0,0.0,0.0,0.0,0.0,0.0,0.0,0.0,0.0,0.0,0.0,0.0,0.0,0.0,0.0,0.0,0.0,0.0,0.0,0.0,0.0,0.0,0.0,0.0,0.0,0.0,0.0,0.0,0.0,0.0,0.0,0.0,0.0,0.0,0.0,0.0,0.0,0.0,0.0,0.0,0.0,0.0,0.0,0.0,0.0,0.0,0.0,0.0,0.0,0.0,0.0,0.0,0.0,0.16539535392599136,0.0,0.0,0.09166984970282112,0.0,0.0,0.0,0.0,0.0,0.0,0.0,0.0,0.0,0.0,0.0,0.0,0.0,0.0,0.0,0.0,0.0,0.0,0.0,0.0,0.0,0.0,0.0,0.0,0.0,0.0,0.0,0.0,0.0,0.0,0.0,0.0,0.0,0.0,0.0,0.0,0.0,0.0,0.0,0.0,0.0,0.0,0.0,0.0,0.0,0.0,0.0,0.0,0.0,0.0,0.0,0.0,0.0,0.0,0.0,0.0,0.0,0.0,0.0,0.0,0.0,0.0,0.0,0.0,0.0,0.0,0.0,0.0,0.0,0.0,0.0,0.0,0.0,0.0,0.0,0.0,0.0,0.0,0.0,0.0,0.0,0.0,0.0,0.0,0.0,0.0,0.0,0.0,0.0,0.0,0.0,0.0,0.0,0.0,0.0,0.0,0.0,0.0,0.0,0.0,0.0,0.0,0.0,0.0,0.0,0.0,0.0,0.0,0.0,0.0,0.0,0.0,0.0,0.0,0.0,0.0,0.0,0.0,0.0,0.0,0.22237479499833035,0.0,0.0,0.0,0.0,0.0,0.0,0.0,0.0,0.0,0.0,0.0,0.0,0.0,0.0,0.0,0.0,0.0,0.0,0.0,0.0,0.0,0.0,0.0,0.0,0.0,0.0,0.0,0.0,0.0,0.0,0.0,0.0,0.0,0.0,0.0,0.0,0.0,0.0,0.0,0.0,0.0,0.0657951694959769,0.0,0.0,0.23904572186687872,0.0,0.0,0.0,0.0,0.0,0.0,0.0,0.0,0.0,0.0,0.0,0.0,0.0,0.0,0.0,0.0,0.0,0.3779644730092272,0.0,0.0,0.0,0.0,0.0,0.0,0.0,0.0,0.0,0.0,0.0,0.0,0.0,0.0,0.0,0.0,0.0,0.0
herb007,0.0,0.021081851067789197,0.0254000254000381,0.0,0.0,1.0,0.0,0.0,0.0,0.0,0.0,0.0,0.0,0.02182178902359924,0.22,0.0,0.24243661069253056,0.0,0.08528028654224418,0.04588314677411236,0.0,0.0,0.25879865568825217,0.3801315561749643,0.0,0.06,0.0,0.04264014327112209,0.07745966692414832,0.061885274775527604,0.38,0.28,0.02,0.0254000254000381,0.0,0.0,0.0,0.0,0.19409899176618914,0.0,0.0,0.0,0.02773500981126146,0.02,0.0,0.06,0.0,0.0,0.035355339059327376,0.0,0.21213203435596426,0.02,0.0,0.02208630521496931,0.044721359549995794,0.06,0.0,0.0,0.0,0.07745966692414832,0.0,0.0,0.026726124191242435,0.0,0.0,0.02,0.24,0.5079850199442941,0.0,0.4242640687119285,0.02948839123097943,0.0,0.0,0.0,0.3048003048004572,0.0,0.0,0.0,0.0,0.0,0.0,0.08,0.08,0.18000000000000002,0.0,0.0,0.02626128657194451,0.0,0.0,0.16666666666666669,0.0,0.0,0.1876629726513673,0.0,0.0,0.024999999999999998,0.0,0.0,0.0,0.0,0.0,0.0,0.0,0.0,0.04216370213557839,0.0,0.12649110640673517,0.0,0.0,0.0,0.0,0.0,0.04125684985035174,0.0,0.05443310539518174,0.034299717028501764,0.030860669992418384,0.023570226039551584,0.0,0.29199855803537256,0.21213203435596426,0.09045340337332908,0.0,0.0,0.03651483716701107,0.030860669992418384,0.0,0.0,0.0,0.0,0.10425720702853739,0.0,0.0,0.0,0.0,0.0,0.0,0.0,0.0,0.0,0.0,0.0,0.0,0.0,0.05897678246195886,0.0,0.0,0.0,0.0,0.28,0.0,0.0,0.0,0.0,0.02,0.1016001016001524,0.0,0.0,0.0,0.060302268915552716,0.0,0.0,0.0,0.05897678246195886,0.0,0.28,0.0,0.11766968108291043,0.3,0.0,0.07071067811865475,0.0,0.03651483716701107,0.0,0.0,0.0,0.0,0.0,0.0,0.04,0.0,0.0,0.030860669992418384,0.0,0.0,0.0,0.0,0.030860669992418384,0.0,0.0,0.18,0.0,0.13999999999999999,0.0,0.4755563543407302,0.04,0.02,0.0,0.0,0.02,0.0,0.0,0.0,0.0,0.0,0.1,0.0,0.28887415229138963,0.0,0.0,0.08944271909999159,0.0492365963917331,0.0,0.0,0.0,0.0,0.0,0.0282842712474619,0.0,0.0,0.03779644730092272,0.0,0.05163977794943222,0.0,0.0,0.02626128657194451,0.4008918628686366,0.16641005886756877,0.2740640638812595,0.0,0.0,0.0,0.0,0.0,0.02461829819586655,0.0,0.0,0.10425720702853739,0.0,0.0,0.0282842712474619,0.23237900077244497,0.20380986614602725,0.0,0.26,0.2,0.0,0.0,0.0,0.0,0.02,0.0,0.1336306209562122,0.08,0.04040610178208843,0.2919201796799047,0.0,0.18116432546313532,0.0,0.0,0.023249527748763855,0.0,0.0,0.0282842712474619,0.0,0.0,0.10886621079036347,0.0,0.0,0.0,0.030860669992418384,0.27136021011998723,0.0,0.0,0.0,0.0,0.30000000000000004,0.0,0.0,0.22360679774997896,0.0,0.0,0.0,0.0,0.0,0.31304951684997057,0.024253562503633294,0.0,0.0,0.0,0.0,0.0,0.0,0.02,0.0324442842261525,0.0,0.04,0.07878385971583353,0.2906888370749727,0.0,0.0,0.0,0.3446561747421316,0.09176629354822471,0.0,0.0,0.04170288281141495,0.02,0.12121830534626529,0.29541957835039856,0.0,0.02773500981126146,0.2982404540317303,0.09733285267845751,0.0,0.0,0.0,0.030860669992418384
herb008,0.0,0.0,0.15888814239971283,0.025286086871208677,0.0,0.0,1.0,0.0,0.0,0.0,0.0,0.0,0.0,0.0,0.0,0.0,0.33701018549690775,0.036860489038724284,0.0,0.0,0.07476671794188401,0.33362306249131957,0.0,0.0,0.0,0.020851441405707476,0.07271792483455794,0.0,0.0,0.0,0.04170288281141495,0.0,0.020851441405707476,0.0,0.0,0.0,0.0643489452087787,0.0,0.0,0.0,0.0,0.0,0.0,0.0834057656228299,0.0,0.020851441405707476,0.0,0.0,0.0,0.0,0.0,0.0,0.0,0.023026564952925203,0.0,0.0,0.0,0.0,0.036860489038724284,0.0,0.0,0.0,0.0,0.0,0.0,0.0,0.0,0.0,0.0,0.02457365935914952,0.0,0.0,0.0,0.0,0.0,0.0,0.0,0.0,0.3730019232961255,0.3478260869565218,0.0,0.0,0.020851441405707476,0.020851441405707476,0.036860489038724284,0.0,0.0,0.0,0.0,0.0,0.33362306249131957,0.0,0.0,0.0,0.0,0.0,0.0,0.0,0.0,0.0,0.0,0.41702882811414954,0.4626519455729923,0.0,0.0,0.3127716210856121,0.0,0.0,0.0,0.0,0.0,0.3753259453027345,0.0,0.0,0.45400348307133254,0.0,0.0,0.0,0.0,0.0,0.0,0.0,0.0,0.0,0.0,0.0,0.0,0.021739130434782608,0.0,0.0,0.0,0.0,0.02106313659355673,0.0,0.027379283909669677,0.0,0.0,0.0,0.0,0.0,0.0,0.0,0.3225992952145052,0.0,0.0,0.0,0.0,0.0,0.0,0.0,0.0,0.3556433795795097,0.0,0.11145564251507056,0.04170288281141495,0.0,0.030743773095067286,0.0,0.0,0.0,0.0,0.0,0.0,0.0,0.040893041005476534,0.0,0.0,0.0,0.0,0.0,0.0,0.0,0.0,0.0,0.18766297265136728,0.0,0.36842503924680325,0.0,0.0,0.0,0.0,0.0,0.0,0.0,0.33362306249131957,0.04783648732349399,0.0,0.0,0.020851441405707476,0.0,0.0,0.0,0.04170288281141495,0.0,0.0,0.0,0.0,0.0,0.0,0.020851441405707476,0.0,0.0,0.0,0.3777537317199085,0.0,0.0,0.0,0.0,0.07372097807744857,0.0,0.0,0.0,0.0,0.0,0.33362306249131957,0.04783648732349399,0.0,0.0,0.0,0.0,0.0,0.0,0.0,0.0,0.0,0.08213785172900903,0.0,0.028915746598312014,0.0,0.0,0.052128603514268686,0.12038585308576923,0.0,0.0,0.0,0.1318760946791574,0.028915746598312014,0.0,0.0,0.05296271413323761,0.0,0.0,0.0,0.042562826537937436,0.3127716210856121,0.0,0.0,0.0,0.0,0.3127716210856121,0.35447450389702706,0.33362306249131957,0.0,0.020851441405707476,0.33701018549690775,0.0,0.0,0.0,0.0,0.06255432421712243,0.0,0.0,0.0,0.0,0.3556433795795097,0.0,0.0,0.0,0.0,0.053838190205816545,0.0,0.0,0.0,0.027379283909669677,0.0,0.04170288281141495,0.0,0.02948839123097943,0.0,0.0,0.0,0.0,0.0,0.034752402342845795,0.0,0.0,0.0,0.0,0.10425720702853739,0.0,0.0,0.0,0.0,0.0834057656228299,0.0,0.0,0.04170288281141495,0.0,0.0,0.0,0.0,0.4170288281141495,0.0,0.0,0.06148754619013457,0.026919095102908273,0.0,0.04170288281141495,0.0,0.0,0.0,0.0,0.0,0.0,0.024239308278185982,0.0,0.3478260869565218,0.0
herb009,0.21455956195564546,0.0,0.0,0.0,0.0,0.0,0.0,1.0000000000000002,0.0,0.0,0.04170288281141496,0.0,0.0,0.0,0.0,0.0,0.0,0.0,0.06286946134619315,0.0,0.0,0.0,0.0,0.0,0.0,0.0,0.0,0.0,0.0,0.0,0.0,0.14744195615489714,0.0,0.0,0.0,0.0,0.0,0.06286946134619315,0.0,0.0,0.0,0.0,0.0,0.0,0.0,0.0,0.0,0.04662524041201569,0.0,0.0,0.0,0.0,0.0,0.0,0.0,0.0,0.0,0.0,0.0,0.0,0.0,0.0,0.0,0.0,0.0,0.0,0.0,0.09769344135387542,0.0,0.17376201171422898,0.0,0.0,0.0,0.06950480468569159,0.0,0.0,0.19134594929397594,0.26919095102908275,0.0,0.0,0.05897678246195886,0.0,0.0,0.0,0.10425720702853739,0.0,0.0,0.09567297464698797,0.0,0.0,0.0,0.0,0.0,0.0,0.0,0.29488391230979427,0.0,0.06950480468569159,0.11420804814403215,0.44455422447438697,0.0,0.0,0.0,0.5243041203911968,0.1554174680400523,0.0,0.0,0.0,0.0,0.0,0.0,0.0,0.030414953233623677,0.0,0.0,0.0,0.0,0.20851441405707477,0.0,0.0,0.10425720702853739,0.0,0.0,0.0,0.0,0.0,0.0,0.0,0.5275043787166296,0.0,0.09223131928520185,0.0,0.05957554687344993,0.0,0.0,0.0,0.0,0.0,0.0,0.0,0.0,0.0,0.0,0.0,0.13043478260869568,0.0,0.0,0.0,0.0,0.0,0.25021729686848976,0.0,0.20851441405707477,0.0,0.0,0.0,0.0,0.05572782125753529,0.0,0.1333662673423161,0.0,0.0,0.34698895917974415,0.1739130434782609,0.0,0.0,0.0,0.0,0.0,0.0,0.05212860351426869,0.0,0.0,0.14744195615489714,0.0,0.0,0.0,0.042562826537937436,0.0,0.0,0.0,0.0,0.13650472655798704,0.18860838403857944,0.0,0.0,0.08891084489487741,0.0,0.0,0.0,0.0,0.0,0.05897678246195886,0.0,0.0,0.02948839123097943,0.0,0.0,0.08512565307587487,0.0,0.0,0.1517165212272521,0.0,0.0,0.0,0.17693034738587657,0.4504426164614509,0.0,0.0,0.0,0.3626592603676828,0.0,0.30743773095067284,0.0,0.0,0.0,0.05783149319662403,0.08340576562282992,0.0,0.13530201829834768,0.0,0.0,0.26648544566940835,0.0,0.0,0.0,0.0,0.0,0.0,0.0,0.0,0.0,0.17349447958987207,0.0,0.32667930388828254,0.0,0.08178608201095308,0.24595018476053826,0.0,0.0,0.0,0.0,0.30050125348238005,0.0,0.0,0.0,0.0,0.0,0.08340576562282992,0.08846517369293828,0.0,0.0,0.07881104062391006,0.0,0.0,0.0,0.0,0.0,0.0,0.0,0.0,0.0,0.0,0.0,0.0,0.0,0.36115755925730764,0.0,0.0,0.0761386987626881,0.0,0.0,0.08846517369293828,0.0,0.1257389226923863,0.0,0.0,0.0,0.07259540086406278,0.0,0.0,0.0,0.13900960937138318,0.0,0.0,0.0,0.0,0.0,0.19658927487319622,0.0,0.1930468356263361,0.0,0.39130434782608703,0.0,0.0,0.0,0.0,0.0,0.0,0.0,0.0,0.206418738616856,0.0,0.0,0.0,0.0,0.2766939578556056,0.0,0.0,0.0,0.0,0.0,0.0,0.0,0.0,0.0,0.0,0.0
herb012,0.0,0.29814239699997197,0.0,0.0,0.0,0.0,0.0,0.0,1.0,0.0,0.0,0.05590169943749474,0.0,0.2700308624336608,0.1414213562373095,0.057353933467640436,0.0,0.0625,0.0,0.0,0.0,0.0,0.0,0.0,0.18257418583505536,0.0,0.0,0.0,0.04564354645876384,0.0,0.0,0.0,0.035355339059327376,0.0,0.0,0.0,0.0545544725589981,0.0,0.0,0.0,0.0,0.0,0.0,0.0,0.0,0.035355339059327376,0.07216878364870323,0.0,0.0625,0.0,0.0,0.07071067811865475,0.0,0.0,0.07905694150420949,0.0,0.0,0.0,0.0,0.41079191812887456,0.0,0.0,0.0,0.0,0.0,0.035355339059327376,0.0,0.0,0.0,0.0,0.0,0.0,0.34320323649182205,0.0,0.0,0.06454972243679027,0.0,0.0,0.03952847075210474,0.25802342327107,0.10606601717798213,0.035355339059327376,0.0,0.0,0.125,0.0,0.0,0.057353933467640436,0.0,0.0,0.0,0.0,0.33174440134851857,0.0,0.038124642583151166,0.0,0.03571428571428571,0.0,0.0,0.0,0.0,0.044194173824159216,0.04902903378454601,0.0,0.0,0.0,0.0,0.0,0.06063390625908324,0.0,0.05892556509887897,0.0,0.0,0.0,0.0,0.0,0.0,0.0,0.0,0.0,0.0,0.0,0.0668153104781061,0.0,0.0,0.0,0.0,0.0,0.0,0.057353933467640436,0.0,0.0,0.0,0.0,0.0,0.0,0.0,0.0,0.0,0.0,0.0,0.0,0.0,0.0,0.0,0.0,0.0,0.0,0.0,0.0,0.0,0.0,0.0,0.0944911182523068,0.035355339059327376,0.0,0.0,0.0,0.0,0.0,0.33541019662496846,0.04564354645876384,0.0,0.0,0.20801257358446093,0.0,0.0,0.4853626716970755,0.0,0.0,0.125,0.0,0.0,0.0,0.0,0.0,0.0,0.0,0.05590169943749474,0.4242640687119285,0.2795084971874737,0.0,0.0,0.037688918072220454,0.0,0.0,0.0,0.0,0.0,0.0,0.0,0.0,0.0,0.0,0.0,0.0,0.035355339059327376,0.0,0.051031036307982884,0.24748737341529162,0.0,0.0,0.0,0.0,0.0,0.0,0.0,0.0,0.0,0.0,0.0,0.0,0.0,0.0,0.0,0.0,0.0,0.0,0.0,0.040555355282690636,0.0,0.0,0.3195048252113469,0.0,0.0,0.0,0.0,0.0,0.0,0.0,0.0,0.0,0.0,0.0,0.0,0.0,0.0,0.0,0.0,0.0,0.35000000000000003,0.0,0.0,0.0,0.0,0.0,0.0,0.0,0.05,0.0,0.0,0.0,0.1889822365046136,0.0,0.0,0.0,0.4691574316284182,0.0,0.0,0.0,0.0,0.0,0.0,0.0,0.0,0.16666666666666666,0.0,0.0,0.0,0.0,0.0,0.0,0.0,0.0,0.0,0.035355339059327376,0.0,0.0,0.0,0.0,0.0,0.0,0.0,0.0,0.07071067811865475,0.0,0.0,0.0,0.0,0.0,0.03857583749052298,0.0,0.05212860351426869,0.0,0.0,0.0,0.0,0.0,0.0,0.0,0.0,0.0,0.0,0.0,0.0,0.0,0.0,0.0,0.0,0.04351941398892446,0.0,0.0,0.0,0.0,0.0,0.42443734381358267,0.0,0.0
herb013,0.0,0.0,0.0,0.0,0.0,0.0,0.0,0.0,0.0,1.0,0.0,0.0,0.0,0.0,0.0,0.0,0.0,0.15075567228888181,0.0,0.0,0.0,0.0,0.045980048987170286,0.0,0.0,0.0,0.0,0.0,0.0,0.0,0.0,0.0,0.04264014327112209,0.0,0.0,0.0,0.0,0.0,0.0,0.0,0.0,0.0,0.0,0.04264014327112209,0.0,0.0,0.0,0.0,0.0,0.0,0.0,0.17056057308448835,0.0,0.09417632186960223,0.14301938838683886,0.0,0.0,0.0,0.07537783614444091,0.0,0.0,0.0,0.0,0.0,0.0,0.0,0.0,0.0,0.0,0.0,0.0,0.0,0.0,0.10050378152592121,0.0,0.0,0.0,0.0,0.0,0.0,0.04264014327112209,0.0,0.0,0.0,0.0,0.0,0.0,0.0,0.0,0.0,0.0,0.0,0.0,0.0,0.0,0.0,0.0430730492253948,0.050251890762960605,0.0,0.0,0.0,0.0,0.0,0.0,0.08989331499509895,0.0,0.0,0.0,0.0,0.0,0.0,0.0,0.0,0.10050378152592121,0.0,0.0,0.0,0.0,0.0,0.0,0.0,0.0,0.0,0.0,0.0,0.0,0.0,0.1333662673423161,0.0,0.0,0.0,0.0,0.0,0.10660035817780521,0.11197850219117086,0.0,0.0,0.0,0.0,0.0,0.0,0.0,0.0,0.0,0.0,0.0,0.0,0.06428243465332249,0.046524210519923545,0.0,0.0,0.0,0.0,0.0,0.04264014327112209,0.0,0.0,0.0,0.0,0.0,0.0,0.0,0.0,0.0,0.08362420100070908,0.0,0.0,0.0,0.0,0.0,0.0,0.0,0.0,0.0,0.0,0.0,0.0,0.0,0.0,0.0,0.0,0.0,0.0,0.0,0.0,0.0,0.0,0.0,0.0,0.0,0.0,0.0,0.0,0.0,0.0,0.0,0.04264014327112209,0.0,0.0,0.0,0.0,0.0,0.0,0.0,0.0,0.0,0.0,0.0,0.0,0.0,0.0,0.0,0.0,0.0,0.0,0.0,0.0,0.0,0.0,0.0,0.0,0.0,0.05504818825631803,0.0,0.21759706994462233,0.0,0.0,0.0,0.0,0.0,0.10660035817780521,0.0,0.0,0.0,0.0,0.0,0.0,0.0,0.0,0.0,0.0,0.0,0.0,0.0,0.0,0.0,0.0,0.0,0.0,0.0,0.04264014327112209,0.0,0.0,0.0,0.0,0.0,0.0,0.0,0.0,0.08528028654224418,0.0,0.0,0.0,0.0,0.045454545454545456,0.0,0.0,0.0,0.0,0.0,0.0,0.0,0.0,0.11197850219117086,0.0,0.0,0.0,0.0,0.0,0.0,0.0,0.09534625892455924,0.0,0.07106690545187015,0.04264014327112209,0.0,0.0,0.0,0.0,0.0,0.0,0.0,0.0,0.0,0.0,0.0,0.0,0.0,0.0,0.0,0.0,0.0,0.0,0.0,0.0,0.0,0.0,0.0,0.0,0.0,0.0,0.0,0.0,0.0,0.04956815970966097,0.0,0.0,0.0
herb014,0.10289915108550529,0.0894427190999916,0.0,0.034299717028501764,0.0,0.0,0.0,0.04170288281141496,0.0,0.0,1.0,0.1341640786499874,0.17457431218879393,0.0,0.08485281374238571,0.0,0.0,0.0,0.06030226891555273,0.0,0.0,0.08485281374238571,0.0,0.0,0.0,0.0,0.19727878476642877,0.0,0.0,0.0,0.0,0.0,0.0,0.10776318121606496,0.0,0.0,0.0,0.12060453783110546,0.0,0.04000000000000001,0.0,0.0,0.0,0.0,0.0,0.0,0.17320508075688776,0.08944271909999159,0.0,0.0,0.0,0.0,0.0,0.0,0.0632455532033676,0.0,0.0,0.07559289460184544,0.0,0.0,0.0,0.0,0.0,0.0,0.0,0.0,0.0,0.0,0.11547005383792516,0.0,0.0,0.0,0.0,0.13333333333333333,0.03592106040535498,0.0,0.0,0.0,0.0,0.0,0.1414213562373095,0.0,0.08485281374238571,0.0,0.0,0.0,0.11141720290623112,0.04588314677411235,0.0,0.14142135623730953,0.1131370849898476,0.0,0.0,0.0,0.0,0.0,0.0,0.1,0.0,0.04264014327112209,0.03592106040535498,0.0,0.0,0.03592106040535498,0.0,0.0,0.1341640786499874,0.0,0.0,0.0,0.0,0.0,0.2042109880970524,0.0,0.0,0.1455213750217998,0.0,0.0,0.0,0.0,0.0,0.0,0.0,0.05773502691896259,0.0,0.0,0.13093073414159545,0.08846517369293828,0.0632455532033676,0.0,0.0,0.0,0.34285714285714286,0.0,0.0,0.0,0.18090680674665818,0.0,0.0,0.0,0.0,0.03779644730092272,0.0,0.1835325870964494,0.0,0.0,0.08728715609439697,0.04264014327112209,0.0,0.0,0.0,0.0,0.0,0.0,0.0,0.0,0.0,0.053452248382484885,0.0,0.0,0.0,0.0,0.0,0.0,0.0,0.0,0.0,0.0,0.0,0.0,0.15000000000000002,0.0,0.0,0.0,0.0,0.0,0.0,0.0,0.0,0.0,0.044721359549995794,0.0,0.0,0.0,0.0,0.09733285267845754,0.08528028654224418,0.13093073414159545,0.0,0.13093073414159545,0.0,0.0,0.0,0.0,0.0,0.0,0.0,0.0,0.08164965809277262,0.0,0.0,0.0,0.0,0.0,0.0,0.0,0.030860669992418384,0.0,0.0,0.0,0.0316227766016838,0.0,0.02948839123097943,0.0,0.0,0.0,0.2773500981126146,0.04000000000000001,0.13151918984428584,0.0,0.0,0.0,0.03651483716701107,0.16641005886756877,0.0,0.0,0.0,0.0,0.0,0.0,0.0,0.0,0.0,0.0,0.0,0.0,0.07844645405527362,0.0,0.0,0.0,0.0,0.0,0.0,0.0,0.0,0.0,0.0,0.0,0.0,0.0,0.0,0.0,0.03779644730092272,0.0,0.0,0.0,0.0,0.0,0.03651483716701107,0.0,0.0,0.0,0.0,0.0,0.0,0.0,0.0,0.27735009811261463,0.0,0.0,0.0,0.0,0.0,0.0,0.24120907566221092,0.0565685424949238,0.0,0.0,0.0,0.0,0.0,0.0,0.0,0.0,0.08485281374238571,0.0,0.0,0.0,0.0,0.0,0.0,0.0,0.0,0.0,0.0,0.0,0.0,0.037139067635410375,0.0,0.0,0.0,0.0,0.0,0.0,0.0,0.10954451150103323,0.0,0.0,0.0,0.0,0.0,0.0,0.0,0.0,0.09863939238321438,0.0,0.08846517369293828,0.0
herb015,0.15339299776947407,0.06666666666666667,0.0,0.0,0.0,0.0,0.0,0.0,0.05590169943749474,0.0,0.1341640786499874,1.0,0.19518001458970663,0.03450327796711771,0.15811388300841894,0.0,0.0,0.0,0.0,0.03627381250550058,0.0,0.0,0.034099716973523674,0.0,0.1224744871391589,0.0,0.0,0.0,0.4898979485566356,0.2609312292213769,0.0,0.0,0.03162277660168379,0.20080483222562473,0.0,0.044721359549995794,0.0,0.06741998624632421,0.0,0.08944271909999159,0.04303314829119352,0.0,0.0,0.0,0.0,0.18973665961010275,0.25819888974716115,0.049999999999999996,0.0,0.0,0.03726779962499649,0.03162277660168379,0.0,0.0,0.07071067811865475,0.03162277660168379,0.1860521018838127,0.0,0.05590169943749474,0.20412414523193148,0.0,0.10229915092057101,0.0,0.0,0.0,0.0,0.03162277660168379,0.0,0.17213259316477408,0.0,0.0,0.0,0.0,0.14907119849998596,0.0,0.0,0.0,0.0,0.1414213562373095,0.0,0.3478505426185217,0.0,0.03162277660168379,0.0,0.05590169943749474,0.11180339887498948,0.16609095970747992,0.0512989176042577,0.0,0.21081851067789198,0.03162277660168379,0.0,0.0659380473395787,0.0,0.0,0.0,0.0,0.3726779962499649,0.0,0.0,0.2811267651158746,0.0,0.0,0.0,0.0,0.0,0.3,0.0,0.0,0.0,0.052704627669472995,0.03162277660168379,0.09784921095801634,0.0,0.04303314829119352,0.0,0.0,0.0,0.05773502691896257,0.0,0.0,0.0,0.0,0.0,0.0,0.0,0.29277002188455997,0.2637521893583148,0.0,0.1025978352085154,0.0,0.0,0.15971914124998499,0.0,0.0,0.47434164902525694,0.0,0.0,0.04767312946227961,0.049999999999999996,0.0,0.042257712736425826,0.09784921095801634,0.1538967528127731,0.0,0.0,0.19518001458970663,0.0,0.0,0.0,0.0,0.0,0.0,0.0,0.0,0.0,0.0,0.0,0.0,0.0,0.13333333333333333,0.0816496580927726,0.0,0.0,0.0,0.03162277660168379,0.0,0.0,0.0,0.0,0.11180339887498948,0.0,0.0,0.0,0.06324555320336758,0.0,0.0,0.0,0.0,0.18973665961010275,0.09999999999999999,0.0,0.04879500364742666,0.0,0.0,0.14509525002200233,0.04767312946227961,0.0,0.0,0.19518001458970663,0.0,0.28603877677367767,0.0,0.0,0.0,0.0,0.0,0.0,0.22821773229381925,0.09486832980505137,0.0,0.10846522890932808,0.0,0.0,0.0,0.0,0.0,0.0,0.0,0.0,0.0,0.0,0.0,0.0,0.0,0.0,0.1860521018838127,0.0,0.11028219331407116,0.36273812505500586,0.0,0.0,0.0,0.2480694691784169,0.06454972243679029,0.0,0.0,0.0,0.0,0.0,0.0,0.0,0.0,0.0,0.03892494720807615,0.0,0.043852900965351466,0.0,0.0,0.0,0.0,0.0,0.0,0.0,0.0,0.0,0.0,0.0,0.0,0.0,0.0,0.0,0.042257712736425826,0.0,0.031943828249996996,0.0,0.13987572123604708,0.0,0.0,0.03162277660168379,0.0,0.37080992435478316,0.0,0.0,0.0,0.07453559924999298,0.0,0.31008683647302115,0.0,0.0,0.0,0.0,0.06324555320336758,0.0,0.13483997249264842,0.15811388300841894,0.052704627669472995,0.0,0.03892494720807615,0.0,0.0,0.0,0.07453559924999298,0.0,0.3162277660168379,0.0,0.0,0.0,0.0,0.05773502691896257,0.0,0.0,0.0,0.03162277660168379,0.0,0.0,0.0,0.0,0.0,0.0,0.0,0.0,0.0,0.0,0.0,0.0,0.0,0.0,0.0,0.0,0.0,0.0,0.0,0.0,0.0,0.0,0.16484511834894675,0.0
herb017,0.14969623771302393,0.0,0.0,0.0,0.24743582965269675,0.0,0.0,0.0,0.0,0.0,0.17457431218879393,0.19518001458970663,1.0000000000000002,0.0,0.12344267996967354,0.0,0.0,0.0,0.0,0.0,0.0,0.0,0.0,0.0,0.0,0.0,0.10762440050012628,0.0,0.03984095364447979,0.0,0.0,0.0,0.06172133998483677,0.43112399091829134,0.0,0.0,0.0,0.0657951694959769,0.0,0.2618614682831909,0.0,0.0,0.0,0.0,0.0,0.0,0.25197631533948484,0.04879500364742666,0.0,0.0,0.0,0.1543033499620919,0.0,0.0,0.06900655593423542,0.0,0.0,0.08247860988423225,0.0,0.0,0.0,0.0,0.0,0.0,0.0,0.06172133998483677,0.0,0.0,0.37796447300922725,0.0,0.0,0.0,0.042796049251091296,0.181848241863327,0.07838618016696206,0.0,0.0,0.0,0.0,0.0,0.3394673699166022,0.0,0.030860669992418384,0.0,0.0,0.0,0.16208817969462155,0.0,0.0,0.25717224993681986,0.030860669992418384,0.0,0.0,0.0,0.0,0.0,0.0,0.21821789023599236,0.0,0.0,0.07838618016696206,0.03857583749052298,0.042796049251091296,0.0,0.0,0.0,0.19518001458970663,0.0,0.0,0.0,0.0,0.0,0.3183035070396152,0.0,0.0,0.05292561240249632,0.0,0.0,0.0,0.0,0.0,0.04652421051992354,0.0,0.06299407883487121,0.0,0.0,0.1904761904761905,0.0,0.0,0.0,0.0,0.0,0.21821789023599236,0.0,0.04052204492365539,0.0,0.0,0.0,0.0,0.0,0.0,0.08247860988423225,0.03183035070396152,0.05006261743217588,0.0,0.0,0.14285714285714288,0.09304842103984708,0.033671751485073696,0.0,0.0,0.0,0.0,0.0,0.0,0.0,0.04550157551932901,0.0,0.0,0.0,0.0,0.11952286093343936,0.0,0.0,0.0,0.0,0.0,0.0,0.0,0.0,0.1091089451179962,0.0,0.0,0.09258200997725516,0.0,0.0,0.0,0.0,0.0,0.0,0.0,0.0,0.0,0.0,0.0,0.14159846508095775,0.04652421051992354,0.0,0.0,0.1904761904761905,0.0,0.0,0.0,0.0,0.0,0.0,0.0,0.0,0.08908708063747481,0.0,0.0,0.0,0.0,0.0,0.0,0.0,0.0,0.0,0.0,0.0,0.0,0.0,0.0,0.0,0.0,0.0,0.18156825980064073,0.0,0.10762440050012628,0.0,0.0,0.0,0.0,0.24209101306752098,0.0,0.0,0.0,0.0,0.0,0.0,0.0,0.0,0.0,0.0,0.0,0.0,0.17118419700436519,0.0,0.0,0.0,0.043643578047198484,0.0,0.0,0.0,0.0,0.0,0.0,0.0,0.0,0.0,0.0,0.0,0.041239304942116126,0.0,0.0,0.0,0.04550157551932901,0.0,0.11952286093343936,0.09258200997725516,0.0,0.0,0.0,0.0,0.0,0.0,0.0,0.18156825980064073,0.0,0.0,0.0,0.0,0.030860669992418384,0.04052204492365539,0.1315903389919538,0.24688535993934704,0.0,0.0,0.03798685881987932,0.0,0.0,0.13801311186847084,0.0,0.051434449987363975,0.12344267996967354,0.0,0.0,0.0,0.0,0.0,0.0,0.0,0.0,0.0,0.0,0.0,0.0,0.08104408984731078,0.0,0.13093073414159545,0.0,0.0,0.0,0.0,0.0,0.03984095364447979,0.0,0.0,0.0,0.0,0.0,0.0,0.0,0.0,0.0,0.0,0.1286978904175574,0.0
herb018,0.07938841860374446,0.2990284090483535,0.19399589841579265,0.6351073488299557,0.0,0.02182178902359924,0.0,0.0,0.2700308624336608,0.0,0.0,0.03450327796711771,0.0,1.0000000000000002,0.21821789023599236,0.0,0.15430334996209188,0.03857583749052298,0.0,0.17521916101261562,0.0,0.0,0.09412416106700235,0.17078251276599332,0.02817180849095055,0.02182178902359924,0.0,0.0,0.02817180849095055,0.11253728415158593,0.13093073414159542,0.02182178902359924,0.13093073414159542,0.19399589841579265,0.0,0.0,0.0,0.0,0.1647172818672541,0.0,0.0890870806374748,0.5477225575051661,0.21182963643408087,0.1745743121887939,0.0,0.32732683535398854,0.0,0.0,0.27003086243366087,0.0,0.025717224993681984,0.08728715609439695,0.0,0.16868694244915794,0.6099375455928333,0.15275252316519466,0.0,0.1749635530559413,0.1928791874526149,0.19720265943665385,0.0,0.0,0.32076651393589234,0.0,0.0,0.19639610121239315,0.0,0.024098134635593994,0.14847846772912465,0.1800205749557739,0.22522130823072545,0.08058229640253804,0.3631365196012815,0.07715167498104596,0.19399589841579265,0.03984095364447979,0.0,0.0,0.024397501823713332,0.136504726557987,0.0,0.0,0.02182178902359924,0.0,0.07715167498104596,0.0,0.2005738892714385,0.0,0.083141099321054,0.0,0.02182178902359924,0.10910894511799618,0.31851102863530306,0.0,0.04706208053350117,0.0,0.4629100498862757,0.05143444998736397,0.5916079783099617,0.0,0.0,0.0,0.0,0.0,0.0,0.06546536707079771,0.06900655593423542,0.1683587574253685,0.0,0.06734350297014739,0.0,0.0,0.0,0.5400617248673217,0.0,0.2619684159977919,0.2357022603955159,0.0,0.19920476822239894,0.24779731389167603,0.1800205749557739,0.09869275424396534,0.0,0.0,0.2788866755113585,0.4040610178208843,0.1683587574253685,0.0,0.0,0.03539961627023943,0.0,0.0,0.044086671417740544,0.0,0.1432670637653132,0.0,0.0,0.09869275424396534,0.0,0.0,0.0,0.029160592175990215,0.0,0.03539961627023943,0.0,0.0,0.033671751485073696,0.0,0.5000000000000001,0.1745743121887939,0.0,0.11631052629980886,0.0,0.0,0.2182178902359924,0.05542739954736933,0.0643489452087787,0.12371791482634838,0.1235415527768502,0.09869275424396534,0.18401748249129446,0.0,0.0,0.0643489452087787,0.0,0.0,0.09869275424396534,0.2567762955065478,0.1091089451179962,0.0,0.0,0.0,0.2788866755113585,0.4364357804719847,0.0,0.0,0.09639253854237598,0.0,0.0,0.4146139914483855,0.0,0.6761234037828133,0.2357022603955159,0.0,0.06546536707079771,0.07509392614826384,0.16448792373994225,0.10101525445522108,0.4146139914483855,0.0,0.15275252316519466,0.0,0.0,0.0,0.17295817388759027,0.13093073414159542,0.2182178902359924,0.14847846772912465,0.0,0.2400396792595916,0.0,0.0,0.0,0.0,0.0,0.15275252316519466,0.0,0.0,0.0,0.51234753829798,0.0,0.0,0.0,0.5000000000000001,0.4146139914483855,0.0,0.0,0.2160246899469287,0.6088155473182093,0.025031308716087945,0.28867513459481287,0.0,0.28171808490950556,0.08559209850218259,0.5122507136654801,0.2005738892714385,0.11664236870396086,0.0,0.16101529717988267,0.0,0.0,0.0,0.08559209850218259,0.0,0.0,0.0,0.0,0.0,0.0,0.083141099321054,0.401188709901439,0.19720265943665385,0.17295817388759027,0.044543540318737404,0.1091089451179962,0.2545875386086578,0.18898223650461363,0.0,0.0,0.06546536707079771,0.08728715609439695,0.06546536707079771,0.0,0.02182178902359924,0.15430334996209188,0.15925551431765153,0.22522130823072542,0.17295817388759027,0.14085904245475275,0.10910894511799618,0.3805097170738807,0.4885042104591971,0.0,0.3086066999241838,0.11631052629980886,0.0,0.20786985482077452,0.0,0.0,0.0,0.2357022603955159,0.0657951694959769,0.45825756949558394,0.1432670637653132,0.0,0.02182178902359924,0.0363696483726654,0.06172133998483677,0.0,0.0,0.05292561240249631,0.0,0.0,0.0,0.08728715609439695,0.0,0.0,0.11227217828476796,0.0,0.03984095364447979,0.0,0.0,0.0,0.0,0.24779731389167603,0.07610194341477616,0.13093073414159542,0.1432670637653132,0.17078251276599332,0.030860669992418384,0.0,0.0,0.18802535827258876,0.15018785229652767,0.0,0.0,0.0,0.6110100926607787,0.0,0.0,0.09869275424396534,0.21182963643408087,0.17521916101261562,0.0,0.5327136039034331,0.3742405942825599,0.0,0.336717514850737
herb019,0.21828206253269966,0.25298221281347033,0.1778001778002667,0.04850712500726659,0.0,0.22,0.0,0.0,0.1414213562373095,0.0,0.08485281374238571,0.15811388300841894,0.12344267996967354,0.21821789023599236,1.0,0.0,0.1414213562373095,0.0,0.0,0.2064741604835056,0.0,0.0,0.21566554640687682,0.33541019662496846,0.0,0.06,0.0,0.0,0.02581988897471611,0.02062842492517587,0.28,0.18,0.16,0.3048003048004572,0.2545584412271571,0.0282842712474619,0.0,0.04264014327112209,0.3234983196103152,0.1131370849898476,0.2449489742783178,0.0,0.1941450686788302,0.12,0.05163977794943222,0.0,0.16329931618554522,0.03162277660168379,0.24748737341529162,0.0,0.23570226039551584,0.18,0.06859943405700353,0.2429493573646624,0.08944271909999159,0.24,0.03922322702763681,0.10690449676496974,0.035355339059327376,0.10327955589886444,0.0,0.02156655464068768,0.3741657386773941,0.0,0.0,0.22,0.02,0.1987767469347238,0.10886621079036347,0.1649915822768611,0.206418738616856,0.0,0.08320502943378438,0.3064129385141706,0.1778001778002667,0.0,0.0,0.0,0.0,0.0834057656228299,0.08,0.0,0.02,0.0,0.0,0.0,0.15756771943166706,0.0,0.2286002286003429,0.2333333333333334,0.04,0.06,0.22936585546278224,0.0,0.04313310928137536,0.0,0.0,0.1414213562373095,0.0,0.0,0.0,0.0,0.0,0.0,0.0,0.0,0.18973665961010272,0.0,0.0,0.06172133998483677,0.2666666666666667,0.0,0.061885274775527604,0.0,0.0,0.24009801919951235,0.2160246899469287,0.0,0.03651483716701107,0.22710998958306752,0.35355339059327373,0.0,0.11338934190276817,0.0,0.2556038601690775,0.2160246899469287,0.2160246899469287,0.0,0.0,0.0,0.0,0.0,0.12121830534626528,0.0,0.0,0.0,0.0,0.030151134457776358,0.09045340337332908,0.0,0.0,0.08017837257372731,0.02062842492517587,0.0324442842261525,0.0,0.0,0.3394673699166022,0.0,0.06546536707079771,0.30000000000000004,0.0,0.0,0.0,0.0,0.24,0.20320020320030482,0.02948839123097943,0.07559289460184544,0.0,0.060302268915552716,0.08432740427115679,0.05163977794943222,0.0,0.02948839123097943,0.0,0.02,0.030151134457776358,0.15689290811054724,0.2,0.0,0.1414213562373095,0.0,0.2556038601690775,0.0,0.06,0.0,0.0,0.0,0.0,0.28,0.03162277660168379,0.05163977794943222,0.27774602993176545,0.0,0.0,0.09176629354822471,0.030151134457776358,0.030860669992418384,0.0,0.12344267996967354,0.30000000000000004,0.09045340337332908,0.0,0.0,0.3396831102433787,0.16,0.24,0.0,0.02886751345948129,0.2,0.0,0.034299717028501764,0.0,0.0,0.0,0.22000000000000003,0.0,0.0,0.1414213562373095,0.0,0.0,0.0492365963917331,0.0,0.0,0.0,0.0,0.15689290811054724,0.1979898987322333,0.06974858324629157,0.02294157338705618,0.264575131106459,0.0,0.07745966692414832,0.23533936216582085,0.040824829046386304,0.18382900600361157,0.2939873661036668,0.0,0.14757295747452437,0.0,0.0,0.0,0.03922322702763681,0.10954451150103323,0.02461829819586655,0.0,0.02773500981126146,0.0,0.0,0.0,0.3111269837220809,0.18073922282301277,0.3396831102433787,0.0,0.2,0.2666666666666667,0.0,0.18973665961010275,0.0,0.0,0.02,0.06,0.026726124191242435,0.12000000000000001,0.16162440712835371,0.31277162108561213,0.14744195615489714,0.3170375695604868,0.02581988897471611,0.0,0.20924574973887472,0.021320071635561044,0.0,0.1979898987322333,0.0,0.2592724864350674,0.19051586888313607,0.11766968108291043,0.0,0.02581988897471611,0.2160246899469287,0.3316624790355399,0.0,0.0,0.08528028654224418,0.12,0.33333333333333337,0.1131370849898476,0.0492365963917331,0.0,0.2910427500435996,0.0,0.04714045207910317,0.0,0.08,0.0,0.024253562503633294,0.10289915108550529,0.0,0.0,0.0,0.0,0.0,0.0,0.51910854761844,0.0,0.18,0.0,0.31304951684997057,0.0,0.0,0.0,0.17232808737106586,0.09176629354822471,0.05897678246195886,0.0,0.0,0.2,0.0,0.0,0.0,0.1941450686788302,0.3211820274187865,0.0,0.0,0.20579830217101058,0.22936585546278224,0.3086066999241838
herb020,0.0,0.0,0.0,0.0,0.0,0.0,0.0,0.0,0.057353933467640436,0.0,0.0,0.0,0.0,0.0,0.0,0.9999999999999998,0.0,0.0,0.0,0.0,0.03877833671647406,0.0,0.0,0.0,0.04188539082916955,0.0324442842261525,0.0,0.0,0.0,0.0,0.0,0.0,0.0,0.0,0.0,0.0,0.15018785229652765,0.0,0.1399422857082639,0.0,0.0,0.0,0.0,0.0,0.0,0.0324442842261525,0.0,0.0,0.0,0.0,0.0,0.064888568452305,0.0,0.0,0.0,0.0,0.0,0.0,0.0,0.0,0.0,0.0,0.0,0.0,0.0,0.0,0.0,0.0,0.0,0.0,0.0,0.0,0.0,0.0,0.0,0.0,0.0,0.0,0.0,0.0,0.0,0.16222142113076252,0.0,0.064888568452305,0.057353933467640436,0.0,0.0,0.0,0.0,0.0,0.0,0.0,0.0,0.0,0.0,0.0,0.0,0.0,0.0,0.0,0.0,0.0,0.0,0.0,0.0,0.0,0.0,0.0,0.4451319072597257,0.0,0.0,0.0,0.0,0.0,0.0,0.0,0.0,0.0,0.0,0.0,0.0,0.0,0.0,0.0,0.0,0.0,0.0,0.0,0.0,0.0,0.0,0.0,0.0,0.0,0.0,0.0,0.0,0.04891159880445184,0.0,0.0,0.0,0.0,0.0,0.0,0.0,0.0,0.0,0.0,0.0,0.0,0.0,0.0,0.0,0.0,0.0,0.0,0.0,0.0,0.0,0.0,0.0,0.0,0.0,0.0,0.0,0.0,0.0,0.0,0.0,0.0,0.0,0.0,0.0,0.0,0.0,0.10495671428119792,0.10748615458500278,0.3746343246326776,0.1538967528127731,0.0324442842261525,0.0512989176042577,0.0,0.0,0.0,0.0,0.0,0.0,0.0,0.22710998958306752,0.0,0.0,0.0,0.19466570535691502,0.3504383220252312,0.0,0.0,0.0,0.0,0.0,0.0324442842261525,0.38177085778546666,0.0,0.2931977358041868,0.0,0.0,0.0,0.0,0.0,0.0,0.0,0.0,0.0,0.0,0.0,0.0,0.0,0.0,0.0,0.0,0.0,0.0,0.0,0.0,0.0,0.0,0.0,0.0,0.3149448894660932,0.0,0.41502867831964474,0.0,0.0,0.0,0.0,0.0,0.0,0.0,0.0,0.0,0.0,0.0,0.0,0.0,0.0,0.0,0.0,0.0,0.0,0.32118202741878643,0.0,0.0,0.0,0.04335549847620599,0.0,0.0,0.0,0.0,0.0,0.0,0.0324442842261525,0.0,0.0,0.0,0.0,0.0,0.0,0.0,0.0,0.0,0.0,0.0,0.0,0.0,0.0,0.0,0.0,0.0,0.0,0.0,0.0,0.0,0.0,0.0,0.0,0.0,0.0,0.0,0.0,0.0,0.0,0.0,0.0,0.09567297464698797,0.19466570535691502,0.0,0.26401000024165,0.0,0.0,0.0,0.0,0.0,0.0,0.0,0.0,0.0,0.12565617248750865,0.0,0.0,0.0,0.0,0.0,0.0,0.0,0.0,0.0,0.0,0.0,0.0
herb022,0.0,0.170367083999984,0.282236903184932,0.0,0.0,0.24243661069253056,0.33701018549690775,0.0,0.0,0.0,0.0,0.0,0.0,0.15430334996209188,0.1414213562373095,0.0,1.0,0.0,0.0861460984507896,0.18539590986372861,0.024147264420814756,0.32324881425670743,0.0871420401900598,0.3614031611621005,0.0,0.060609152673132646,0.0,0.0,0.07824607964359515,0.06251356778481196,0.3030457633656632,0.020203050891044214,0.08081220356417686,0.17960530202677488,0.0,0.0,0.0,0.0,0.1742840803801196,0.0,0.0,0.0,0.3361990888083155,0.10101525445522107,0.0,0.060609152673132646,0.0,0.0,0.24999999999999997,0.0,0.023809523809523808,0.08081220356417686,0.0692958928675237,0.2454159115392381,0.04517539514526256,0.22223355980148635,0.0,0.0,0.0,0.07824607964359515,0.0,0.0,0.18898223650461357,0.0,0.0,0.12121830534626528,0.0,0.2231053741265801,0.0,0.4285714285714285,0.2383021874937997,0.0,0.0,0.0,0.5901317066594032,0.0,0.0,0.0,0.36140316116210053,0.33701018549690775,0.0,0.0,0.06060915267313264,0.0,0.0,0.0,0.02652790545386455,0.0,0.0,0.033671751485073696,0.34345186514775167,0.16162440712835371,0.35807332209046444,0.0,0.0435710200950299,0.0,0.02040816326530612,0.047619047619047616,0.0,0.0,0.0,0.4040610178208842,0.4482654517444207,0.0,0.0,0.3030457633656632,0.031943828249996996,0.0,0.0,0.062347968638854966,0.0,0.32324881425670743,0.0416757118565413,0.0,0.4673787893439828,0.24253562503633297,0.24939187455541986,0.0,0.0,0.4916051440083466,0.19047619047619047,0.09137173558097589,0.0,0.0,0.2581988897471611,0.2182178902359924,0.0,0.0,0.0,0.0,0.0,0.0,0.04081632653061224,0.0,0.0,0.0,0.0,0.0,0.0,0.0,0.0,0.0,0.3125678389240597,0.0,0.0,0.0,0.0,0.0,0.0,0.16162440712835371,0.0,0.34458439380315836,0.0,0.0,0.26263966158357477,0.025657900289539272,0.029787773436724965,0.0,0.0,0.0,0.0,0.0,0.0,0.0893633203101749,0.0,0.18182745801939793,0.030457245193658628,0.1188643277625491,0.18182745801939793,0.0,0.07142857142857142,0.0,0.2581988897471611,0.0,0.18182745801939793,0.0,0.35696859860252816,0.0,0.0,0.16162440712835371,0.0,0.0,0.2182178902359924,0.0,0.3030457633656632,0.0,0.0,0.0,0.0,0.0,0.16162440712835371,0.0,0.04040610178208843,0.0,0.366007208697342,0.22223355980148635,0.20203050891044214,0.0,0.0,0.16162440712835371,0.0,0.0,0.0,0.36600720869734193,0.0,0.282842712474619,0.0,0.29180695999251005,0.0,0.0,0.02258769757263128,0.17407765595569785,0.0,0.0,0.32324881425670743,0.0,0.0,0.19999999999999998,0.0,0.0,0.2672612419124244,0.0,0.0521640530957301,0.07924288517503274,0.04123930494211613,0.39791858180796824,0.08099238707340582,0.0,0.5111012519999519,0.0,0.0,0.0,0.03962144258751637,0.0,0.0,0.0,0.0,0.02106313659355673,0.0,0.0,0.19999999999999998,0.39123039821797573,0.16012815380508713,0.0,0.5454823740581938,0.26937401188058957,0.0,0.0,0.0,0.32324881425670743,0.32324881425670743,0.32324881425670743,0.05399492471560388,0.020203050891044214,0.4693877551020408,0.18956822934201056,0.0,0.34313175815375807,0.07824607964359515,0.0,0.1878845569204083,0.0,0.031173984319427483,0.34285714285714286,0.34458439380315836,0.0,0.329914439536929,0.0,0.0,0.18257418583505533,0.24939187455541986,0.030457245193658628,0.0,0.0,0.0,0.060609152673132646,0.033671751485073696,0.05714285714285714,0.0,0.0,0.07349939363250378,0.0,0.0,0.0,0.0,0.3162277660168379,0.04899959575500252,0.0,0.0,0.0,0.0,0.0,0.0,0.08081220356417686,0.22941573387056174,0.0,0.26263966158357477,0.07958371636159366,0.2032892781536815,0.0,0.0,0.32324881425670743,0.4973647313019939,0.023174488732966077,0.2085144140570748,0.0,0.08425254637422692,0.16162440712835371,0.0,0.19894589252079753,0.0,0.3361990888083155,0.2780938647955929,0.0,0.0,0.0,0.33701018549690775,0.3429138275137023
herb023,0.0,0.0,0.0,0.042874646285627205,0.0,0.0,0.036860489038724284,0.0,0.0625,0.15075567228888181,0.0,0.0,0.0,0.03857583749052298,0.0,0.0,0.0,1.0,0.0,0.0,0.0,0.0,0.038124642583151166,0.0,0.0,0.0,0.0,0.0,0.0,0.0,0.0,0.0,0.035355339059327376,0.0,0.0,0.0,0.0545544725589981,0.0,0.0,0.0,0.0,0.042257712736425826,0.0,0.035355339059327376,0.0,0.035355339059327376,0.0,0.0,0.0625,0.0,0.041666666666666664,0.07071067811865475,0.0,0.0,0.07905694150420949,0.0,0.0,0.0,0.0625,0.0,0.0,0.0,0.0,0.0,0.0,0.0,0.0,0.0,0.0,0.0,0.0,0.0,0.0,0.0,0.0,0.0,0.0,0.0,0.0,0.0,0.07071067811865475,0.0,0.0,0.0,0.125,0.0,0.0,0.0,0.0,0.0,0.0,0.0,0.0,0.0,0.038124642583151166,0.0,0.07142857142857142,0.0,0.04564354645876384,0.0,0.0,0.0,0.0,0.0,0.037267799624996496,0.0,0.0,0.0,0.0,0.0,0.0,0.21213203435596423,0.0,0.08333333333333333,0.0,0.0,0.0,0.0,0.0,0.0,0.24999999999999997,0.0,0.0668153104781061,0.0,0.0,0.0,0.0,0.11058146711617285,0.0,0.0,0.0,0.0,0.0,0.0,0.09284766908852593,0.0,0.0,0.0,0.0,0.0,0.0,0.14173667737846019,0.0,0.0,0.0,0.0,0.1636634176769943,0.0,0.07715167498104596,0.0,0.0,0.0,0.0,0.1889822365046136,0.035355339059327376,0.0,0.05212860351426869,0.0,0.0,0.0,0.0,0.0,0.0,0.0,0.20801257358446093,0.0,0.1599005372667078,0.0,0.0,0.0,0.0625,0.0,0.0,0.035355339059327376,0.0,0.0,0.03904344047215152,0.0,0.0,0.0,0.0,0.04564354645876384,0.0,0.0,0.0,0.0,0.0,0.0,0.035355339059327376,0.0,0.0,0.0,0.0,0.0,0.0,0.0,0.035355339059327376,0.0,0.0,0.0,0.0,0.0,0.0,0.0,0.0,0.0,0.0,0.0,0.0625,0.11858541225631422,0.0,0.0,0.0,0.03857583749052298,0.035355339059327376,0.0,0.0,0.0,0.04109974682633932,0.0,0.0,0.0,0.0,0.0,0.036084391824351615,0.0,0.0,0.0,0.0,0.0,0.08838834764831843,0.0,0.0,0.0,0.0,0.11180339887498948,0.04902903378454601,0.0,0.0,0.0,0.0,0.0,0.0,0.14433756729740646,0.0,0.0,0.0,0.0,0.0,0.0,0.035355339059327376,0.0,0.0,0.0,0.0,0.0,0.0,0.0,0.0,0.1414213562373095,0.0,0.037688918072220454,0.0,0.0,0.0,0.041666666666666664,0.0,0.0,0.0,0.0,0.0,0.0,0.07071067811865475,0.09284766908852593,0.0,0.0,0.0,0.0,0.0,0.0,0.0,0.07905694150420949,0.0,0.05892556509887897,0.035355339059327376,0.0,0.042874646285627205,0.0,0.0,0.0,0.0,0.0,0.0,0.0,0.0,0.12329924047901797,0.0,0.0,0.0,0.15000000000000002,0.0,0.0,0.0,0.3244428422615251,0.0,0.04564354645876384,0.0,0.10606601717798213,0.0,0.0,0.0,0.0,0.0,0.0,0.04109974682633932,0.0,0.0,0.0
herb024,0.0,0.0,0.0,0.0,0.0,0.08528028654224418,0.0,0.06286946134619315,0.0,0.0,0.06030226891555273,0.0,0.0,0.0,0.0,0.0,0.0861460984507896,0.0,1.0,0.0,0.0,0.0,0.09196009797434057,0.2383656473113981,0.0,0.21320071635561044,0.0,0.0,0.11009637651263605,0.0879598994267085,0.0,0.0,0.0,0.0,0.0,0.0,0.0,0.18181818181818182,0.0,0.0,0.0,0.0,0.0,0.0,0.0,0.2984810028978546,0.0,0.13483997249264842,0.0,0.0,0.0,0.0,0.0,0.0,0.09534625892455924,0.0,0.0,0.0,0.0,0.11009637651263605,0.0,0.0,0.0,0.0,0.0,0.0,0.0,0.047088160934801115,0.0,0.10050378152592121,0.0,0.0,0.0,0.050251890762960605,0.10830607221477648,0.0,0.0,0.0,0.0,0.0,0.04264014327112209,0.0,0.0,0.0,0.0,0.0,0.0,0.13834289277321493,0.0,0.07106690545187015,0.0,0.0,0.0,0.0,0.0,0.0,0.215365246126974,0.0,0.0,0.06428243465332249,0.0,0.0,0.0,0.05415303610738824,0.0,0.0,0.0,0.0,0.0,0.0,0.0,0.0,0.13193984914006274,0.0,0.1160517706371319,0.0,0.0,0.0,0.0,0.0,0.0,0.12856486930664499,0.0,0.0,0.0,0.0,0.0,0.0,0.09534625892455924,0.0,0.0,0.0,0.0430730492253948,0.0,0.0,0.0,0.0,0.0,0.0,0.0,0.0,0.0,0.21989974856677125,0.0,0.0,0.0,0.0,0.0,0.0,0.0,0.0,0.0,0.0,0.0,0.0,0.0,0.0,0.08058229640253803,0.0,0.0,0.0,0.0,0.0,0.1257389226923863,0.0,0.04264014327112209,0.0,0.16724840200141816,0.04264014327112209,0.0,0.30151134457776363,0.0,0.0,0.0,0.0,0.0,0.0,0.0,0.0,0.0,0.0,0.0,0.0,0.0,0.0,0.24455799402225925,0.12856486930664499,0.0,0.0,0.3289758474798845,0.0,0.0,0.0,0.0,0.0,0.0,0.0,0.0,0.061545745489666376,0.0,0.0,0.0,0.0,0.0,0.0,0.0,0.046524210519923545,0.11197850219117086,0.0,0.0,0.04767312946227962,0.0,0.044455422447438706,0.0,0.0,0.0,0.08362420100070908,0.06030226891555273,0.0,0.0,0.0,0.0,0.2201927530252721,0.0,0.0,0.0,0.0,0.0,0.0,0.0,0.0,0.0,0.0,0.0,0.0,0.0,0.059131239598908265,0.044455422447438706,0.0,0.0,0.0,0.0,0.0,0.0,0.04264014327112209,0.07106690545187015,0.0,0.0,0.0,0.0,0.0,0.0,0.11396057645963795,0.0,0.215365246126974,0.0,0.0,0.0,0.0,0.0,0.0,0.2272727272727273,0.0,0.0,0.0,0.0,0.1160517706371319,0.0,0.4767312946227962,0.0,0.0,0.0,0.0,0.0,0.0,0.0,0.0,0.0,0.0,0.0,0.0,0.0,0.0,0.0,0.0,0.0,0.0,0.36563621206356534,0.0,0.0,0.0,0.0,0.0,0.12792042981336627,0.0,0.0,0.0,0.39192475766909807,0.04767312946227962,0.0,0.0,0.0,0.0,0.0,0.0,0.0,0.08891084489487741,0.0,0.0,0.0,0.0,0.0,0.0,0.0,0.0,0.0,0.22227711223719354,0.0
herb025,0.0,0.16927779169233606,0.20395079136182276,0.0,0.0,0.04588314677411236,0.0,0.0,0.0,0.0,0.0,0.03627381250550058,0.0,0.17521916101261562,0.2064741604835056,0.0,0.18539590986372861,0.0,0.0,1.0000000000000002,0.0,0.0,0.17316974359835272,0.30779350562554625,0.0,0.16059101370939322,0.02666903735313325,0.0978231976089037,0.029617443887954616,0.047324852428030105,0.20647416048350561,0.18353258709644943,0.18353258709644943,0.32049410071143575,0.03244428422615251,0.06488856845230502,0.0,0.0,0.2721238827974114,0.03244428422615251,0.0,0.0,0.22269966704152225,0.11470786693528087,0.0,0.02294157338705618,0.0,0.03627381250550058,0.2838874869788345,0.0,0.13518451760896877,0.25235730725761796,0.0,0.177343107178349,0.0,0.2982404540317303,0.0,0.0,0.08111071056538127,0.0,0.043355498476206004,0.024738534799764674,0.21459876881973802,0.03382550457458692,0.0,0.18353258709644943,0.02294157338705618,0.228012566372163,0.031219527052723135,0.21629522817435004,0.3044295411712823,0.0,0.0,0.0,0.26222244603662925,0.0,0.0,0.0,0.0,0.023918243661746996,0.04588314677411236,0.0,0.09176629354822471,0.02294157338705618,0.0,0.08111071056538127,0.0602475233128778,0.0,0.0,0.0,0.02294157338705618,0.06882472016116853,0.19134594929397597,0.0,0.07421560439929402,0.028676966733820218,0.0,0.05407380704358751,0.0,0.0,0.0,0.08603090020146065,0.0,0.0,0.04836508334066745,0.0,0.07254762501100116,0.0,0.0,0.07079923254047887,0.0,0.04588314677411236,0.023662426214015053,0.0,0.0,0.39344473768231686,0.2831969301619155,0.027036903521793755,0.0837707816583391,0.33494531740415406,0.3785166493051126,0.0,0.0,0.0,0.460739299120865,0.2831969301619155,0.0,0.07175473098524099,0.0,0.0,0.0,0.0,0.046348977465932154,0.0,0.0,0.0,0.04891159880445185,0.0,0.06917144638660747,0.0,0.09365858115816941,0.0,0.023662426214015053,0.0,0.0,0.0,0.07079923254047887,0.0,0.0,0.2064741604835056,0.0,0.0,0.0,0.0,0.16059101370939324,0.02913582733740325,0.03382550457458692,0.0,0.0,0.0,0.0,0.0,0.0,0.03382550457458692,0.0,0.04588314677411236,0.03458572319330373,0.0,0.2982404540317303,0.0,0.040555355282690636,0.15389675281277312,0.460739299120865,0.0,0.04588314677411236,0.0,0.0,0.0,0.0,0.18353258709644943,0.0,0.0,0.3893957789726338,0.0,0.0,0.0,0.03458572319330373,0.0,0.0,0.14159846508095775,0.2752988806446741,0.0,0.02294157338705618,0.0,0.25976216673306557,0.16059101370939324,0.16059101370939324,0.0,0.0331133089266261,0.13764944032233709,0.0,0.07868894753646337,0.029617443887954616,0.0,0.0,0.18353258709644943,0.0,0.0,0.0,0.0,0.0,0.0,0.0,0.025031308716087945,0.0,0.0,0.0,0.2595542738092201,0.0,0.0,0.43355498476206006,0.0,0.0,0.08998425413316952,0.046829290579084706,0.2108663315950723,0.12262786789699316,0.0,0.1934603333626698,0.024455799402225926,0.0,0.0,0.04499212706658476,0.04188539082916955,0.08471737420873576,0.0,0.0,0.0,0.0,0.02913582733740325,0.2595542738092201,0.29617443887954614,0.2597621667330655,0.0,0.22941573387056174,0.26765168951565543,0.0,0.0,0.0,0.02294157338705618,0.0,0.0,0.09197090092274487,0.06882472016116853,0.20857039859669468,0.26310068027921696,0.0,0.28573838340637214,0.05923488777590923,0.04588314677411236,0.213352298825066,0.024455799402225926,0.10619884881071831,0.2595542738092201,0.0,0.027036903521793755,0.21853668936906195,0.0,0.0,0.0,0.2831969301619155,0.1037571695799112,0.0,0.0,0.0,0.04588314677411236,0.19117977822546817,0.09733285267845754,0.08471737420873576,0.0,0.11128297681493143,0.0,0.10814761408717502,0.0,0.13764944032233706,0.0,0.30602818624106143,0.0,0.0,0.0,0.0,0.04499212706658476,0.0,0.04588314677411236,0.29772917102591473,0.02666903735313325,0.22941573387056174,0.0,0.23084512921915967,0.03244428422615251,0.0,0.02294157338705618,0.19767387315371682,0.10526315789473685,0.0,0.029617443887954616,0.0,0.18353258709644943,0.0,0.0,0.0,0.22269966704152225,0.2894736842105263,0.0,0.0,0.0,0.0,0.24779731389167606
herb026,0.0,0.0,0.060717674071891624,0.0,0.0,0.0,0.07476671794188401,0.0,0.0,0.0,0.0,0.0,0.0,0.0,0.0,0.03877833671647406,0.024147264420814756,0.0,0.0,0.0,1.0,0.0,0.02577696311132335,0.0,0.0,0.023904572186687872,0.055577001437672836,0.0,0.0,0.04931136727215379,0.07171371656006362,0.0,0.14342743312012723,0.0,0.0,0.0,0.11065666703449761,0.0,0.02577696311132335,0.0,0.03253000243161777,0.028571428571428567,0.0,0.11952286093343936,0.0,0.0,0.0,0.0,0.0,0.0,0.0,0.14342743312012723,0.0,0.0,0.0,0.023904572186687872,0.0,0.0,0.042257712736425826,0.0,0.0,0.02577696311132335,0.0,0.0,0.030358837035945812,0.11952286093343936,0.0,0.0,0.03253000243161777,0.0563436169819011,0.0,0.0,0.0,0.02817180849095055,0.060717674071891624,0.0,0.0,0.0,0.02672612419124244,0.02492223931396134,0.09561828874675149,0.023904572186687872,0.047809144373375745,0.047809144373375745,0.0,0.0,0.03138824102871722,0.0,0.0,0.0,0.0,0.023904572186687872,0.07476671794188401,0.0,0.0,0.0,0.0,0.0,0.030860669992418377,0.0,0.0,0.0,0.0,0.0,0.1511857892036909,0.023904572186687872,0.0,0.03688555567816587,0.0,0.0,0.0,0.047809144373375745,0.0,0.02817180849095055,0.0,0.0,0.0,0.0,0.04364357804719847,0.0,0.0,0.0,0.0,0.0,0.0,0.03688555567816587,0.03688555567816587,0.07476671794188401,0.0,0.0,0.0,0.0,0.024147264420814756,0.0,0.03138824102871722,0.0,0.0,0.0,0.0,0.0,0.0,0.0,0.0,0.0,0.035245368842512066,0.0,0.0,0.0,0.026082026547865053,0.0,0.0,0.025482359571881275,0.0,0.0,0.11952286093343936,0.030358837035945812,0.035245368842512066,0.0,0.027066598098038335,0.0,0.05039526306789696,0.0,0.0,0.0,0.0,0.0,0.0,0.0,0.047809144373375745,0.0,0.0,0.0,0.0,0.047809144373375745,0.14342743312012723,0.07733088933397005,0.0,0.0,0.03779644730092272,0.023904572186687872,0.0,0.0,0.0,0.025482359571881275,0.047809144373375745,0.02742042485535409,0.036037498507822355,0.0,0.023904572186687872,0.0,0.0,0.0,0.14342743312012723,0.0,0.0,0.047809144373375745,0.11952286093343936,0.03253000243161777,0.0,0.047809144373375745,0.0,0.0,0.0,0.0,0.0,0.0,0.0,0.0,0.0,0.10690449676496976,0.05345224838248488,0.0,0.0,0.10432810619146021,0.0,0.02742042485535409,0.0,0.0,0.0,0.0,0.0,0.0,0.0,0.0,0.024397501823713332,0.0,0.0,0.033149677206589796,0.10079052613579392,0.025482359571881275,0.0,0.13801311186847084,0.0,0.0,0.0,0.0,0.033149677206589796,0.02492223931396134,0.0,0.060717674071891624,0.0,0.030860669992418377,0.0,0.0,0.0,0.0,0.0,0.03779644730092272,0.0,0.0,0.0,0.0,0.0,0.023904572186687872,0.0,0.0,0.0,0.0,0.0,0.1673320053068151,0.0,0.025482359571881275,0.07377111135633174,0.0,0.025482359571881275,0.02817180849095055,0.0,0.0,0.0,0.0,0.0,0.0,0.0,0.03138824102871722,0.0,0.047809144373375745,0.0,0.0,0.0,0.0,0.0,0.0,0.0,0.07968190728895957,0.07171371656006362,0.0,0.0,0.0,0.0,0.0,0.0,0.0,0.0,0.07171371656006362,0.0,0.027788500718836418,0.1673320053068151,0.0,0.0,0.06761234037828133,0.0,0.047809144373375745,0.0,0.02742042485535409,0.0,0.0,0.02492223931396134,0.0,0.0,0.0,0.0,0.0,0.0,0.0,0.0,0.040996003084539386,0.0,0.0
herb028,0.0,0.08432740427115677,0.0,0.0,0.0,0.0,0.33362306249131957,0.0,0.0,0.0,0.08485281374238571,0.0,0.0,0.0,0.0,0.0,0.32324881425670743,0.0,0.0,0.0,0.0,1.0000000000000002,0.0,0.0,0.0,0.04,0.1162476387438193,0.0,0.0,0.0,0.0,0.0,0.0,0.0,0.0,0.0,0.030860669992418384,0.0,0.0,0.0,0.02721655269759087,0.0,0.0,0.06,0.0,0.0,0.0,0.0,0.0,0.0,0.0,0.0,0.0,0.0,0.0,0.02,0.0,0.0,0.0,0.0,0.0,0.06469966392206304,0.0,0.0,0.0,0.0,0.0,0.0,0.0,0.0,0.0,0.0,0.0,0.0,0.0,0.0,0.0,0.0,0.35777087639996635,0.33362306249131957,0.0,0.0,0.04,0.0,0.0,0.0,0.0,0.0,0.0,0.0,0.42000000000000004,0.0,0.0,0.0,0.0,0.0,0.0,0.0,0.0,0.0,0.0,0.42499999999999993,0.44376015698018334,0.0,0.0,0.31999999999999995,0.0,0.0,0.0,0.0,0.0,0.32,0.061885274775527604,0.0,0.4082482904638631,0.13719886811400706,0.0,0.0,0.0,0.0,0.0,0.09045340337332908,0.0,0.0,0.0,0.0,0.0,0.020851441405707476,0.0,0.0,0.0,0.0,0.08081220356417686,0.0,0.2363515791475006,0.0,0.0,0.0,0.09045340337332908,0.0,0.0,0.08017837257372731,0.309426373877638,0.09733285267845751,0.02948839123097943,0.0,0.0,0.0,0.0,0.0,0.0,0.3411211461689767,0.0,0.0,0.0,0.0,0.0,0.0,0.0,0.0,0.0,0.0,0.0,0.0,0.0,0.18,0.0,0.0,0.0,0.0,0.0,0.0,0.0,0.0,0.16,0.0,0.353380883439509,0.0,0.0,0.0,0.0,0.0,0.0,0.0,0.31999999999999995,0.06882472016116853,0.0,0.12344267996967352,0.0,0.0,0.0,0.0,0.0,0.0,0.0,0.0,0.06,0.0,0.0,0.0,0.0,0.0,0.0,0.3623286509262706,0.0,0.0,0.0,0.0,0.0,0.0,0.0,0.0,0.0,0.0,0.32,0.02294157338705618,0.0,0.0,0.0,0.0,0.0,0.0,0.0,0.0,0.0,0.0,0.0,0.0,0.0,0.0,0.0,0.0,0.0,0.0,0.0,0.0,0.08320502943378438,0.0,0.0,0.07620007620011429,0.0,0.0,0.0,0.0,0.3,0.0,0.0,0.0,0.0,0.6,0.32,0.32,0.0,0.0,0.32324881425670743,0.0,0.0,0.0,0.0,0.0,0.0,0.0,0.0,0.0,0.3837612894400988,0.0,0.0,0.15689290811054724,0.0,0.0,0.0,0.0,0.0,0.2363515791475006,0.0,0.0,0.0,0.0,0.0,0.0,0.0,0.0,0.0,0.0,0.0,0.0,0.0,0.0,0.0,0.0,0.0,0.0,0.0,0.1,0.0,0.0,0.0,0.0,0.0,0.0,0.0,0.32,0.0,0.0,0.0,0.10327955589886444,0.0,0.0,0.0,0.0,0.0,0.0,0.0,0.0,0.0,0.0,0.33362306249131957,0.0
herb029,0.13076644524148534,0.022733144649015782,0.05477910356647767,0.07845986714489121,0.0,0.25879865568825217,0.0,0.0,0.0,0.045980048987170286,0.0,0.034099716973523674,0.0,0.09412416106700235,0.21566554640687682,0.0,0.0871420401900598,0.038124642583151166,0.09196009797434057,0.17316974359835272,0.02577696311132335,0.0,1.0,0.2170092699766855,0.0,0.06469966392206304,0.050141221056390024,0.0,0.1113692092779409,0.11122101332503226,0.19409899176618914,0.3450648742510029,0.04313310928137536,0.10955820713295535,0.0,0.0914991421995628,0.0,0.0,0.20930232558139533,0.06099942813304187,0.1467418177209373,0.0,0.08972229068318688,0.15096588248481377,0.0,0.1078327732034384,0.0,0.0,0.07624928516630233,0.0,0.35582999744274424,0.04313310928137536,0.0,0.047632550822954096,0.12056070554260304,0.21566554640687682,0.0,0.17291712531127046,0.038124642583151166,0.08352690695845567,0.0,0.06976744186046512,0.14409760442605873,0.0,0.05477910356647767,0.02156655464068768,0.04313310928137536,0.2857953049377246,0.0,0.10166571355506977,0.06359630007488934,0.13273296830047474,0.0,0.1270821419438372,0.10955820713295535,0.0,0.0,0.039374961547907886,0.0,0.0,0.10783277320343841,0.0,0.02156655464068768,0.0,0.0,0.0,0.02831827358942995,0.0,0.16433731069943303,0.03594425773447948,0.04313310928137536,0.02156655464068768,0.022484687520664393,0.0,0.046511627906976744,0.0,0.02178551004751495,0.0,0.0,0.0,0.0,0.053916386601719206,0.05981486045545792,0.0,0.022733144649015782,0.08626621856275073,0.034099716973523674,0.0,0.0,0.0,0.0,0.02156655464068768,0.08897681066002582,0.050832856777534886,0.05869672708837492,0.036986336072765455,0.03327791628198609,0.0,0.039374961547907886,0.03498557142706597,0.2541642838876744,0.22758963106682423,0.0,0.0,0.039374961547907886,0.09983374884595828,0.0,0.06745406256199318,0.0,0.0,0.0,0.0,0.0,0.0,0.0,0.0,0.0,0.16256402219058874,0.09753841331435326,0.0,0.0,0.0,0.04448840533001291,0.0,0.09539445011233401,0.0,0.03327791628198609,0.0,0.0,0.19409899176618914,0.0,0.06897007348075543,0.0,0.0,0.15096588248481377,0.0,0.0,0.12227087189088336,0.024419314525275217,0.130051217752471,0.0,0.027842302319485226,0.0,0.06359630007488934,0.08459098688756271,0.08626621856275073,0.0,0.12688648033134406,0.19409899176618914,0.0,0.07624928516630233,0.0,0.039374961547907886,0.04313310928137536,0.04313310928137536,0.023255813953488372,0.0,0.0,0.0,0.04313310928137536,0.0,0.08352690695845567,0.09983374884595828,0.0,0.12939932784412608,0.12369267399882336,0.0,0.19966749769191655,0.0,0.0,0.19409899176618914,0.0,0.0,0.0,0.21977383072747697,0.06469966392206304,0.15096588248481377,0.02934836354418746,0.03112864031823452,0.04313310928137536,0.0,0.07397267214553091,0.0,0.07325794357582566,0.0,0.02156655464068768,0.023531040266750586,0.1132730943577198,0.0,0.0,0.024112141108520606,0.0,0.022484687520664393,0.0,0.0,0.0,0.0,0.030499714066520935,0.07521183158458504,0.0,0.04075695729696112,0.0,0.13921151159742612,0.0,0.0,0.02831827358942995,0.25937568796690574,0.0,0.022733144649015782,0.0,0.0,0.0,0.0,0.0,0.053093187320189895,0.0,0.0,0.04496937504132879,0.0,0.13694775891619418,0.030499714066520935,0.05568460463897045,0.24419314525275218,0.0,0.17253243712550145,0.10783277320343843,0.31128640318234524,0.0,0.0,0.15096588248481377,0.02156655464068768,0.1078327732034384,0.08645856265563523,0.08626621856275073,0.0871420401900598,0.20236218768597955,0.0,0.31745108882857787,0.16705381391691135,0.02156655464068768,0.10028244211278005,0.06897007348075543,0.03327791628198609,0.1829982843991256,0.0,0.07624928516630233,0.11739345417674985,0.0,0.0,0.0,0.03327791628198609,0.29261523994305977,0.0,0.0,0.0,0.0,0.39538683507927425,0.0,0.053093187320189895,0.04822428221704121,0.0,0.0,0.050832856777534886,0.0,0.02156655464068768,0.0,0.05230657809659414,0.1849316803638273,0.0,0.0,0.0,0.042295493443781355,0.0,0.06469966392206304,0.03498557142706597,0.0,0.06469966392206304,0.14159136794714974,0.2170092699766855,0.030499714066520935,0.0,0.0,0.026546593660094948,0.22264681319788204,0.0,0.027842302319485226,0.06745406256199318,0.06469966392206304,0.0,0.0,0.130051217752471,0.05981486045545792,0.34633948719670543,0.0,0.0,0.14794534429106182,0.0,0.16638958140993046
herb031,0.0,0.1649915822768611,0.1987866419864727,0.0,0.0,0.3801315561749643,0.0,0.0,0.0,0.0,0.0,0.0,0.0,0.17078251276599332,0.33541019662496846,0.0,0.3614031611621005,0.0,0.2383656473113981,0.30779350562554625,0.0,0.0,0.2170092699766855,0.9999999999999999,0.0,0.24596747752497689,0.0,0.04767312946227962,0.0,0.0,0.5813776741499453,0.22360679774997896,0.1118033988749895,0.1987866419864727,0.0632455532033676,0.0,0.0,0.0,0.4822428221704122,0.0,0.0,0.0,0.2170607855311148,0.11180339887498948,0.0,0.1341640786499874,0.0,0.0,0.2766992952647332,0.0,0.23717082451262844,0.08944271909999159,0.0,0.1728526794136782,0.0,0.24596747752497689,0.0,0.0,0.0,0.0,0.0,0.0,0.2091650066335189,0.0,0.0,0.15652475842498528,0.0,0.44447831849231534,0.0,0.39528470752104744,0.2637521893583148,0.0,0.0,0.0,0.4543694673976519,0.0,0.0,0.0,0.0,0.0,0.0,0.0,0.11180339887498948,0.022360679774997897,0.0,0.0,0.11744404390294069,0.0,0.0,0.0,0.044721359549995794,0.044721359549995794,0.3496893030901177,0.0,0.09644856443408242,0.02795084971874737,0.1129384878631564,0.05270462766947299,0.0,0.0,0.0,0.0,0.0,0.0,0.023570226039551584,0.0,0.035355339059327376,0.0,0.0,0.10350983390135313,0.0,0.0,0.0,0.0,0.0,0.26843774609657967,0.2760262237369417,0.0,0.0,0.5441071875825088,0.5270462766947299,0.0,0.0,0.0,0.2857738033247041,0.24152294576982397,0.0,0.0,0.0,0.0,0.0,0.0,0.04517539514526256,0.0,0.0,0.0,0.0,0.0,0.0,0.0,0.0,0.0,0.11531640100361064,0.0,0.0,0.0,0.03450327796711771,0.0,0.0,0.42485291572496003,0.0,0.0,0.0,0.0,0.1341640786499874,0.028398091712353243,0.03296902366978935,0.0,0.0,0.0,0.0,0.0,0.0,0.03296902366978935,0.0,0.17888543819998318,0.0337099931231621,0.0,0.35777087639996635,0.0,0.03952847075210474,0.0,0.2857738033247041,0.0,0.022360679774997897,0.0,0.0,0.0,0.0,0.15652475842498528,0.0,0.0,0.24152294576982397,0.0,0.022360679774997897,0.15389675281277312,0.0,0.03450327796711771,0.0,0.2760262237369417,0.4695742752749558,0.0,0.044721359549995794,0.0,0.7089175569585667,0.1341640786499874,0.1341640786499874,0.0,0.0,0.1341640786499874,0.0,0.0,0.0,0.0,0.0,0.15652475842498528,0.0,0.23488808780588138,0.0,0.0,0.0,0.0,0.0,0.0,0.0,0.0,0.0,0.2213594362117866,0.0,0.0,0.29580398915498085,0.0,0.0,0.08770580193070293,0.04564354645876385,0.2055270768301462,0.3286878675669582,0.0,0.37712361663282534,0.0,0.0,0.0,0.043852900965351466,0.0,0.0,0.0,0.0,0.0,0.0,0.0,0.2213594362117866,0.46188021535170065,0.45573271518765,0.0,0.38013155617496425,0.298142396999972,0.0,0.0,0.0,0.0,0.044721359549995794,0.0,0.05976143046671968,0.1341640786499874,0.2936400684442066,0.4662524041201569,0.0,0.4810511993647416,0.028867513459481287,0.0,0.20795009796401454,0.14301938838683886,0.03450327796711771,0.2529822128134704,0.0,0.0,0.21300321680756462,0.0,0.3,0.0,0.2760262237369417,0.3033899381084589,0.0,0.0,0.0,0.0670820393249937,0.3354101966249685,0.1264911064067352,0.0,0.0,0.1355815361366601,0.0,0.05270462766947299,0.0,0.0,0.35,0.16269784336399212,0.19174124721184263,0.0,0.0,0.0,0.0,0.0,0.08944271909999159,0.25391668753850405,0.0,0.15652475842498528,0.17616606585441105,0.44999999999999996,0.0,0.0,0.0,0.4128614119223853,0.15389675281277312,0.0,0.0,0.0,0.17888543819998318,0.0,0.22019275302527214,0.0,0.2170607855311148,0.43604079963619047,0.0,0.0,0.0,0.13987572123604708,0.24152294576982397
herb034,0.12524485821702988,0.19051586888313607,0.0,0.0939336436627724,0.0,0.0,0.0,0.0,0.18257418583505536,0.0,0.0,0.1224744871391589,0.0,0.02817180849095055,0.0,0.04188539082916955,0.0,0.0,0.0,0.0,0.0,0.0,0.0,0.0,0.9999999999999998,0.02581988897471611,0.03001501125938321,0.0,0.23333333333333328,0.10652472825826148,0.0,0.10327955589886444,0.02581988897471611,0.0,0.0,0.0,0.03984095364447979,0.0,0.0,0.0,0.0,0.12344267996967351,0.0,0.0,0.1333333333333333,0.0,0.0,0.36742346141747667,0.0,0.0816496580927726,0.0,0.02581988897471611,0.0,0.0570265948512201,0.0,0.0,0.0,0.0,0.0,0.43333333333333324,0.0,0.0,0.0,0.26648544566940835,0.19674775073518586,0.0,0.18073922282301275,0.0,0.0,0.0,0.0,0.12712834523274563,0.10741723110591493,0.15214515486254612,0.032791291789197645,0.0,0.04188539082916955,0.18856180831641264,0.34641016151377546,0.13459547551454137,0.0,0.10327955589886444,0.02581988897471611,0.15491933384829665,0.13693063937629152,0.0,0.0,0.41885390829169544,0.0,0.0,0.0,0.0,0.053838190205816545,0.0,0.1113692092779409,0.12909944487358055,0.0,0.0,0.0,0.15569978883230456,0.13116516715679058,0.0,0.0,0.0,0.10886621079036347,0.0,0.0,0.0,0.08856148855400953,0.0,0.04303314829119352,0.0,0.13315591032282686,0.0,0.0,0.0,0.0,0.1217161238900369,0.0,0.0,0.0,0.0,0.0,0.0,0.0,0.0,0.0,0.0,0.0,0.0837707816583391,0.10767638041163309,0.0,0.0,0.19364916731037082,0.0,0.21516574145596762,0.0,0.0,0.0,0.0,0.0,0.0,0.0,0.1675415633166782,0.0,0.0,0.0,0.4281744192888376,0.0,0.0,0.1460593486680443,0.0,0.0,0.0,0.0,0.0,0.0,0.0,0.0,0.0,0.32659863237109044,0.06666666666666665,0.20254787341673333,0.11420804814403214,0.0,0.0,0.19462473604038072,0.0,0.0,0.0,0.04564354645876384,0.0,0.0,0.10327955589886444,0.02581988897471611,0.08352690695845567,0.0,0.18633899812498247,0.0408248290463863,0.20655911179772887,0.2857738033247041,0.0,0.0,0.13762047064079508,0.0,0.0,0.0,0.0,0.10327955589886444,0.0,0.0,0.0,0.0,0.15936381457791915,0.0,0.0,0.0,0.0,0.0,0.2840187787218772,0.0,0.0,0.09999999999999998,0.0,0.0,0.10327955589886444,0.0,0.0,0.0,0.0,0.0,0.0,0.10767638041163309,0.1126872339638022,0.0,0.0,0.0,0.3286335345030996,0.12006004503753284,0.2073221072156823,0.0,0.0,0.0,0.0,0.13176156917368248,0.0,0.0,0.0,0.05443310539518174,0.0,0.0,0.0,0.0,0.2357022603955158,0.0,0.0,0.0,0.0,0.25318484177091666,0.0,0.0,0.0,0.0,0.0,0.02581988897471611,0.08606629658238704,0.0,0.0,0.18257418583505536,0.0,0.0,0.0,0.34503277967117707,0.0,0.0,0.0,0.4187628431947845,0.0,0.0,0.0,0.0,0.0,0.0,0.1460593486680443,0.0,0.0,0.0,0.0,0.0,0.1333333333333333,0.0,0.15569978883230456,0.0,0.0,0.0,0.05163977794943222,0.0,0.0,0.12712834523274563,0.0,0.0,0.0,0.0,0.1721325931647741,0.05163977794943222,0.0,0.0,0.0,0.04303314829119352,0.04714045207910316,0.14085904245475275,0.20254787341673333,0.19034674690672024,0.02581988897471611,0.0,0.12006004503753283,0.0,0.0,0.0,0.0,0.0,0.10327955589886444,0.0,0.0,0.0,0.0,0.0,0.0,0.0,0.12712834523274563,0.0,0.0,0.0,0.0,0.0,0.0,0.10767638041163309,0.0
herb035,0.024253562503633294,0.04216370213557839,0.0254000254000381,0.0,0.0,0.06,0.020851441405707476,0.0,0.0,0.0,0.0,0.0,0.0,0.02182178902359924,0.06,0.0324442842261525,0.060609152673132646,0.0,0.21320071635561044,0.16059101370939322,0.023904572186687872,0.04,0.06469966392206304,0.24596747752497689,0.02581988897471611,1.0,0.06974858324629157,0.0,0.02581988897471611,0.04125684985035174,0.08,0.18,0.18,0.0254000254000381,0.0565685424949238,0.0,0.0,0.0,0.12939932784412608,0.0,0.02721655269759087,0.023904572186687872,0.02773500981126146,0.14,0.02581988897471611,0.16,0.0,0.0,0.07071067811865475,0.0,0.023570226039551584,0.1,0.0,0.04417261042993862,0.0,0.12000000000000001,0.0,0.0,0.0,0.0,0.0,0.0,0.026726124191242435,0.0,0.0,0.1,0.02,0.15460413650478516,0.0,0.07071067811865475,0.02948839123097943,0.0,0.0,0.023570226039551584,0.0508000508000762,0.0,0.0324442842261525,0.07302967433402215,0.022360679774997897,0.020851441405707476,0.02,0.02,0.1,0.06,0.0,0.0,0.02626128657194451,0.0,0.0254000254000381,0.0,0.1,0.08,0.0834057656228299,0.0,0.1078327732034384,0.024999999999999998,0.12121830534626529,0.07071067811865475,0.0,0.0,0.0254000254000381,0.175,0.11094003924504584,0.0,0.10540925533894598,0.12000000000000001,0.0,0.0,0.06859943405700353,0.1851640199545103,0.0,0.06,0.0,0.04714045207910317,0.0,0.034299717028501764,0.030860669992418384,0.023570226039551584,0.0,0.064888568452305,0.07071067811865475,0.0,0.0,0.0,0.03651483716701107,0.030860669992418384,0.0,0.12510864843424485,0.0,0.0,0.020851441405707476,0.0,0.1414213562373095,0.0,0.0,0.03333333333333334,0.0,0.0,0.0,0.0,0.0,0.0,0.12377054955105521,0.0,0.05897678246195886,0.0,0.0,0.0,0.0,0.1,0.0282842712474619,0.06396021490668313,0.0,0.0,0.02,0.0254000254000381,0.0,0.0,0.0,0.0,0.0,0.05163977794943222,0.03922322702763681,0.0,0.0,0.02,0.030151134457776358,0.0,0.12000000000000001,0.0,0.0,0.0,0.03651483716701107,0.08,0.08,0.0,0.02208630521496931,0.05773502691896258,0.03162277660168379,0.02,0.0,0.0,0.030860669992418384,0.021320071635561044,0.1,0.16059101370939324,0.0,0.0,0.06,0.27774602993176545,0.16,0.0,0.06,0.06172133998483677,0.09058216273156766,0.02,0.02,0.0,0.0,0.02,0.03922322702763681,0.0,0.02581988897471611,0.06793662204867575,0.0,0.04,0.0,0.02626128657194451,0.0,0.0,0.0,0.0,0.0,0.08728715609439695,0.12,0.0,0.0,0.0565685424949238,0.0,0.0,0.03779644730092272,0.0,0.0,0.11766968108291043,0.08164965809277261,0.02626128657194451,0.05345224838248487,0.05547001962252292,0.06324555320336758,0.04264014327112209,0.0,0.0,0.0,0.03651483716701107,0.0,0.06324555320336758,0.02773500981126146,0.0,0.0,0.0,0.0282842712474619,0.07745966692414832,0.06793662204867575,0.040824829046386304,0.08,0.03333333333333334,0.0,0.03162277660168379,0.0282842712474619,0.08,0.1,0.02,0.0,0.2,0.26263966158357477,0.06255432421712243,0.0,0.06793662204867575,0.0,0.1,0.023249527748763855,0.17056057308448835,0.1543033499620919,0.0565685424949238,0.08528028654224418,0.04714045207910317,0.02721655269759087,0.03922322702763681,0.2683281572999748,0.02581988897471611,0.06172133998483677,0.09045340337332908,0.0,0.0,0.0,0.1,0.03333333333333334,0.1131370849898476,0.02461829819586655,0.08944271909999159,0.12126781251816647,0.0,0.0,0.03333333333333334,0.1,0.0,0.09701425001453318,0.17149858514250882,0.03333333333333334,0.0,0.02182178902359924,0.03922322702763681,0.02948839123097943,0.18,0.0324442842261525,0.04649905549752771,0.1,0.2100902925755561,0.1118033988749895,0.0,0.0,0.08,0.0492365963917331,0.04588314677411236,0.0,0.0,0.0,0.06,0.06060915267313264,0.07385489458759964,0.0,0.02773500981126146,0.06882472016116853,0.0324442842261525,0.0,0.0,0.18766297265136728,0.030860669992418384
herb036,0.0,0.09802861627917438,0.029526929767874632,0.0,0.0,0.0,0.07271792483455794,0.0,0.0,0.0,0.19727878476642877,0.0,0.10762440050012628,0.0,0.0,0.0,0.0,0.0,0.0,0.02666903735313325,0.055577001437672836,0.1162476387438193,0.050141221056390024,0.0,0.03001501125938321,0.06974858324629157,1.0,0.0,0.0,0.07194017065667525,0.0,0.0,0.13949716649258315,0.0,0.13151918984428584,0.0,0.0,0.0,0.0,0.0,0.03163859985841663,0.0,0.0,0.0,0.0,0.04649905549752771,0.0,0.0,0.04109974682633932,0.07352146220938077,0.0,0.04649905549752771,0.0,0.02567480829815484,0.0,0.09299811099505542,0.0,0.0,0.0,0.0,0.0,0.0,0.0,0.0,0.059053859535749265,0.11624763874381928,0.0,0.02567480829815484,0.0,0.0,0.0,0.0,0.03224129401095805,0.0,0.029526929767874632,0.0,0.0,0.0,0.051987524491003634,0.048478616556371965,0.023249527748763855,0.023249527748763855,0.09299811099505542,0.023249527748763855,0.0,0.0,0.0,0.0,0.0,0.0,0.2092457497388747,0.0,0.048478616556371965,0.0,0.0,0.0,0.04697113923010208,0.0,0.0,0.0,0.0885807893036239,0.1453095484297741,0.09672388203287416,0.0,0.19605723255834875,0.11624763874381927,0.0,0.0,0.0,0.0,0.0,0.04649905549752771,0.11990028442779209,0.05479966243511909,0.03163859985841663,0.15949044456578,0.0,0.0,0.0,0.0,0.0,0.0,0.0,0.0,0.0,0.0,0.0,0.21815377450367382,0.0,0.0,0.0,0.0,0.2818268353806125,0.0,0.0,0.0,0.19827263883864388,0.0,0.0,0.0,0.09491579957524991,0.0,0.07194017065667525,0.11314714296070713,0.0685591170191061,0.0,0.0,0.0,0.0,0.0,0.0,0.09913631941932194,0.0,0.0,0.0,0.029526929767874632,0.0,0.0,0.05264981264926564,0.0,0.024507154069793594,0.06003002251876642,0.0,0.0,0.0,0.0,0.1752499093081954,0.0,0.0,0.12427395320024,0.0,0.0,0.0,0.13949716649258315,0.0,0.025070610528195012,0.15404884978892902,0.0,0.0,0.0,0.036760731104690386,0.0,0.0,0.0,0.023249527748763855,0.0,0.07009996372327816,0.14349920066683505,0.023249527748763855,0.03587480016670876,0.0,0.0,0.04649905549752771,0.0,0.0,0.06974858324629157,0.04649905549752771,0.06327719971683327,0.0,0.0,0.09119215051751065,0.0,0.0,0.1316245316231641,0.0,0.0,0.0,0.030528125543633176,0.0,0.0,0.051987524491003634,0.0,0.0,0.025367314471592052,0.023249527748763855,0.0,0.0,0.0,0.02702702702702703,0.0,0.0,0.0,0.0,0.0,0.0,0.0,0.0,0.0,0.04901430813958719,0.0,0.0,0.0,0.0,0.0,0.0,0.0,0.0,0.0,0.0,0.0,0.0,0.0,0.0,0.0,0.023249527748763855,0.0,0.06711560552140244,0.0,0.0,0.04649905549752771,0.04649905549752771,0.0,0.0,0.0,0.04697113923010208,0.0,0.0,0.0,0.03001501125938321,0.2092457497388747,0.0,0.04956815970966097,0.0,0.0,0.04956815970966097,0.027399831217559546,0.0,0.18238430103502132,0.0,0.0,0.0,0.0,0.023249527748763855,0.0,0.0,0.0,0.0,0.0,0.0,0.051987524491003634,0.0,0.0,0.0,0.15499685165842572,0.09299811099505542,0.0,0.0,0.0,0.07749842582921286,0.0,0.0,0.0,0.0,0.06974858324629157,0.0,0.05405405405405406,0.023249527748763855,0.1221125021745327,0.0,0.06575959492214292,0.0,0.0,0.0,0.0,0.0,0.15007505629691603,0.0,0.04649905549752771,0.0,0.05723638070321425,0.0,0.0,0.0,0.0,0.16216216216216217,0.0,0.0,0.0
herb037,0.0,0.0,0.0,0.0,0.0,0.04264014327112209,0.0,0.0,0.0,0.0,0.0,0.0,0.0,0.0,0.0,0.0,0.0,0.0,0.0,0.0978231976089037,0.0,0.0,0.0,0.04767312946227962,0.0,0.0,0.0,1.0,0.11009637651263605,0.0879598994267085,0.04264014327112209,0.0,0.0,0.0,0.0,0.0,0.0,0.0,0.0,0.0,0.0,0.0,0.0,0.0,0.0,0.0,0.0,0.0,0.0,0.0,0.0,0.0,0.0,0.0,0.0,0.04264014327112209,0.0,0.0,0.07537783614444091,0.0,0.0,0.0,0.0,0.0,0.0,0.0,0.0,0.047088160934801115,0.0,0.0,0.0,0.0,0.0,0.0,0.0,0.0,0.13834289277321493,0.0,0.0,0.0,0.0,0.0,0.0,0.0,0.0,0.0,0.0,0.0,0.0,0.0,0.0,0.0,0.0,0.0,0.0,0.3198010745334156,0.0,0.0,0.0,0.0,0.10830607221477648,0.0,0.0,0.0,0.13483997249264842,0.0,0.0,0.0,0.0,0.0,0.0,0.0,0.0,0.0,0.0,0.0,0.0,0.15075567228888181,0.0778498944161523,0.0,0.0,0.0,0.0,0.0,0.0,0.0,0.0,0.0,0.0,0.0,0.0,0.0,0.0,0.0,0.0,0.0,0.0,0.0,0.0,0.0,0.0,0.0,0.0,0.0,0.18860838403857944,0.0,0.0657951694959769,0.0,0.0,0.0,0.0,0.0,0.0,0.0,0.0,0.0,0.0,0.0,0.0,0.0,0.0,0.0,0.0,0.0,0.0,0.0,0.0,0.0,0.0,0.0,0.07537783614444091,0.0,0.0,0.0,0.0,0.0,0.0,0.0,0.13483997249264842,0.0,0.0,0.0,0.0657951694959769,0.09090909090909091,0.0,0.0,0.0,0.0,0.0,0.0657951694959769,0.0,0.0,0.0,0.0,0.0,0.0,0.0,0.0,0.0,0.0,0.0,0.0,0.0,0.0,0.0,0.0,0.0,0.0,0.0,0.0,0.0,0.1574591643244434,0.0,0.0,0.0,0.0,0.0,0.0,0.0,0.0,0.0,0.0,0.0,0.0,0.0,0.0,0.1709408646894569,0.0,0.0,0.0,0.0,0.0,0.0,0.0,0.1574591643244434,0.0,0.0,0.0,0.0,0.0,0.0,0.0,0.0,0.0,0.0,0.0,0.0,0.0,0.0,0.04264014327112209,0.0,0.0,0.05698028822981897,0.0,0.0,0.0,0.0,0.0,0.0,0.0,0.0,0.0,0.0,0.0,0.0,0.0,0.0,0.0,0.0,0.0,0.0,0.0,0.0,0.0,0.0,0.0,0.0,0.0,0.052486388108147805,0.0,0.0,0.0,0.10050378152592121,0.0,0.0,0.0,0.0,0.0,0.0,0.0,0.09304842103984709,0.0,0.0,0.0,0.0,0.0,0.0,0.0,0.0,0.0,0.0,0.04264014327112209,0.0,0.0,0.0,0.0,0.0,0.0,0.0,0.0,0.0,0.0,0.0,0.27668578554642986,0.0,0.0,0.0,0.0
herb038,0.12524485821702988,0.05443310539518174,0.0,0.0939336436627724,0.0,0.07745966692414832,0.0,0.0,0.04564354645876384,0.0,0.0,0.4898979485566356,0.03984095364447979,0.02817180849095055,0.02581988897471611,0.0,0.07824607964359515,0.0,0.11009637651263605,0.029617443887954616,0.0,0.0,0.1113692092779409,0.0,0.23333333333333328,0.02581988897471611,0.0,0.11009637651263605,0.9999999999999998,0.639148369549569,0.0,0.10327955589886444,0.02581988897471611,0.09837387536759293,0.0,0.03651483716701107,0.0,0.0,0.0,0.03651483716701107,0.0,0.15430334996209188,0.0,0.0,0.1333333333333333,0.232379000772445,0.052704627669472995,0.0,0.0,0.0,0.030429030972509225,0.02581988897471611,0.0,0.0,0.057735026918962574,0.02581988897471611,0.15191090506255,0.0,0.04564354645876384,0.19999999999999996,0.0,0.05568460463897045,0.0,0.0,0.0,0.0,0.02581988897471611,0.02851329742561005,0.0,0.09128709291752768,0.0,0.0,0.10741723110591493,0.18257418583505536,0.09837387536759293,0.0,0.12565617248750865,0.18856180831641264,0.08660254037844387,0.0,0.18073922282301275,0.0,0.02581988897471611,0.0,0.09128709291752768,0.0,0.03390317518104052,0.04188539082916955,0.0,0.12909944487358055,0.0,0.0,0.053838190205816545,0.0,0.1113692092779409,0.12909944487358055,0.0,0.2130032168075646,0.0,0.0,0.6558258357839529,0.0,0.0,0.0,0.10886621079036347,0.0,0.0816496580927726,0.0,0.04428074427700476,0.0,0.04303314829119352,0.02581988897471611,0.05326236412913074,0.0,0.07027283689263066,0.0,0.0,0.1217161238900369,0.04714045207910316,0.0,0.0,0.11677484162422842,0.0,0.0,0.0,0.0,0.11952286093343936,0.1884336657203579,0.0,0.0837707816583391,0.10767638041163309,0.0,0.02608202654786505,0.2581988897471611,0.06780635036208103,0.47336463120312877,0.0,0.0,0.03892494720807614,0.0408248290463863,0.0,0.034503277967117704,0.07989354619369611,0.20942695414584772,0.0,0.0,0.07968190728895957,0.03892494720807614,0.02817180849095055,0.0,0.18257418583505536,0.0,0.0,0.0,0.0,0.0,0.0761386987626881,0.04879500364742666,0.0,0.0,0.08164965809277261,0.1333333333333333,0.20254787341673333,0.19034674690672024,0.0,0.05163977794943222,0.15569978883230456,0.15191090506255,0.02581988897471611,0.0,0.09128709291752768,0.0,0.0,0.15491933384829665,0.05163977794943222,0.0,0.0,0.14907119849998599,0.2449489742783178,0.18073922282301275,0.0816496580927726,0.0,0.03984095364447979,0.3302891295379082,0.0,0.0,0.0,0.0,0.10327955589886444,0.0,0.0,0.23354968324845687,0.0,0.15936381457791915,0.0,0.0,0.0,0.0,0.1863389981249825,0.05163977794943222,0.0,0.08856148855400953,0.0,0.0,0.0,0.10327955589886444,0.0,0.10170952554312154,0.04564354645876384,0.0,0.0,0.0,0.0,0.14085904245475275,0.0,0.0,0.0,0.0,0.09004503377814962,0.2665569949915915,0.0,0.0,0.06666666666666665,0.0,0.15811388300841897,0.0,0.0,0.0,0.02721655269759087,0.0,0.06454972243679027,0.07453559924999299,0.0,0.18856180831641264,0.03178208630818641,0.0,0.03580574370197164,0.026919095102908273,0.0,0.0,0.07302967433402215,0.0,0.0,0.0,0.02581988897471611,0.04303314829119352,0.0,0.0,0.1460593486680443,0.0,0.0,0.0,0.17251638983558854,0.0,0.02608202654786505,0.0,0.1522773975253762,0.0,0.0,0.02581988897471611,0.0,0.27524094128159016,0.0,0.1460593486680443,0.027524094128159014,0.06085806194501845,0.10540925533894599,0.05063696835418333,0.0,0.1333333333333333,0.0,0.15569978883230456,0.15491933384829665,0.06780635036208103,0.0,0.05163977794943222,0.04303314829119352,0.0,0.19069251784911845,0.0,0.0,0.0,0.06085806194501845,0.21516574145596762,0.15491933384829665,0.0,0.0,0.0,0.04303314829119352,0.04714045207910316,0.3380617018914066,0.20254787341673333,0.1522773975253762,0.05163977794943222,0.0,0.12006004503753283,0.0,0.16951587590520256,0.028867513459481287,0.0,0.0,0.10327955589886444,0.0,0.0,0.0,0.0,0.053838190205816545,0.0,0.0,0.12712834523274563,0.0,0.0,0.0,0.0,0.03001501125938321,0.0,0.10767638041163309,0.0
herb039,0.10006255865485197,0.0,0.0,0.20012511730970398,0.0,0.061885274775527604,0.0,0.0,0.0,0.0,0.0,0.2609312292213769,0.0,0.11253728415158593,0.02062842492517587,0.0,0.06251356778481196,0.0,0.0879598994267085,0.047324852428030105,0.04931136727215379,0.0,0.11122101332503226,0.0,0.10652472825826148,0.04125684985035174,0.07194017065667525,0.0879598994267085,0.639148369549569,1.0,0.0,0.08251369970070348,0.14439897447623107,0.15718875511867386,0.058345996599157825,0.17503798979747348,0.0,0.0,0.0,0.029172998299578912,0.0561434614044346,0.2712125199968458,0.0,0.061885274775527604,0.1864182744519576,0.2681695240272863,0.0,0.0,0.0,0.0,0.14586499149789456,0.04125684985035174,0.0,0.0,0.1614429614050549,0.02062842492517587,0.12136700910941023,0.0,0.2552637351213155,0.07989354619369611,0.0,0.04448840533001291,0.0,0.0,0.026198125853112306,0.061885274775527604,0.02062842492517587,0.04556056890015147,0.1684303842133038,0.07293249574894728,0.030414953233623677,0.0,0.22885182707624924,0.09724332766526304,0.07859437755933692,0.0,0.10039117221153818,0.15064871543094188,0.04612656040144426,0.06451985904290104,0.22691267417693456,0.02062842492517587,0.08251369970070348,0.02062842492517587,0.03646624787447364,0.0,0.16251869354636594,0.0,0.0,0.03438070820862645,0.061885274775527604,0.061885274775527604,0.0,0.0,0.08897681066002582,0.10314212462587934,0.2083785592827065,0.1701758234142103,0.15978709238739222,0.031098520678556143,0.5239625170622462,0.025785531156469834,0.0,0.026198125853112306,0.13046561461068845,0.1443989744762311,0.03261640365267211,0.19098210422376913,0.03537745688386125,0.0,0.0,0.10314212462587935,0.0425531914893617,0.14586499149789456,0.0842151921066519,0.0,0.0,0.12155415958157881,0.2636352520041483,0.0,0.0,0.09329556203566843,0.0,0.0,0.0,0.19098210422376913,0.25464280563169217,0.1720529574477361,0.0,0.0,0.08602647872386805,0.0,0.06251356778481196,0.154713186938819,0.16251869354636594,0.37818779029489097,0.0,0.031098520678556143,0.18659112407133685,0.0,0.0,0.027565892320998563,0.06382978723404255,0.16731862035256365,0.030414953233623677,0.0,0.03183035070396152,0.0,0.1350447409819031,0.0,0.14586499149789456,0.175919798853417,0.0,0.0,0.0,0.0,0.030414953233623677,0.0,0.30364219331358355,0.031098520678556143,0.0,0.02663118206456537,0.16182267881254697,0.15207476616811838,0.0,0.04125684985035174,0.12439408271422457,0.12136700910941023,0.02062842492517587,0.11026356928399425,0.07293249574894728,0.0,0.0,0.16502739940140695,0.061885274775527604,0.0,0.04556056890015147,0.11909826683508275,0.2283148255687048,0.22691267417693456,0.03261640365267211,0.13315591032282686,0.1909821042237691,0.28586967313680256,0.0,0.047324852428030105,0.3731822481426737,0.09549105211188456,0.16502739940140695,0.0,0.0,0.18659112407133685,0.0,0.12732140281584609,0.0,0.04125684985035174,0.0,0.3649324991288249,0.14887283354385344,0.061885274775527604,0.0,0.2122647413031675,0.0,0.04671418358670517,0.0,0.08251369970070348,0.022507456830317185,0.08125934677318297,0.0,0.13837968120433278,0.02306328020072213,0.0,0.043013239361934026,0.2925969387941234,0.10314212462587935,0.0,0.0,0.0,0.28776068262670096,0.1419745572840903,0.0,0.0,0.05326236412913074,0.0,0.2526455763199557,0.0,0.0,0.0,0.021744269101781406,0.021989974856677124,0.0,0.0,0.0,0.15064871543094188,0.050783671611902566,0.0,0.05721295676906231,0.06451985904290104,0.0,0.0,0.0,0.0,0.0,0.0,0.02062842492517587,0.03438070820862645,0.0,0.0,0.11669199319831565,0.0,0.1443989744762311,0.02062842492517587,0.08269767696299568,0.0,0.02083785592827065,0.021506619680967013,0.0,0.0,0.05326236412913074,0.04125684985035174,0.11990028442779209,0.30785964799347976,0.06366070140792304,0.11669199319831565,0.2638796982801255,0.024310831916315757,0.0842151921066519,0.0,0.0,0.10652472825826148,0.0,0.12439408271422457,0.1856558243265828,0.16251869354636594,0.0,0.0,0.03438070820862645,0.0,0.25391835805951285,0.0,0.0,0.0,0.048621663832631515,0.17190354104313227,0.2062842492517587,0.0,0.0,0.0,0.03438070820862645,0.0,0.2700894819638062,0.16182267881254697,0.1216598129344947,0.04125684985035174,0.0,0.09592022754223367,0.0,0.37921028494152054,0.02306328020072213,0.0,0.0,0.08251369970070348,0.0,0.1419745572840903,0.0,0.02663118206456537,0.08602647872386805,0.10314212462587935,0.02083785592827065,0.1523510148357077,0.0,0.0,0.0,0.0,0.11990028442779209,0.0,0.08602647872386805,0.0
herb040,0.0,0.1264911064067352,0.2032002032003048,0.0,0.0,0.38,0.04170288281141495,0.0,0.0,0.0,0.0,0.0,0.0,0.13093073414159542,0.28,0.0,0.3030457633656632,0.0,0.0,0.20647416048350561,0.07171371656006362,0.0,0.19409899176618914,0.5813776741499453,0.0,0.08,0.0,0.04264014327112209,0.0,0.0,0.9999999999999999,0.18,0.12,0.17780017780026672,0.0282842712474619,0.0,0.06172133998483677,0.0,0.3881979835323783,0.0,0.0,0.09561828874675149,0.1941450686788302,0.12,0.10327955589886444,0.0,0.0,0.0,0.21213203435596423,0.0,0.21213203435596426,0.12000000000000001,0.10289915108550529,0.15460413650478516,0.0,0.24,0.0,0.0,0.0,0.0,0.0,0.0,0.1603567451474546,0.0,0.0,0.16,0.0,0.3754671886544783,0.0,0.37712361663282534,0.26539552107881487,0.0,0.0,0.023570226039551584,0.38100038100057154,0.0,0.064888568452305,0.0,0.0,0.0,0.02,0.0,0.08,0.02,0.0,0.0,0.05252257314388902,0.0,0.0,0.0,0.06,0.04,0.3336230624913196,0.0,0.04313310928137536,0.15,0.0,0.023570226039551584,0.0,0.0,0.0,0.024999999999999998,0.0,0.0,0.04216370213557839,0.0,0.0,0.0,0.0,0.06172133998483677,0.0,0.02,0.02062842492517587,0.0,0.0,0.24009801919951235,0.2160246899469287,0.11785113019775792,0.0,0.4866642633922875,0.40069384267237695,0.0,0.0,0.0,0.2556038601690775,0.21602468994692867,0.0,0.020851441405707476,0.0,0.064888568452305,0.16681153124565978,0.0,0.020203050891044214,0.0,0.0,0.0,0.0,0.0,0.0,0.06324555320336758,0.0,0.0,0.0,0.0,0.05897678246195886,0.0,0.0,0.0,0.0,0.36000000000000004,0.1131370849898476,0.0,0.0,0.0,0.18,0.0254000254000381,0.02948839123097943,0.0,0.0,0.0,0.0,0.0,0.0,0.08846517369293828,0.0,0.16,0.030151134457776358,0.0,0.36,0.0,0.0,0.0,0.2556038601690775,0.0,0.04,0.0,0.02208630521496931,0.05773502691896258,0.03162277660168379,0.12000000000000001,0.0,0.0,0.21602468994692867,0.0,0.02,0.0,0.0,0.030860669992418384,0.04,0.0,0.34,0.0,0.13999999999999999,0.0,0.5887840577551897,0.16,0.16,0.0,0.0,0.18,0.0,0.0,0.05163977794943222,0.0,0.0,0.16,0.0,0.2363515791475006,0.0,0.0,0.0,0.0984731927834662,0.0,0.08728715609439695,0.0,0.06882472016116853,0.0,0.19798989873223333,0.0,0.0,0.264575131106459,0.1414213562373095,0.0,0.03922322702763681,0.020412414523193152,0.18382900600361157,0.32071349029490925,0.05547001962252292,0.3583914681524163,0.021320071635561044,0.0,0.05773502691896258,0.0,0.0,0.02461829819586655,0.0,0.0,0.0,0.0,0.0254000254000381,0.19798989873223333,0.3872983346207416,0.45291081365783825,0.0,0.33999999999999997,0.23333333333333334,0.0,0.03162277660168379,0.1131370849898476,0.02,0.04,0.0,0.05345224838248487,0.14,0.1414213562373095,0.3753259453027345,0.0,0.3849741916091625,0.02581988897471611,0.02,0.16274669424134697,0.0,0.0,0.16970562748477142,0.0,0.0,0.16329931618554522,0.0,0.0,0.12909944487358055,0.2160246899469287,0.27136021011998723,0.0,0.0,0.0,0.1,0.30000000000000004,0.0565685424949238,0.09847319278346618,0.0,0.04850712500726659,0.0,0.0,0.0,0.04,0.31304951684997057,0.12126781251816647,0.0,0.0,0.0,0.02182178902359924,0.15689290811054724,0.0,0.04,0.22710998958306752,0.04649905549752771,0.2,0.0,0.35777087639996635,0.0,0.06172133998483677,0.1,0.4185110693297313,0.1147078669352809,0.14744195615489714,0.0,0.0,0.14,0.020203050891044214,0.1969463855669324,0.0,0.1941450686788302,0.390006747579955,0.064888568452305,0.0,0.0,0.0,0.2160246899469287
herb041,0.21828206253269966,0.021081851067789197,0.0508000508000762,0.07276068751089988,0.0,0.28,0.0,0.14744195615489714,0.0,0.0,0.0,0.0,0.0,0.02182178902359924,0.18,0.0,0.020203050891044214,0.0,0.0,0.18353258709644943,0.0,0.0,0.3450648742510029,0.22360679774997896,0.10327955589886444,0.18,0.0,0.0,0.10327955589886444,0.08251369970070348,0.18,1.0,0.1,0.0254000254000381,0.0,0.0,0.030860669992418384,0.0,0.19409899176618914,0.0,0.0,0.09561828874675149,0.02773500981126146,0.06,0.10327955589886444,0.0,0.0,0.0,0.035355339059327376,0.0,0.282842712474619,0.04,0.0,0.02208630521496931,0.0,0.12000000000000001,0.0,0.0,0.0,0.0,0.0,0.0,0.026726124191242435,0.0,0.0254000254000381,0.06,0.12,0.24294935736466242,0.0,0.23570226039551584,0.02948839123097943,0.0,0.08320502943378437,0.09428090415820634,0.0254000254000381,0.0,0.0324442842261525,0.43817804600413285,0.0,0.0,0.04,0.14,0.04,0.14,0.0,0.0,0.02626128657194451,0.0,0.0,0.0,0.0,0.02,0.020851441405707476,0.0,0.08626621856275073,0.3,0.0,0.0,0.0,0.0,0.10160010160015241,0.0,0.0,0.0,0.29514591494904874,0.0,0.18973665961010275,0.0,0.034299717028501764,0.0,0.0,0.0,0.0,0.0,0.0,0.034299717028501764,0.030860669992418384,0.3299831645537222,0.0,0.0324442842261525,0.21213203435596426,0.0,0.0,0.0,0.03651483716701107,0.06172133998483677,0.0,0.0,0.0,0.0,0.16681153124565978,0.0,0.0,0.15,0.0,0.13333333333333336,0.0,0.0,0.0,0.0,0.0,0.0,0.0,0.09733285267845751,0.02948839123097943,0.0,0.0,0.0,0.02182178902359924,0.30000000000000004,0.33941125496954283,0.0,0.0,0.0,0.04,0.15240015240022858,0.0,0.0,0.0,0.0,0.0,0.05163977794943222,0.4706787243316417,0.08846517369293828,0.0,0.02,0.12060453783110543,0.0,0.24,0.0,0.0,0.0,0.03651483716701107,0.24000000000000002,0.04,0.0,0.0,0.14433756729740646,0.0,0.02,0.0,0.0,0.030860669992418384,0.25584085962673253,0.0,0.0,0.0,0.030860669992418384,0.08,0.0,0.26,0.0,0.14,0.12344267996967352,0.3396831102433787,0.08,0.02,0.0,0.0,0.02,0.0,0.0,0.02581988897471611,0.0,0.0,0.38,0.0,0.07878385971583353,0.0,0.0,0.17888543819998318,0.0,0.0,0.08728715609439695,0.02,0.0,0.0,0.0282842712474619,0.06974858324629157,0.0,0.03779644730092272,0.0,0.10327955589886444,0.0,0.08164965809277261,0.02626128657194451,0.24053511772118194,0.11094003924504584,0.16865480854231357,0.0,0.0,0.0,0.0,0.1460593486680443,0.1723280873710658,0.0,0.0,0.0,0.0,0.0,0.0282842712474619,0.07745966692414832,0.20380986614602725,0.0,0.14,0.06666666666666668,0.0,0.0,0.1131370849898476,0.0,0.02,0.0,0.05345224838248487,0.16,0.060609152673132646,0.3336230624913196,0.0,0.271746488194703,0.0,0.0,0.023249527748763855,0.0,0.1851640199545103,0.1414213562373095,0.0,0.09428090415820634,0.02721655269759087,0.0,0.0,0.10327955589886444,0.030860669992418384,0.39196474795109265,0.0,0.0,0.0,0.02,0.30000000000000004,0.0,0.09847319278346618,0.17888543819998318,0.0,0.0,0.0,0.13333333333333336,0.0,0.0,0.12126781251816647,0.0,0.16666666666666669,0.0,0.26186146828319085,0.15689290811054724,0.26539552107881487,0.04,0.0324442842261525,0.09299811099505544,0.12,0.0,0.17888543819998318,0.0,0.0,0.28,0.1969463855669324,0.18353258709644943,0.0,0.02581988897471611,0.020851441405707476,0.02,0.10101525445522108,0.24618298195866548,0.0,0.02773500981126146,0.41294832096701123,0.0,0.0,0.0,0.0834057656228299,0.030860669992418384
herb042,0.07276068751089988,0.10540925533894598,0.1270001270001905,0.09701425001453318,0.0,0.02,0.020851441405707476,0.0,0.035355339059327376,0.04264014327112209,0.0,0.03162277660168379,0.06172133998483677,0.13093073414159542,0.16,0.0,0.08081220356417686,0.035355339059327376,0.0,0.18353258709644943,0.14342743312012723,0.0,0.04313310928137536,0.1118033988749895,0.02581988897471611,0.18,0.13949716649258315,0.0,0.02581988897471611,0.14439897447623107,0.12,0.1,1.0000000000000002,0.1270001270001905,0.1414213562373095,0.0,0.06172133998483677,0.0,0.15096588248481377,0.0282842712474619,0.16329931618554522,0.047809144373375745,0.11094003924504584,0.32,0.05163977794943222,0.06,0.040824829046386304,0.0,0.1414213562373095,0.0,0.023570226039551584,0.32,0.0,0.15460413650478516,0.08944271909999159,0.19999999999999998,0.0,0.10690449676496974,0.07071067811865475,0.02581988897471611,0.0,0.0,0.21380899352993948,0.0,0.1016001016001524,0.38,0.02,0.11043152607484655,0.05443310539518174,0.11785113019775792,0.14744195615489714,0.0,0.05547001962252292,0.09428090415820634,0.1270001270001905,0.0,0.0,0.0,0.0670820393249937,0.04170288281141495,0.14,0.1,0.18,0.14,0.0,0.07071067811865475,0.05252257314388902,0.0,0.1016001016001524,0.06666666666666668,0.08,0.18,0.20851441405707477,0.0,0.04313310928137536,0.0,0.060609152673132646,0.04714045207910317,0.05163977794943222,0.0,0.0,0.075,0.02773500981126146,0.0,0.06324555320336758,0.1,0.0,0.06172133998483677,0.0,0.06172133998483677,0.2,0.06,0.061885274775527604,0.04714045207910317,0.02721655269759087,0.17149858514250882,0.12344267996967354,0.023570226039551584,0.07302967433402215,0.16222142113076252,0.09428090415820634,0.0,0.07559289460184544,0.0,0.18257418583505536,0.21602468994692867,0.12344267996967354,0.12510864843424485,0.0,0.0,0.0,0.0,0.08081220356417686,0.049999999999999996,0.07878385971583353,0.0,0.0,0.0,0.030151134457776358,0.0,0.0,0.05345224838248487,0.02062842492517587,0.0,0.0,0.0,0.12344267996967354,0.0,0.08728715609439695,0.12,0.0,0.08528028654224418,0.0,0.0,0.32,0.0508000508000762,0.0,0.07559289460184544,0.11322770341445958,0.0,0.04216370213557839,0.28401877872187714,0.0,0.0,0.07844645405527362,0.0,0.0,0.0,0.18,0.10690449676496974,0.07071067811865475,0.0,0.18257418583505536,0.08,0.26,0.02156655464068768,0.04417261042993862,0.0,0.03162277660168379,0.24,0.06324555320336758,0.10327955589886444,0.1543033499620919,0.021320071635561044,0.02,0.04588314677411236,0.1507556722888818,0.0,0.04,0.06172133998483677,0.18,0.030151134457776358,0.1,0.0,0.09058216273156766,0.24000000000000002,0.32,0.13608276348795434,0.02886751345948129,0.14,0.0,0.0,0.0,0.1358732440973515,0.0,0.12,0.0,0.0,0.035355339059327376,0.044721359549995794,0.044721359549995794,0.0,0.020851441405707476,0.06546536707079771,0.06,0.0,0.07844645405527362,0.1414213562373095,0.06974858324629157,0.02294157338705618,0.1889822365046136,0.0,0.0,0.07844645405527362,0.08164965809277261,0.10504514628777804,0.026726124191242435,0.0,0.12649110640673517,0.04264014327112209,0.0,0.05773502691896258,0.0,0.07302967433402215,0.0,0.0,0.05547001962252292,0.0,0.0,0.0254000254000381,0.1414213562373095,0.15491933384829665,0.11322770341445958,0.0,0.16,0.13333333333333336,0.0,0.18973665961010272,0.0,0.0,0.1,0.04,0.026726124191242435,0.19999999999999998,0.10101525445522107,0.1668115312456598,0.02948839123097943,0.09058216273156766,0.0,0.24000000000000002,0.18599622199011087,0.04264014327112209,0.18516401995451032,0.1131370849898476,0.10660035817780522,0.1414213562373095,0.10886621079036347,0.0,0.0,0.0,0.12344267996967354,0.030151134457776358,0.04,0.05252257314388902,0.0,0.19999999999999998,0.06666666666666668,0.1414213562373095,0.0,0.0,0.09701425001453318,0.0,0.0,0.0,0.22000000000000003,0.0,0.04850712500726659,0.10289915108550529,0.0,0.0,0.0,0.0,0.0,0.12,0.22710998958306752,0.023249527748763855,0.19999999999999998,0.13130643285972254,0.1341640786499874,0.08485281374238571,0.0,0.02,0.0984731927834662,0.06882472016116853,0.02948839123097943,0.05163977794943222,0.04170288281141495,0.16,0.0,0.07385489458759964,0.0,0.11094003924504584,0.09176629354822471,0.0,0.04649905549752771,0.06859943405700353,0.0,0.1851640199545103
herb043,0.12320822072673948,0.1874178434105831,0.22580645161290325,0.0,0.0,0.0254000254000381,0.0,0.0,0.0,0.0,0.10776318121606496,0.20080483222562473,0.43112399091829134,0.19399589841579265,0.3048003048004572,0.0,0.17960530202677488,0.0,0.0,0.32049410071143575,0.0,0.0,0.10955820713295535,0.1987866419864727,0.0,0.0254000254000381,0.0,0.0,0.09837387536759293,0.15718875511867386,0.17780017780026672,0.0254000254000381,0.1270001270001905,1.0000000000000002,0.0,0.21552636243212991,0.0,0.05415303610738824,0.2191164142659107,0.2514474228374849,0.0,0.0,0.24656448378672147,0.10160010160015241,0.09837387536759293,0.0,0.25923792368260634,0.04016096644512494,0.3143092785468561,0.0,0.3292763870490873,0.254000254000381,0.0,0.19634744970862505,0.08519427513705972,0.2286002286003429,0.0,0.0,0.04490132550669373,0.0,0.0,0.027389551783238836,0.23759548165574573,0.0,0.0,0.17780017780026672,0.0254000254000381,0.056099271345321444,0.31108550841912763,0.23947373603569985,0.3370526488229122,0.0,0.0,0.17960530202677488,0.2580645161290323,0.0,0.0,0.0,0.0,0.0,0.254000254000381,0.0,0.0254000254000381,0.0254000254000381,0.0,0.0,0.20011120378952102,0.0,0.0,0.254000254000381,0.0508000508000762,0.0254000254000381,0.21185085653295044,0.0,0.05477910356647767,0.0,0.025657900289539272,0.2694079530401624,0.0,0.0,0.0,0.0,0.0,0.0,0.0,0.0,0.2409657986707497,0.0,0.0,0.07838618016696206,0.0,0.0,0.10479250341244922,0.0,0.0,0.3484854734952257,0.2743516305843672,0.0,0.046373889576016826,0.32963425737213164,0.20953951903123738,0.0,0.0,0.0,0.3709911166081346,0.3135447206678482,0.19596545041740515,0.0,0.0,0.0,0.0,0.0,0.1796053020267749,0.06350006350009525,0.06670373459650701,0.0,0.0,0.0,0.22975187432024508,0.08032193289024989,0.0,0.1018266349953196,0.026198125853112306,0.041204282171516456,0.07490058862731383,0.0,0.19596545041740515,0.03829197905337418,0.027713699773684666,0.1778001778002667,0.0,0.0,0.0,0.0,0.17780017780026672,0.03225806451612904,0.11235088294097074,0.048001536073731935,0.0,0.0,0.0,0.06558258357839529,0.0,0.037450294313656915,0.0,0.0508000508000762,0.03829197905337418,0.0,0.1524001524002286,0.0,0.13470397652008118,0.0,0.3709911166081346,0.0508000508000762,0.0254000254000381,0.0,0.0,0.0,0.0,0.1778001778002667,0.0,0.0,0.5487032611687345,0.0,0.0,0.116543309349613,0.03829197905337418,0.11757927025044308,0.0,0.1567723603339241,0.1778001778002667,0.0,0.0254000254000381,0.0,0.2013190579900678,0.17780017780026672,0.17780017780026672,0.0,0.03666177875533833,0.1524001524002286,0.0,0.30492478930832245,0.0,0.0,0.0,0.2032002032003048,0.0,0.0,0.04490132550669373,0.0,0.0,0.0,0.0,0.0,0.0,0.0,0.1494406444160154,0.28736848324283987,0.0885807893036239,0.02913582733740325,0.3840122885898555,0.0,0.0,0.29888128883203074,0.05184758473652127,0.23346307108777453,0.1018266349953196,0.0,0.1874178434105831,0.0,0.06350006350009525,0.07332355751067667,0.049813548138671795,0.046373889576016826,0.06253053994807226,0.0,0.0704469953676347,0.0,0.0,0.0,0.3592106040535499,0.26233033431358116,0.23007892341722033,0.0,0.17780017780026672,0.2963336296671112,0.0,0.0,0.0,0.0,0.0,0.0,0.1018266349953196,0.0254000254000381,0.2309211026058534,0.21185085653295044,0.07490058862731383,0.2013190579900678,0.06558258357839529,0.0254000254000381,0.20668850837512243,0.05415303610738824,0.0,0.2514474228374849,0.02707651805369412,0.029934217004462485,0.24195539543709926,0.1494406444160154,0.0,0.0,0.2743516305843672,0.03829197905337418,0.0508000508000762,0.06670373459650701,0.1624591083221647,0.2286002286003429,0.1270001270001905,0.07184212081070997,0.2188568898182529,0.0,0.06160411036336974,0.0,0.05986843400892497,0.04233337566673017,0.1016001016001524,0.0,0.0,0.0,0.0,0.0,0.0,0.0,0.0,0.0254000254000381,0.32963425737213164,0.0,0.17780017780026672,0.06670373459650701,0.1987866419864727,0.0,0.0,0.0,0.21885688981825288,0.0582716546748065,0.0,0.0,0.0,0.1778001778002667,0.0,0.0,0.0,0.24656448378672147,0.20395079136182276,0.0,0.029526929767874632,0.0,0.10592542826647522,0.2743516305843672
herb044,0.06859943405700353,0.0298142396999972,0.0,0.0,0.0,0.0,0.0,0.0,0.0,0.0,0.0,0.0,0.0,0.0,0.2545584412271571,0.0,0.0,0.0,0.0,0.03244428422615251,0.0,0.0,0.0,0.0632455532033676,0.0,0.0565685424949238,0.13151918984428584,0.0,0.0,0.058345996599157825,0.0282842712474619,0.0,0.1414213562373095,0.0,1.0,0.16000000000000003,0.0,0.0,0.06099942813304187,0.08000000000000002,0.07698003589195011,0.0,0.0,0.1414213562373095,0.0,0.0,0.0,0.0,0.0,0.0,0.0,0.08485281374238571,0.0,0.09370425713316365,0.0,0.1131370849898476,0.0,0.0,0.0,0.0,0.0,0.12199885626608374,0.07559289460184544,0.16681153124565984,0.03592106040535498,0.16970562748477142,0.0,0.0,0.0,0.0,0.0,0.1392621247645583,0.0,0.06666666666666667,0.0,0.0,0.0,0.0,0.0632455532033676,0.05897678246195886,0.0,0.0,0.0565685424949238,0.0,0.0,0.0,0.07427813527082075,0.0,0.43105272486425983,0.0,0.1131370849898476,0.1414213562373095,0.0,0.0,0.06099942813304187,0.0,0.02857142857142857,0.0,0.0,0.0,0.0,0.0,0.0,0.0,0.0,0.0565685424949238,0.0,0.0,0.0,0.043643578047198484,0.2357022603955159,0.0565685424949238,0.0,0.0,0.03849001794597506,0.0,0.0,0.0,0.0,0.0,0.06666666666666667,0.0,0.053452248382484885,0.0,0.0,0.0,0.0,0.0,0.0,0.0,0.0,0.0,0.08571428571428572,0.0,0.0,0.0,0.0,0.04264014327112209,0.08528028654224418,0.0,0.0,0.0,0.029172998299578912,0.0,0.0,0.0,0.21821789023599242,0.0,0.0,0.0282842712474619,0.0,0.18090680674665818,0.0,0.0,0.1414213562373095,0.2514474228374849,0.0,0.0,0.06405126152203486,0.0,0.0,0.18257418583505536,0.0,0.0,0.0,0.0,0.0,0.0,0.0,0.15118578920369088,0.0,0.0,0.0,0.0,0.1414213562373095,0.0,0.06246950475544243,0.0,0.0,0.1414213562373095,0.044721359549995794,0.0,0.0,0.0,0.0,0.0,0.08528028654224418,0.0,0.0,0.0,0.0565685424949238,0.08528028654224418,0.0,0.0,0.06405126152203486,0.1979898987322333,0.1414213562373095,0.07698003589195011,0.0,0.0565685424949238,0.0,0.0,0.0,0.19215378456610457,0.0,0.0565685424949238,0.0,0.0,0.0,0.0,0.0,0.0,0.0,0.0,0.0,0.0,0.16641005886756877,0.0,0.03287979746107146,0.0,0.0,0.0,0.0,0.0,0.0,0.0,0.0,0.0,0.0,0.0,0.0,0.0,0.0,0.0,0.0,0.0,0.0,0.0,0.0,0.0,0.0,0.0,0.06405126152203486,0.0,0.0565685424949238,0.0,0.0,0.1341640786499874,0.0,0.0,0.08485281374238571,0.0,0.0,0.2262741699796952,0.0,0.14744195615489714,0.0,0.06405126152203486,0.0,0.0565685424949238,0.0,0.0,0.08728715609439697,0.0,0.06030226891555273,0.4,0.0,0.0,0.0,0.0,0.0,0.0,0.0,0.0,0.0,0.16970562748477142,0.0,0.28,0.0,0.0,0.44589632137052293,0.0,0.0,0.0,0.0565685424949238,0.0,0.06859943405700353,0.0,0.0,0.0,0.0,0.0,0.0,0.0,0.0917662935482247,0.0,0.0565685424949238,0.07427813527082075,0.0316227766016838,0.0,0.0,0.0,0.0,0.06488856845230502,0.0,0.0,0.0,0.0,0.0,0.06963106238227915,0.0,0.0,0.03244428422615251,0.0,0.0,0.0,0.206418738616856,0.0
herb046,0.0,0.0,0.0,0.0,0.0,0.0,0.0,0.0,0.0,0.0,0.0,0.044721359549995794,0.0,0.0,0.0282842712474619,0.0,0.0,0.0,0.0,0.06488856845230502,0.0,0.0,0.0914991421995628,0.0,0.0,0.0,0.0,0.0,0.03651483716701107,0.17503798979747348,0.0,0.0,0.0,0.21552636243212991,0.16000000000000003,1.0000000000000002,0.08728715609439697,0.0,0.0,0.04000000000000001,0.0,0.0,0.0,0.0,0.10954451150103323,0.0,0.0,0.0,0.0,0.0,0.2,0.0,0.0,0.0,0.0,0.0282842712474619,0.0,0.0,0.05,0.0,0.481070235442364,0.1829982843991256,0.0,0.16681153124565984,0.0,0.0,0.0282842712474619,0.031234752377721216,0.03849001794597506,0.0,0.0,0.4526019054848145,0.0,0.0,0.0,0.0,0.0,0.0,0.0,0.0,0.0,0.16970562748477142,0.0,0.0,0.0,0.0,0.0,0.0,0.0,0.0,0.0282842712474619,0.0,0.0,0.04264014327112209,0.0,0.0,0.02857142857142857,0.0,0.0,0.0,0.0,0.0,0.0,0.0,0.0,0.0282842712474619,0.044721359549995794,0.0,0.0,0.0,0.0,0.0282842712474619,0.0,0.0,0.0,0.0,0.0,0.0,0.051639777949432225,0.0,0.0,0.0,0.0,0.0,0.0,0.0,0.0,0.0,0.0,0.0,0.05897678246195886,0.0,0.02857142857142857,0.0,0.0,0.0,0.0,0.0,0.25584085962673253,0.0,0.0,0.0,0.029172998299578912,0.0,0.0,0.0,0.043643578047198484,0.0,0.0,0.0,0.0,0.15075567228888181,0.0,0.0,0.0,0.0,0.0,0.0,0.09607689228305229,0.0,0.2683281572999748,0.03651483716701107,0.0,0.0,0.0,0.0282842712474619,0.0,0.0,0.0,0.07559289460184544,0.0,0.0,0.0,0.0,0.0282842712474619,0.33549685473173024,0.0,0.0,0.08944271909999159,0.0,0.0,0.0,0.2618614682831909,0.0,0.0,0.03244428422615251,0.08528028654224418,0.13093073414159545,0.0,0.043643578047198484,0.0,0.0,0.0,0.0,0.0,0.0,0.0,0.03849001794597506,0.04082482904638631,0.0,0.0,0.24253562503633297,0.0,0.16012815380508716,0.0,0.0,0.030860669992418384,0.0,0.0,0.0,0.0,0.0,0.0,0.0,0.0,0.0,0.0,0.0,0.0,0.0,0.0,0.0,0.0,0.0,0.0,0.0,0.0,0.0,0.0,0.030151134457776365,0.0,0.0,0.0,0.0,0.06963106238227915,0.0,0.0,0.29488391230979427,0.0,0.0,0.0,0.0,0.0,0.0,0.0,0.0,0.0,0.0,0.0,0.0,0.0,0.0,0.0,0.0,0.02857142857142857,0.0,0.0,0.0,0.03651483716701107,0.0,0.0,0.030151134457776365,0.0,0.0,0.0,0.03333333333333333,0.0,0.0,0.0632455532033676,0.0,0.0,0.0,0.0,0.0,0.0,0.0,0.047140452079103175,0.0,0.2088931871468374,0.0,0.0,0.0,0.06666666666666667,0.0,0.0,0.0,0.0,0.0,0.0,0.0,0.0,0.0,0.0,0.0,0.0,0.0,0.0,0.0,0.0,0.0,0.0,0.0,0.0,0.0,0.0,0.0,0.0,0.0,0.0,0.0,0.3837612894400988,0.0,0.0,0.0,0.0,0.0,0.0,0.0
herb047,0.0,0.0,0.0,0.0,0.0,0.0,0.0643489452087787,0.0,0.0545544725589981,0.0,0.0,0.0,0.0,0.0,0.0,0.15018785229652765,0.0,0.0545544725589981,0.0,0.0,0.11065666703449761,0.030860669992418384,0.0,0.0,0.03984095364447979,0.0,0.0,0.0,0.0,0.0,0.06172133998483677,0.030860669992418384,0.06172133998483677,0.0,0.0,0.08728715609439697,1.0000000000000002,0.0,0.0,0.0,0.0,0.0,0.0,0.030860669992418384,0.0,0.030860669992418384,0.0,0.0,0.0,0.0,0.0,0.030860669992418384,0.0,0.0,0.0,0.0,0.0,0.0,0.0545544725589981,0.0,0.0,0.0,0.0,0.0,0.0,0.0,0.0,0.0,0.0,0.0,0.0,0.0,0.0,0.0,0.0,0.0,0.0,0.0,0.0,0.0,0.0,0.06172133998483677,0.030860669992418384,0.0,0.0545544725589981,0.0,0.08104408984731078,0.0,0.0,0.0,0.06172133998483677,0.0,0.0,0.04652421051992354,0.0,0.0,0.0,0.0,0.03984095364447979,0.0,0.0,0.0,0.0,0.0,0.09759000729485333,0.0,0.0,0.09523809523809525,0.10585122480499264,0.04761904761904762,0.0,0.0,0.0,0.0,0.0,0.0,0.04761904761904762,0.036369648372665396,0.0,0.0,0.0,0.0,0.0,0.0,0.0,0.0,0.0,0.09652341781316803,0.0,0.0,0.0643489452087787,0.0,0.0,0.0,0.12156613477096617,0.051434449987363975,0.0,0.04652421051992354,0.0,0.0,0.0,0.0,0.0,0.0,0.04550157551932901,0.0,0.0,0.0,0.0,0.0,0.0,0.0,0.0,0.08247860988423225,0.030860669992418384,0.0,0.04550157551932901,0.0,0.0,0.0,0.0,0.0,0.0,0.0,0.18156825980064073,0.0,0.0,0.0,0.0,0.0,0.0,0.0,0.0,0.0,0.0,0.0,0.03407990882954985,0.08908708063747481,0.5367450401216932,0.030860669992418384,0.04879500364742666,0.0,0.0,0.03289758474798845,0.06172133998483677,0.0,0.0,0.0,0.09258200997725516,0.0,0.06172133998483677,0.0,0.030860669992418384,0.0,0.0,0.0,0.030860669992418384,0.0,0.0,0.030860669992418384,0.0,0.0,0.0,0.0,0.0,0.0,0.0,0.0,0.0545544725589981,0.0,0.0,0.0,0.0,0.0,0.0,0.03539961627023944,0.0,0.0,0.0,0.0,0.0,0.0,0.0,0.0,0.0,0.0,0.0,0.08559209850218259,0.0,0.0657951694959769,0.23145502494313785,0.17817416127494962,0.0,0.0563436169819011,0.0,0.2927700218845599,0.042796049251091296,0.0,0.0,0.0,0.0,0.0,0.0,0.0,0.0,0.0,0.0,0.0,0.08728715609439697,0.0,0.09258200997725516,0.0,0.041239304942116126,0.0,0.0,0.0,0.0,0.0,0.0,0.09258200997725516,0.03587480016670876,0.0,0.0,0.0,0.0,0.0,0.0,0.0,0.0,0.0,0.0,0.0,0.030860669992418384,0.12156613477096617,0.0657951694959769,0.0,0.0,0.0,0.0,0.0,0.0,0.0,0.0,0.2057377999494559,0.0,0.0,0.0,0.0,0.0,0.0,0.0,0.0,0.09100315103865803,0.030860669992418384,0.0,0.03587480016670876,0.0,0.0,0.0,0.0,0.0,0.030860669992418384,0.0,0.07079923254047887,0.0,0.03984095364447979,0.0,0.0,0.0,0.0,0.0,0.0,0.0,0.0,0.0,0.0,0.0,0.0
herb048,0.051708768999501914,0.0,0.0,0.0,0.0,0.0,0.0,0.06286946134619315,0.0,0.0,0.12060453783110546,0.06741998624632421,0.0657951694959769,0.0,0.04264014327112209,0.0,0.0,0.0,0.18181818181818182,0.0,0.0,0.0,0.0,0.0,0.0,0.0,0.0,0.0,0.0,0.0,0.0,0.0,0.0,0.05415303610738824,0.0,0.0,0.0,1.0,0.0,0.06030226891555273,0.0,0.0,0.0,0.0,0.0,0.0,0.08703882797784893,0.20225995873897262,0.0,0.0,0.0,0.0,0.0,0.0,0.0,0.0,0.0,0.0,0.0,0.0,0.0,0.0,0.0,0.0,0.0,0.0,0.0,0.0,0.05802588531856595,0.0,0.0,0.0,0.059131239598908265,0.10050378152592121,0.0,0.0,0.0,0.0,0.0,0.0,0.08528028654224418,0.0,0.0,0.0,0.0,0.0,0.05598925109558543,0.13834289277321493,0.0,0.07106690545187015,0.04264014327112209,0.0,0.0,0.0,0.0,0.0,0.0,0.050251890762960605,0.0,0.06428243465332249,0.0,0.0,0.0,0.05415303610738824,0.0,0.0,0.06741998624632421,0.0,0.0,0.0,0.0,0.0,0.0879598994267085,0.0,0.0,0.0,0.0,0.0,0.0,0.0,0.0,0.0,0.0,0.0,0.0,0.0,0.0657951694959769,0.0,0.09534625892455924,0.0,0.0,0.0,0.0861460984507896,0.0,0.0,0.0,0.0,0.0,0.0,0.0,0.0,0.05698028822981897,0.0,0.13834289277321493,0.0,0.0,0.0,0.0,0.0,0.0,0.0,0.0,0.0,0.0,0.0,0.0,0.0,0.08058229640253803,0.0,0.0,0.0,0.0,0.0,0.0,0.0,0.0,0.0,0.08362420100070908,0.0,0.0,0.15075567228888181,0.09534625892455924,0.0,0.0,0.0,0.0,0.0,0.0,0.0,0.0,0.0,0.0,0.0,0.0,0.0,0.04891159880445185,0.19284730395996746,0.0,0.0,0.0657951694959769,0.0,0.0,0.0,0.0,0.0,0.0,0.0,0.0,0.061545745489666376,0.0,0.0,0.0,0.0,0.0,0.0,0.0,0.046524210519923545,0.0,0.0,0.0,0.04767312946227962,0.0,0.044455422447438706,0.0,0.0,0.0,0.16724840200141816,0.06030226891555273,0.04956815970966097,0.0,0.0,0.0,0.11009637651263605,0.08362420100070908,0.0,0.0,0.0,0.0,0.0,0.0,0.0,0.0,0.0,0.0,0.0,0.0,0.11826247919781653,0.0,0.0,0.0,0.06030226891555273,0.0,0.0,0.0,0.0,0.0,0.0,0.0,0.0,0.0,0.0,0.0,0.05698028822981897,0.0,0.0,0.0,0.0,0.0,0.0,0.0,0.0,0.0,0.0,0.0,0.0,0.0,0.0,0.0,0.0,0.0,0.0,0.0,0.0,0.0,0.0,0.0,0.0,0.0,0.0,0.0,0.0,0.0,0.0,0.0,0.04264014327112209,0.0,0.0,0.0,0.0,0.0,0.0,0.0,0.0,0.0,0.0,0.0,0.0,0.0,0.0,0.0,0.0,0.0,0.0,0.0,0.0,0.0,0.0,0.0,0.0,0.0,0.0,0.0,0.0,0.0,0.0,0.0,0.044455422447438706,0.0
herb049,0.0,0.18186515719212626,0.19172686248267184,0.0,0.0,0.19409899176618914,0.0,0.0,0.0,0.0,0.0,0.0,0.0,0.1647172818672541,0.3234983196103152,0.1399422857082639,0.1742840803801196,0.0,0.0,0.2721238827974114,0.02577696311132335,0.0,0.20930232558139533,0.4822428221704122,0.0,0.12939932784412608,0.0,0.0,0.0,0.0,0.3881979835323783,0.19409899176618914,0.15096588248481377,0.2191164142659107,0.06099942813304187,0.0,0.0,0.0,1.0,0.0,0.0,0.0,0.20935201159410272,0.12939932784412608,0.0,0.0,0.0,0.0,0.26687249808205815,0.0,0.228747855498907,0.10783277320343841,0.07397267214553091,0.16671392788033934,0.0,0.25879865568825217,0.0,0.0,0.0,0.0,0.0,0.0,0.20173664619648224,0.0,0.0,0.28036521032893985,0.0,0.21434647870329343,0.0,0.20333142711013955,0.28618335033700204,0.0,0.0,0.0,0.2465059660491495,0.0,0.0,0.0,0.0,0.0,0.0,0.06469966392206304,0.0,0.04313310928137536,0.0,0.0,0.1132730943577198,0.0,0.0,0.0,0.3450648742510029,0.1940989917661891,0.35975500033063035,0.0,0.4418604651162791,0.0,0.0,0.20333142711013955,0.0,0.0,0.0,0.0,0.0,0.0,0.0,0.0,0.034099716973523674,0.06655583256397218,0.07397267214553091,0.5657245767937634,0.0,0.0,0.022244202665006454,0.0,0.0,0.29589068858212364,0.26622333025588873,0.0,0.0,0.2798845714165278,0.5083285677753488,0.0,0.0,0.0,0.3149996923832631,0.26622333025588873,0.0,0.0,0.0,0.0,0.0,0.0,0.1742840803801196,0.0,0.0,0.0,0.0,0.0,0.0,0.0,0.0,0.0,0.0,0.0,0.0,0.0,0.0,0.0,0.0,0.539163866017192,0.0,0.0,0.0,0.0,0.15096588248481377,0.027389551783238836,0.03179815003744467,0.0,0.0,0.0,0.0,0.0,0.0,0.03179815003744467,0.0,0.0,0.03251280443811775,0.0,0.3234983196103152,0.0,0.0,0.0,0.3149996923832631,0.0,0.0,0.06976744186046512,0.0,0.0,0.0,0.19409899176618914,0.0,0.0,0.26622333025588873,0.0,0.0,0.0,0.0,0.03327791628198609,0.0,0.0,0.7979625217054441,0.0,0.02156655464068768,0.0,0.4883862905055043,0.15096588248481377,0.15096588248481377,0.0,0.0,0.12939932784412608,0.0,0.0,0.0,0.0,0.0,0.1940989917661891,0.0,0.0,0.0,0.0,0.0,0.0,0.0,0.0,0.0,0.0,0.0,0.24399771253216748,0.0,0.0,0.32605565837568895,0.0,0.0,0.33836394755025084,0.1760901812651248,0.25486446230486953,0.31701472973732925,0.0,0.18186515719212626,0.022990024493585143,0.0,0.0,0.042295493443781355,0.0,0.053093187320189895,0.06819943394704735,0.0,0.0,0.0,0.0,0.24399771253216748,0.2227384185558818,0.5860635486066051,0.0440225453162812,0.23723210104756448,0.2875540618758358,0.0,0.0,0.0,0.0,0.04313310928137536,0.0,0.05763904177042349,0.3881979835323782,0.1742840803801196,0.4721784379339523,0.0,0.43954766145495394,0.027842302319485226,0.0,0.2005648842255601,0.0,0.0,0.24399771253216748,0.0,0.0,0.20543854480931223,0.0,0.0,0.0,0.26622333025588873,0.29261523994305977,0.0,0.0,0.0,0.17253243712550145,0.3234983196103153,0.30499714066520933,0.0,0.0,0.5230657809659413,0.0,0.0,0.0,0.0,0.0,0.13076644524148534,0.0,0.0,0.0,0.0,0.0,0.0,0.02156655464068768,0.2798845714165278,0.0,0.19409899176618914,0.0,0.7957006565811802,0.0,0.0,0.0,0.18582615562066462,0.14843120879858804,0.0,0.08352690695845567,0.0,0.17253243712550145,0.0,0.0,0.0,0.20935201159410272,0.42055509159599946,0.0,0.0,0.0,0.0,0.23294541397390264
herb050,0.13719886811400706,0.0,0.0,0.0,0.0,0.0,0.0,0.0,0.0,0.0,0.04000000000000001,0.08944271909999159,0.2618614682831909,0.0,0.1131370849898476,0.0,0.0,0.0,0.0,0.03244428422615251,0.0,0.0,0.06099942813304187,0.0,0.0,0.0,0.0,0.0,0.03651483716701107,0.029172998299578912,0.0,0.0,0.0282842712474619,0.2514474228374849,0.08000000000000002,0.04000000000000001,0.0,0.06030226891555273,0.0,1.0000000000000002,0.11547005383792516,0.0,0.0,0.0565685424949238,0.0,0.25455844122715715,0.05773502691896259,0.044721359549995794,0.0,0.0,0.03333333333333333,0.25455844122715715,0.0,0.031234752377721216,0.0,0.1131370849898476,0.0,0.0,0.05,0.0,0.0,0.06099942813304187,0.0,0.0,0.0,0.0565685424949238,0.0565685424949238,0.0,0.23094010767585035,0.0,0.0,0.03481553119113957,0.0,0.13333333333333333,0.0,0.0,0.0,0.0,0.0,0.0,0.16970562748477142,0.0,0.0282842712474619,0.0,0.0,0.0,0.037139067635410375,0.0,0.10776318121606496,0.047140452079103175,0.0282842712474619,0.0565685424949238,0.0,0.0,0.0,0.0,0.17142857142857143,0.1,0.0,0.0,0.0,0.0,0.0,0.0,0.0,0.0,0.08944271909999159,0.0,0.0,0.0,0.09428090415820635,0.0,0.0,0.0,0.15396007178390023,0.0,0.0,0.0,0.051639777949432225,0.0,0.0,0.0,0.053452248382484885,0.0,0.0,0.0,0.043643578047198484,0.0,0.0,0.0,0.0,0.0,0.05714285714285714,0.0,0.0,0.0,0.0,0.04264014327112209,0.21320071635561044,0.0,0.0,0.03779644730092272,0.2042109880970524,0.04588314677411235,0.0,0.0,0.13093073414159545,0.0,0.0,0.0,0.0,0.0,0.0,0.0,0.08485281374238571,0.0,0.16681153124565984,0.0,0.0,0.0,0.0,0.07302967433402215,0.0,0.0,0.0,0.0282842712474619,0.0,0.0,0.0,0.0,0.0,0.0,0.0,0.0,0.25455844122715715,0.0,0.0,0.0,0.0,0.0565685424949238,0.0,0.0,0.043643578047198484,0.0,0.0282842712474619,0.06488856845230502,0.04264014327112209,0.043643578047198484,0.0,0.043643578047198484,0.0,0.08528028654224418,0.0,0.0,0.0,0.0565685424949238,0.08485281374238571,0.0,0.04082482904638631,0.0282842712474619,0.0,0.048507125007266595,0.0,0.0,0.0,0.0565685424949238,0.0,0.0,0.0,0.28460498941515416,0.0,0.0,0.0,0.0,0.1131370849898476,0.0,0.11094003924504584,0.0,0.03287979746107146,0.0,0.0,0.0,0.0,0.05547001962252292,0.0,0.0,0.0,0.0,0.0,0.0,0.0,0.0,0.0,0.0,0.03481553119113957,0.0,0.03922322702763681,0.0,0.2218800784900917,0.03592106040535498,0.0,0.0,0.0,0.0,0.0,0.0,0.08164965809277262,0.08944271909999159,0.0,0.0282842712474619,0.0,0.0282842712474619,0.0,0.08485281374238571,0.02857142857142857,0.0,0.0,0.0,0.03651483716701107,0.0,0.0,0.030151134457776365,0.0,0.04000000000000001,0.0,0.1,0.0,0.0,0.0,0.0,0.0,0.0,0.0,0.0,0.06030226891555273,0.19798989873223333,0.047140452079103175,0.08000000000000002,0.03481553119113957,0.0,0.034299717028501764,0.0,0.06666666666666667,0.0,0.2262741699796952,0.0,0.0,0.048507125007266595,0.0,0.0,0.0,0.0,0.0,0.0,0.0917662935482247,0.06575959492214292,0.0565685424949238,0.0,0.0,0.0,0.0,0.0,0.0,0.0,0.0,0.0,0.0,0.0,0.0,0.0,0.0,0.0,0.0,0.0,0.0,0.0,0.02948839123097943,0.0
herb051,0.29704426289300223,0.0,0.0,0.16502459049611234,0.0,0.0,0.0,0.0,0.0,0.0,0.0,0.04303314829119352,0.0,0.0890870806374748,0.2449489742783178,0.0,0.0,0.0,0.0,0.0,0.03253000243161777,0.02721655269759087,0.1467418177209373,0.0,0.0,0.02721655269759087,0.03163859985841663,0.0,0.0,0.0561434614044346,0.0,0.0,0.16329931618554522,0.0,0.07698003589195011,0.0,0.0,0.0,0.0,0.11547005383792516,1.0000000000000002,0.0,0.0,0.1905158688831361,0.10540925533894599,0.0,0.0,0.0,0.0,0.0,0.0,0.08164965809277261,0.0,0.12022261795565765,0.15214515486254615,0.10886621079036347,0.05337605126836238,0.363696483726654,0.0,0.03513641844631533,0.0,0.05869672708837492,0.181848241863327,0.0,0.03456505649101418,0.16329931618554522,0.02721655269759087,0.0,0.0,0.0,0.0,0.16750630254320203,0.0,0.4169751944147297,0.0,0.0,0.0,0.0,0.030429030972509232,0.0,0.05443310539518174,0.0,0.0,0.0,0.0,0.0,0.0,0.0,0.24195539543709926,0.1814436846506058,0.0,0.10886621079036347,0.0,0.0,0.0,0.0,0.0,0.0,0.0,0.0,0.0,0.0,0.0,0.0,0.0,0.02721655269759087,0.0,0.0,0.0,0.0,0.40824829046386313,0.0,0.0,0.0,0.0,0.0,0.0,0.0,0.0,0.0,0.0,0.20515248496555455,0.15430334996209194,0.0,0.0,0.0,0.08399210511316162,0.028375217691958287,0.0,0.0,0.0,0.0,0.0,0.0,0.03573708449459316,0.0,0.0,0.20515248496555455,0.16412198797244362,0.0,0.0,0.14547859349066158,0.0,0.0,0.0,0.0,0.25197631533948484,0.0,0.059391387091649865,0.0,0.0,0.029012942659282975,0.0,0.0,0.29938207967349956,0.0,0.0,0.25717224993681986,0.0,0.16412198797244362,0.0573775310549247,0.07027283689263066,0.0,0.0,0.0,0.02721655269759087,0.0,0.0,0.0,0.0,0.09622504486493763,0.0,0.0,0.02721655269759087,0.19051586888313607,0.02934836354418746,0.0,0.0,0.04303314829119352,0.08164965809277261,0.0,0.17568209223157663,0.0,0.0,0.16329931618554522,0.24975621642178505,0.0,0.20998026278290405,0.0,0.0,0.0,0.12309149097933272,0.0,0.0,0.0,0.08164965809277261,0.32659863237109044,0.0,0.0,0.08164965809277261,0.0,0.0,0.0,0.0,0.0,0.05443310539518174,0.0,0.03573708449459316,0.19245008972987526,0.0,0.030429030972509232,0.033501260508640406,0.0,0.029695693545824933,0.0,0.0,0.05337605126836238,0.0,0.0949157995752499,0.06243905410544627,0.0,0.0,0.10540925533894599,0.0,0.0,0.0,0.0,0.0,0.0,0.0,0.0,0.0,0.0,0.09938079899999065,0.0,0.0,0.15097027121927944,0.0,0.0,0.24195539543709926,0.0,0.0,0.0,0.0,0.0,0.0,0.3928371006591931,0.2581988897471611,0.0,0.16329931618554522,0.02721655269759087,0.1905158688831361,0.0,0.08164965809277261,0.0,0.0,0.08025723539051281,0.0,0.17568209223157663,0.0,0.15819299929208316,0.0,0.16798421022632323,0.19245008972987526,0.0,0.09622504486493762,0.0,0.0,0.0,0.0,0.0,0.0,0.0,0.03573708449459316,0.0,0.05443310539518174,0.0,0.07698003589195011,0.0,0.0,0.03300491809922247,0.0,0.0,0.0,0.02721655269759087,0.0,0.0,0.32673201960653564,0.0,0.0,0.0,0.0,0.0,0.0,0.2649064714130087,0.0,0.08164965809277261,0.0,0.0,0.0,0.0,0.0,0.0,0.0,0.0,0.0,0.0,0.05443310539518174,0.0,0.0,0.24618298195866545,0.0,0.0,0.0,0.0,0.280056016805602,0.0,0.25197631533948484
herb052,0.11595420713048966,0.0,0.0,0.6957252427829381,0.0,0.0,0.0,0.0,0.0,0.0,0.0,0.0,0.0,0.5477225575051661,0.0,0.0,0.0,0.042257712736425826,0.0,0.0,0.028571428571428567,0.0,0.0,0.0,0.12344267996967351,0.023904572186687872,0.0,0.0,0.15430334996209188,0.2712125199968458,0.09561828874675149,0.09561828874675149,0.047809144373375745,0.0,0.0,0.0,0.0,0.0,0.0,0.0,0.0,1.0000000000000002,0.0,0.047809144373375745,0.30860669992418377,0.3585685828003181,0.0,0.0,0.0,0.0,0.0,0.0,0.040996003084539386,0.0,0.5612486080160911,0.0,0.0,0.0,0.253546276418555,0.0,0.0,0.0,0.0,0.0,0.0,0.07171371656006362,0.0,0.0,0.19518001458970663,0.0,0.0,0.0,0.26519741765271837,0.1126872339638022,0.0,0.0,0.11633501014942217,0.17457431218879385,0.0,0.02492223931396134,0.0,0.0,0.047809144373375745,0.0,0.042257712736425826,0.0,0.18832944617230332,0.0,0.0,0.0,0.0,0.07171371656006362,0.0,0.0,0.1031078524452934,0.2988071523335984,0.5070925528371099,0.0,0.7097954098256227,0.0,0.15179418517972906,0.0,0.0,0.0,0.10079052613579392,0.07171371656006362,0.0,0.22131333406899523,0.040996003084539386,0.0,0.0,0.0,0.0,0.6479515952918624,0.0,0.0,0.0,0.28171808490950545,0.2618614682831908,0.0,0.0,0.0,0.0,0.0,0.0,0.22131333406899523,0.22131333406899523,0.0,0.0,0.0,0.2492223931396134,0.0,0.0,0.17928429140015903,0.18832944617230332,0.15936381457791915,0.0,0.0,0.0,0.0,0.0,0.03194382824999699,0.024655683636076894,0.11633501014942217,0.0,0.0,0.03688555567816587,0.0,0.5998866106008962,0.0,0.33806170189140666,0.12741179785940637,0.0,0.0,0.0,0.0,0.035245368842512066,0.0,0.16239958858823,0.0,0.0,0.0,0.18752289237539818,0.28196295074009653,0.0,0.0,0.18018749253911176,0.0,0.0,0.0,0.0,0.0,0.0,0.5976143046671967,0.0,0.0,0.10559273546969093,0.17251638983558856,0.0,0.14342743312012723,0.0,0.6480740698407859,0.0,0.12741179785940637,0.0,0.0,0.21622499104693413,0.0,0.5737097324805089,0.0,0.0,0.0,0.0,0.14754222271266348,0.0,0.0,0.0,0.19518001458970663,0.0,0.07171371656006362,0.0,0.0,0.0,0.0,0.0,0.09561828874675149,0.0,0.0,0.0,0.614700856398576,0.0,0.0,0.0,0.9128709291752768,0.4780914437337574,0.0,0.0,0.0,0.6669240172520741,0.0,0.0,0.0,0.0,0.0,0.6587325492402598,0.0,0.0,0.0,0.02519763153394848,0.0,0.0,0.0,0.0,0.17457431218879385,0.0,0.0,0.0,0.0,0.0,0.0,0.0,0.0,0.027066598098038335,0.048795003647426664,0.0,0.0,0.0,0.0,0.33806170189140666,0.0,0.09561828874675149,0.0,0.0,0.0,0.0,0.0,0.0,0.0,0.0,0.11952286093343936,0.1389425035941821,0.5860942701532693,0.0,0.13522468075656266,0.15289415743128765,0.0,0.0,0.0,0.0,0.30860669992418377,0.0,0.18018749253911176,0.5259005881071331,0.18832944617230332,0.0,0.0,0.0,0.0,0.29424494316824984,0.0,0.0,0.0,0.0,0.15936381457791915,0.09561828874675149,0.0,0.0,0.0,0.03984095364447979,0.0,0.1564921592871903,0.46880723093849547,0.14098147537004826,0.023904572186687872,0.0,0.19451950503185492,0.0,0.15694120514358612,0.0,0.033806170189140665,0.0,0.23904572186687872,0.0,0.16452254913212452,0.14098147537004826,0.0,0.0,0.525900588107133,0.0,0.11769797726729993,0.0,0.0,0.0,0.0,0.6113470158144013,0.0,0.09968895725584535,0.0
herb053,0.0,0.23388213848187447,0.3874584745219909,0.0,0.0,0.02773500981126146,0.0,0.0,0.0,0.0,0.0,0.0,0.0,0.21182963643408087,0.1941450686788302,0.0,0.3361990888083155,0.0,0.0,0.22269966704152225,0.0,0.0,0.08972229068318688,0.2170607855311148,0.0,0.02773500981126146,0.0,0.0,0.0,0.0,0.1941450686788302,0.02773500981126146,0.11094003924504584,0.24656448378672147,0.0,0.0,0.0,0.0,0.20935201159410272,0.0,0.0,0.0,1.0000000000000002,0.08320502943378437,0.03580574370197164,0.0,0.0,0.0,0.34320323649182205,0.0,0.03268602252303067,0.11094003924504584,0.0,0.3369101405074289,0.0,0.2773500981126146,0.0,0.0,0.0,0.0,0.0,0.0,0.29649972666444047,0.0,0.0,0.16641005886756874,0.0,0.030628194591584446,0.0,0.22880215766121467,0.36803736904928885,0.0,0.0,0.0,0.2817879814705388,0.0,0.0,0.0,0.0,0.0,0.0,0.0,0.0,0.0,0.0,0.0,0.03641785203646149,0.0,0.03522349768381735,0.0,0.02773500981126146,0.1386750490563073,0.2024102261881841,0.0,0.32898173250501855,0.0,0.0,0.06537204504606134,0.0,0.0,0.0,0.0,0.0,0.0,0.0,0.0,0.043852900965351466,0.042796049251091296,0.0,0.08559209850218259,0.0,0.0,0.0,0.0,0.0,0.33295604590814587,0.29957234475763905,0.0,0.0,0.3149448894660933,0.22880215766121467,0.0,0.0,0.0,0.35445877847928325,0.34236839400873037,0.0,0.0,0.0,0.0,0.0,0.0,0.056033181468052584,0.0,0.03641785203646149,0.0,0.0,0.0,0.04181210050035454,0.0,0.0,0.0,0.0,0.0,0.0,0.0,0.0,0.0,0.030261376633440123,0.1941450686788302,0.0,0.0,0.0,0.0,0.30508510792387605,0.03522349768381735,0.04089304100547654,0.0,0.0,0.0,0.0,0.0,0.0,0.04089304100547654,0.054392829322042126,0.2496150883013531,0.04181210050035454,0.0,0.1386750490563073,0.0,0.0,0.0,0.35445877847928325,0.0,0.02773500981126146,0.0,0.0,0.0,0.0,0.1941450686788302,0.0,0.0,0.29957234475763905,0.0,0.0,0.0,0.0,0.042796049251091296,0.0,0.0,0.1941450686788302,0.0,0.0,0.0,0.2198260025574647,0.36055512754639896,0.30508510792387605,0.0,0.0,0.1941450686788302,0.0,0.0,0.0,0.0,0.04499212706658475,0.305085107923876,0.0,0.0,0.0,0.0,0.0,0.1365577483997838,0.0,0.0,0.0,0.0,0.0,0.27456258919345766,0.0,0.0,0.36689969285267143,0.0,0.0,0.10878565864408425,0.056613851707229795,0.43701422443753785,0.11118739749916517,0.0,0.32158794041257743,0.0,0.0,0.0,0.054392829322042126,0.0,0.0,0.0,0.0,0.0,0.0,0.0,0.27456258919345766,0.2506402059138015,0.2512297172085311,0.0,0.16641005886756874,0.3235751144647171,0.0,0.0,0.0,0.0,0.0,0.0,0.0,0.05547001962252292,0.19611613513818404,0.2602417193848081,0.0,0.3454408611617303,0.03580574370197164,0.0,0.22568905807670636,0.0,0.0,0.31378581622109447,0.0,0.0,0.3019405424385589,0.0,0.0,0.14322297480788657,0.29957234475763905,0.04181210050035454,0.0,0.03641785203646149,0.0,0.08320502943378438,0.04622501635210244,0.07844645405527362,0.0,0.0,0.06726727939963124,0.0,0.0,0.0,0.0,0.0,0.0,0.0,0.0,0.0,0.0,0.0,0.0,0.0,0.3149448894660933,0.0,0.2773500981126146,0.0,0.2170607855311148,0.0,0.0,0.0,0.44381268229929727,0.03181423814878889,0.16357216402190616,0.0,0.028915746598312014,0.1941450686788302,0.0,0.0,0.0,0.9230769230769234,0.25451390519031114,0.0,0.0,0.0,0.0,0.47075654176200427
herb054,0.14552137502179976,0.06324555320336758,0.1016001016001524,0.12126781251816647,0.0,0.02,0.0834057656228299,0.0,0.0,0.04264014327112209,0.0,0.0,0.0,0.1745743121887939,0.12,0.0,0.10101525445522107,0.035355339059327376,0.0,0.11470786693528087,0.11952286093343936,0.06,0.15096588248481377,0.11180339887498948,0.0,0.14,0.0,0.0,0.0,0.061885274775527604,0.12,0.06,0.32,0.10160010160015241,0.1414213562373095,0.0,0.030860669992418384,0.0,0.12939932784412608,0.0565685424949238,0.1905158688831361,0.047809144373375745,0.08320502943378437,1.0000000000000002,0.02581988897471611,0.06,0.0,0.0,0.10606601717798213,0.0,0.023570226039551584,0.16,0.0,0.13251783128981587,0.11180339887498948,0.14,0.0,0.16035674514745463,0.07071067811865475,0.0,0.0,0.04313310928137536,0.2138089935299395,0.0,0.1016001016001524,0.41999999999999993,0.06,0.06625891564490793,0.05443310539518174,0.1414213562373095,0.14744195615489714,0.14770978917519928,0.05547001962252292,0.18856180831641267,0.1524001524002286,0.0,0.0,0.0,0.044721359549995794,0.04170288281141495,0.02,0.0,0.1,0.14,0.0,0.0,0.05252257314388902,0.0,0.2794002794004191,0.0,0.08,0.26,0.14596008983995234,0.0,0.06469966392206304,0.0,0.04040610178208843,0.04714045207910317,0.05163977794943222,0.030151134457776358,0.0,0.075,0.08320502943378437,0.0,0.06324555320336758,0.08,0.0,0.06172133998483677,0.0,0.06172133998483677,0.13333333333333336,0.06,0.02062842492517587,0.04714045207910317,0.05443310539518174,0.13719886811400706,0.09258200997725514,0.023570226039551584,0.07302967433402215,0.12977713690461,0.07071067811865475,0.1507556722888818,0.0,0.0,0.1460593486680443,0.1851640199545103,0.06172133998483677,0.020851441405707476,0.0,0.0,0.0,0.0,0.04040610178208843,0.0,0.05252257314388902,0.0,0.0,0.1507556722888818,0.09045340337332908,0.0,0.0,0.0,0.04125684985035174,0.0,0.05897678246195886,0.0,0.12344267996967354,0.0,0.06546536707079771,0.1,0.0,0.08528028654224418,0.0,0.0,0.32,0.0254000254000381,0.0,0.11338934190276817,0.04529108136578383,0.12060453783110543,0.0,0.12909944487358055,0.0,0.0,0.03922322702763681,0.08,0.0,0.0,0.18,0.0,0.0,0.0,0.1460593486680443,0.04,0.14,0.0,0.04417261042993862,0.0,0.03162277660168379,0.2,0.0,0.12909944487358055,0.12344267996967352,0.021320071635561044,0.36,0.13764944032233706,0.060302268915552716,0.1543033499620919,0.06,0.030860669992418384,0.12,0.030151134457776358,0.12,0.0,0.06793662204867575,0.22000000000000003,0.28,0.05443310539518174,0.0,0.28,0.0,0.034299717028501764,0.0,0.04529108136578383,0.0324442842261525,0.1,0.02182178902359924,0.05252257314388902,0.035355339059327376,0.044721359549995794,0.044721359549995794,0.0,0.020851441405707476,0.06546536707079771,0.08,0.02294157338705618,0.07844645405527362,0.1131370849898476,0.1162476387438193,0.0,0.15118578920369088,0.0,0.07745966692414832,0.07844645405527362,0.08164965809277261,0.07878385971583353,0.026726124191242435,0.02773500981126146,0.06324555320336758,0.021320071635561044,0.0,0.05773502691896258,0.0,0.0,0.0,0.0,0.0,0.10425720702853739,0.0,0.254000254000381,0.1131370849898476,0.12909944487358055,0.09058216273156766,0.0,0.18,0.10000000000000002,0.2886751345948129,0.09486832980505137,0.0,0.2,0.08,0.18,0.026726124191242435,0.2,0.16162440712835371,0.14596008983995234,0.0,0.06793662204867575,0.12909944487358055,0.06,0.20924574973887472,0.06396021490668313,0.1543033499620919,0.2262741699796952,0.08528028654224418,0.1414213562373095,0.08164965809277261,0.0,0.044721359549995794,0.0,0.09258200997725514,0.030151134457776358,0.06,0.05252257314388902,0.04264014327112209,0.18000000000000002,0.03333333333333334,0.1414213562373095,0.0,0.0,0.12126781251816647,0.0,0.0,0.03333333333333334,0.06,0.0,0.024253562503633294,0.17149858514250882,0.0,0.0,0.0,0.0,0.0,0.26,0.19466570535691502,0.0,0.16,0.07878385971583353,0.1118033988749895,0.0,0.0,0.06,0.07385489458759964,0.06882472016116853,0.0,0.10327955589886444,0.020851441405707476,0.1,0.0,0.0,0.12060453783110543,0.08320502943378437,0.06882472016116853,0.0,0.04649905549752771,0.13719886811400706,0.0834057656228299,0.24688535993934707
herb055,0.18786728732554484,0.0,0.0,0.15655607277128736,0.0,0.0,0.0,0.0,0.0,0.0,0.0,0.0,0.0,0.0,0.05163977794943222,0.0,0.0,0.0,0.0,0.0,0.0,0.0,0.0,0.0,0.1333333333333333,0.02581988897471611,0.0,0.0,0.1333333333333333,0.1864182744519576,0.10327955589886444,0.10327955589886444,0.05163977794943222,0.09837387536759293,0.0,0.10954451150103323,0.0,0.0,0.0,0.0,0.10540925533894599,0.30860669992418377,0.03580574370197164,0.02581988897471611,0.9999999999999998,0.0,0.0,0.0,0.0,0.0,0.09128709291752768,0.05163977794943222,0.04428074427700476,0.0,0.057735026918962574,0.0,0.0,0.13801311186847082,0.0,0.0,0.0,0.027842302319485226,0.06900655593423541,0.0,0.0,0.05163977794943222,0.02581988897471611,0.0,0.0,0.0,0.0,0.0,0.10741723110591493,0.18257418583505536,0.0,0.0,0.12565617248750863,0.18856180831641264,0.0,0.0,0.0,0.0,0.02581988897471611,0.02581988897471611,0.0,0.0,0.0,0.0,0.032791291789197645,0.12909944487358055,0.0,0.0,0.0,0.0,0.16705381391691135,0.3227486121839513,0.02608202654786505,0.0,0.0,0.0,0.13116516715679058,0.0,0.0,0.0,0.10886621079036347,0.0,0.0,0.0,0.04428074427700476,0.0,0.12909944487358055,0.0,0.0,0.0,0.0,0.0,0.0,0.30429030972509225,0.0,0.0,0.0,0.03892494720807614,0.09759000729485331,0.0,0.0,0.0,0.07968190728895957,0.0,0.0,0.0,0.26919095102908275,0.0,0.0,0.19364916731037082,0.0,0.1721325931647741,0.0,0.0,0.15569978883230456,0.0,0.0,0.10350983390135311,0.0,0.12565617248750863,0.0,0.0,0.0,0.0,0.1126872339638022,0.0,0.36514837167011077,0.0,0.0,0.0,0.05163977794943222,0.0,0.0,0.09759000729485331,0.0,0.0,0.0,0.0,0.20254787341673333,0.3045547950507524,0.0,0.07745966692414832,0.15569978883230456,0.0,0.0,0.0,0.09128709291752768,0.0,0.0,0.10327955589886444,0.0,0.0,0.0,0.18633899812498247,0.0,0.0,0.0,0.06666666666666665,0.11952286093343936,0.11009637651263605,0.0,0.0,0.0,0.3187276291558383,0.10327955589886444,0.0,0.0,0.0,0.02581988897471611,0.15936381457791915,0.0,0.0,0.05163977794943222,0.0,0.0,0.02581988897471611,0.0,0.1328422328310143,0.0,0.0,0.20942695414584775,0.10327955589886444,0.0,0.0,0.0,0.0,0.0,0.0,0.0,0.28171808490950556,0.0,0.0,0.0,0.0,0.09004503377814962,0.0,0.0,0.0,0.0,0.0,0.10540925533894598,0.0,0.0,0.0,0.02721655269759087,0.0,0.0,0.0,0.0,0.28284271247461895,0.0,0.0,0.0,0.0,0.0,0.032791291789197645,0.0,0.0,0.029235267310234306,0.0,0.0,0.0,0.0,0.0,0.36514837167011077,0.02581988897471611,0.0,0.07745966692414832,0.0,0.0,0.0,0.0,0.0,0.0,0.0,0.0,0.06003002251876642,0.0,0.0,0.1460593486680443,0.0,0.0,0.0,0.0,0.0,0.33333333333333326,0.0,0.15569978883230456,0.0,0.0,0.0,0.0,0.0,0.0,0.4131671220064233,0.0,0.0,0.0,0.0,0.1721325931647741,0.0,0.0,0.0,0.08856148855400953,0.04303314829119352,0.0,0.14085904245475275,0.5063696835418334,0.1522773975253762,0.02581988897471611,0.0,0.12006004503753283,0.0,0.0,0.0,0.0,0.0,0.25819888974716104,0.0,0.0,0.1522773975253762,0.0,0.0,0.05163977794943222,0.0,0.12712834523274563,0.0,0.03580574370197164,0.0,0.0,0.0,0.08856148855400953,0.10767638041163309,0.07968190728895957
herb056,0.0,0.0,0.0,0.3638034375544994,0.0,0.06,0.020851441405707476,0.0,0.035355339059327376,0.0,0.0,0.18973665961010275,0.0,0.32732683535398854,0.0,0.0324442842261525,0.060609152673132646,0.035355339059327376,0.2984810028978546,0.02294157338705618,0.0,0.0,0.1078327732034384,0.1341640786499874,0.0,0.16,0.04649905549752771,0.0,0.232379000772445,0.2681695240272863,0.0,0.0,0.06,0.0,0.0,0.0,0.030860669992418384,0.0,0.0,0.25455844122715715,0.0,0.3585685828003181,0.0,0.06,0.0,1.0,0.040824829046386304,0.03162277660168379,0.035355339059327376,0.0,0.0,0.04,0.0,0.02208630521496931,0.4024922359499622,0.04,0.07844645405527362,0.0,0.1414213562373095,0.07745966692414832,0.0,0.0,0.0,0.0,0.0,0.08,0.0,0.02208630521496931,0.13608276348795434,0.07071067811865475,0.0,0.0,0.11094003924504584,0.0,0.07620007620011429,0.0,0.0,0.0,0.0,0.0,0.16,0.02,0.1,0.0,0.035355339059327376,0.0,0.10504514628777804,0.0,0.0,0.03333333333333334,0.0,0.06,0.0,0.0,0.0,0.0,0.5454823740581938,0.1649915822768611,0.3872983346207416,0.0,0.15240015240022858,0.075,0.08320502943378438,0.0,0.0,0.1,0.0,0.12344267996967354,0.0,0.0,0.0,0.02,0.08251369970070348,0.40069384267237695,0.16329931618554522,0.0,0.0,0.0,0.1460593486680443,0.0324442842261525,0.023570226039551584,0.12060453783110543,0.0,0.0,0.0,0.12344267996967354,0.15430334996209194,0.1668115312456598,0.0,0.0,0.0,0.0,0.020203050891044214,0.0,0.10504514628777804,0.20000000000000004,0.0,0.030151134457776358,0.0,0.0,0.0,0.026726124191242435,0.24754109910211045,0.0324442842261525,0.05897678246195886,0.0,0.030860669992418384,0.060302268915552716,0.32732683535398854,0.0,0.0,0.12792042981336627,0.0,0.10690449676496974,0.02,0.0,0.05897678246195886,0.0,0.09058216273156766,0.0,0.0,0.0,0.0,0.05897678246195886,0.03922322702763681,0.02,0.030151134457776358,0.15689290811054724,0.04,0.0,0.07071067811865475,0.0,0.0,0.33999999999999997,0.08,0.0,0.04417261042993862,0.0,0.03162277660168379,0.2,0.03162277660168379,0.3872983346207416,0.0,0.0,0.04,0.13764944032233706,0.1507556722888818,0.0,0.30000000000000004,0.1851640199545103,0.0,0.1507556722888818,0.0,0.0,0.0,0.0,0.02,0.10886621079036347,0.14433756729740643,0.06,0.0,0.0,0.0,0.04529108136578383,0.0,0.0,0.0,0.07878385971583353,0.07071067811865475,0.5366563145999496,0.0,0.0,0.0,0.32732683535398854,0.38,0.0,0.0,0.0,0.34874291623145787,0.11470786693528089,0.0,0.0,0.05163977794943222,0.0,0.3470110468942836,0.0,0.0,0.0,0.0,0.021320071635561044,0.09999999999999999,0.11547005383792516,0.0,0.0,0.0,0.0,0.0,0.020851441405707476,0.15689290811054724,0.0,0.0,0.0,0.0,0.040824829046386304,0.02,0.03333333333333334,0.0,0.0,0.0,0.04,0.08,0.0,0.05345224838248487,0.0,0.16162440712835371,0.0,0.0,0.022645540682891915,0.0,0.06,0.09299811099505542,0.6182820774312703,0.0,0.0,0.08528028654224418,0.023570226039551584,0.08164965809277261,0.0,0.2683281572999748,0.0,0.0,0.030151134457776358,0.32,0.10504514628777804,0.0,0.0,0.0,0.0,0.0,0.044721359549995794,0.0,0.0,0.0,0.0,0.22,0.0,0.04850712500726659,0.17149858514250882,0.0,0.03651483716701107,0.0,0.0,0.02948839123097943,0.12000000000000001,0.0,0.023249527748763855,0.02,0.4201805851511121,0.022360679774997897,0.0282842712474619,0.0,0.0,0.0,0.09176629354822471,0.0,0.0,0.04170288281141495,0.38,0.0,0.02461829819586655,0.0,0.0,0.0,0.0,0.39524197172898556,0.0,0.12510864843424485,0.0
herb057,0.19802950859533486,0.0,0.0,0.0,0.0,0.0,0.0,0.0,0.07216878364870323,0.0,0.17320508075688776,0.25819888974716115,0.25197631533948484,0.0,0.16329931618554522,0.0,0.0,0.0,0.0,0.0,0.0,0.0,0.0,0.0,0.0,0.0,0.0,0.0,0.052704627669472995,0.0,0.0,0.0,0.040824829046386304,0.25923792368260634,0.0,0.0,0.0,0.08703882797784893,0.0,0.05773502691896259,0.0,0.0,0.0,0.0,0.0,0.040824829046386304,1.0000000000000002,0.06454972243679029,0.0,0.0,0.2405626121623441,0.040824829046386304,0.0,0.0,0.0912870929175277,0.0,0.0,0.0,0.0,0.0,0.0,0.0,0.0,0.0,0.0,0.040824829046386304,0.0,0.0,0.22222222222222227,0.0,0.0,0.0,0.0,0.2405626121623441,0.0,0.0,0.0,0.0,0.0,0.0,0.2041241452319315,0.0,0.040824829046386304,0.0,0.0,0.0,0.2680281337094487,0.0,0.0,0.3402069087198859,0.040824829046386304,0.0,0.0,0.0,0.0,0.0,0.0,0.2405626121623441,0.0,0.0,0.25923792368260634,0.05103103630798288,0.056613851707229795,0.0,0.0,0.0,0.25819888974716115,0.0,0.0,0.0,0.0,0.0,0.12632278815997786,0.0,0.0,0.0,0.0,0.0,0.0,0.0,0.0,0.0,0.0,0.0,0.0,0.0,0.314970394174356,0.0,0.0,0.0,0.0,0.0,0.16495721976846453,0.10206207261596575,0.05360562674188975,0.0,0.0,0.0,0.0,0.0,0.0,0.1091089451179962,0.04210759605332595,0.33113308926626095,0.0,0.0,0.25197631533948484,0.06154574548966637,0.0,0.0,0.0,0.0,0.0,0.0,0.040824829046386304,0.0,0.06019292654288461,0.07715167498104597,0.0,0.0,0.0,0.052704627669472995,0.0,0.0,0.08006407690254358,0.0,0.0,0.0,0.0,0.0,0.14433756729740646,0.0,0.0,0.040824829046386304,0.0,0.0,0.0,0.0,0.0,0.0,0.0,0.0,0.0,0.0,0.0,0.18731716231633883,0.06154574548966637,0.0,0.0,0.25197631533948484,0.0,0.12309149097933274,0.0,0.0,0.0,0.0,0.040824829046386304,0.0,0.35355339059327384,0.0,0.0,0.0,0.0,0.0,0.0,0.0,0.0,0.0,0.07216878364870323,0.0,0.0,0.0,0.0,0.0,0.0,0.0,0.24019223070763074,0.0,0.14237369936287486,0.14048787173725413,0.0,0.0,0.0,0.3202563076101743,0.0,0.0,0.0,0.0,0.0,0.0,0.10206207261596575,0.11785113019775795,0.0,0.0,0.2512594538148031,0.0,0.11322770341445959,0.0,0.0,0.0,0.05773502691896259,0.0,0.0,0.0,0.0,0.0,0.0,0.0,0.0,0.0,0.0,0.0,0.0545544725589981,0.0,0.20619652471058067,0.0,0.06019292654288461,0.0,0.0,0.0,0.0,0.04351941398892446,0.0,0.0,0.04351941398892446,0.048112522432468816,0.0,0.24019223070763074,0.0,0.0,0.0,0.0,0.040824829046386304,0.05360562674188975,0.17407765595569785,0.12247448713915891,0.3402069087198859,0.2886751345948129,0.05025189076296061,0.0,0.0,0.0,0.0,0.0,0.2041241452319315,0.0,0.0,0.0,0.0,0.0,0.0,0.0,0.0,0.0,0.0,0.0,0.0,0.05360562674188975,0.0,0.0,0.0,0.0,0.0,0.0,0.0,0.0,0.0,0.0,0.0,0.05025189076296061,0.0,0.0,0.0,0.0,0.047457899787624956,0.0,0.17025130615174974,0.0
herb058,0.03834824944236852,0.13333333333333333,0.0,0.0,0.0,0.0,0.0,0.04662524041201569,0.0,0.0,0.08944271909999159,0.049999999999999996,0.04879500364742666,0.0,0.03162277660168379,0.0,0.0,0.0,0.13483997249264842,0.03627381250550058,0.0,0.0,0.0,0.0,0.36742346141747667,0.0,0.0,0.0,0.0,0.0,0.0,0.0,0.0,0.04016096644512494,0.0,0.0,0.0,0.20225995873897262,0.0,0.044721359549995794,0.0,0.0,0.0,0.0,0.0,0.03162277660168379,0.06454972243679029,1.0,0.0,0.0,0.0,0.0,0.0,0.06984302957695782,0.0,0.0,0.0,0.0,0.0,0.36742346141747667,0.0,0.0,0.0,0.0,0.16064386578049977,0.0,0.25298221281347033,0.0,0.08606629658238704,0.0,0.0,0.1556997888323046,0.0,0.07453559924999298,0.0,0.0,0.0,0.0,0.3181980515339464,0.16484511834894675,0.09486832980505137,0.0,0.0,0.22135943621178655,0.0,0.0,0.04152273992686998,0.8207826816681232,0.0,0.052704627669472995,0.03162277660168379,0.0,0.0,0.0,0.0,0.0,0.0,0.03726779962499649,0.0,0.4290581651605165,0.0,0.0,0.0,0.04016096644512494,0.0,0.0,0.049999999999999996,0.0,0.0,0.0,0.0,0.0,0.32616403652672105,0.0,0.0,0.0,0.0,0.0,0.0,0.0512989176042577,0.03726779962499649,0.0,0.0,0.0,0.0,0.0,0.04879500364742666,0.0,0.07071067811865475,0.0,0.0,0.0,0.06388765649999399,0.0,0.0,0.0,0.0,0.0,0.0,0.0,0.0,0.042257712736425826,0.0,0.0512989176042577,0.0,0.0,0.0,0.4290581651605165,0.0,0.0,0.0,0.0,0.0,0.0,0.0,0.0,0.0,0.05976143046671968,0.0,0.0,0.13333333333333333,0.0,0.0,0.0,0.0,0.0,0.0,0.0,0.0,0.0,0.16770509831248423,0.0,0.0,0.0,0.0,0.0,0.0,0.0,0.0,0.09486832980505137,0.09999999999999999,0.0,0.0,0.0,0.0,0.03627381250550058,0.33371190623595726,0.0,0.0,0.04879500364742666,0.0,0.0,0.0,0.0,0.03580574370197164,0.0,0.0,0.0,0.045643546458763846,0.18973665961010278,0.0,0.0,0.0,0.0,0.0,0.0,0.03450327796711771,0.0,0.0,0.0,0.07071067811865475,0.0,0.16484511834894675,0.0,0.0,0.0,0.12403473458920845,0.6260990336999411,0.036760731104690386,0.14509525002200233,0.0,0.0,0.0816496580927726,0.06201736729460423,0.0,0.0,0.0,0.0,0.0,0.0,0.0,0.0,0.0,0.0,0.0,0.0,0.08770580193070293,0.0,0.31008683647302115,0.0,0.08944271909999159,0.1632993161855452,0.0,0.0,0.0,0.0,0.0,0.0,0.0,0.0,0.0,0.0,0.21128856368212912,0.0,0.0,0.0,0.41962716370814124,0.03580574370197164,0.0,0.0,0.0,0.0,0.0,0.0,0.0,0.0,0.0,0.0,0.0,0.0,0.04879500364742666,0.0,0.0,0.0,0.0,0.0,0.0,0.0,0.0,0.0,0.0,0.0,0.0,0.0,0.03162277660168379,0.0,0.03834824944236852,0.0,0.0,0.0,0.0,0.0,0.0,0.0,0.0,0.0,0.03162277660168379,0.0,0.0,0.0,0.0,0.0,0.0,0.0,0.0,0.0,0.0,0.0,0.0,0.0,0.0,0.0,0.0,0.0,0.0,0.0,0.03296902366978935,0.0
herb059,0.0,0.2608745973749755,0.3143092785468561,0.0,0.0,0.035355339059327376,0.0,0.0,0.0625,0.0,0.0,0.0,0.0,0.27003086243366087,0.24748737341529162,0.0,0.24999999999999997,0.0625,0.0,0.2838874869788345,0.0,0.0,0.07624928516630233,0.2766992952647332,0.0,0.07071067811865475,0.04109974682633932,0.0,0.0,0.0,0.21213203435596423,0.035355339059327376,0.1414213562373095,0.3143092785468561,0.0,0.0,0.0,0.0,0.26687249808205815,0.0,0.0,0.0,0.34320323649182205,0.10606601717798213,0.0,0.035355339059327376,0.0,0.0,1.0,0.0,0.041666666666666664,0.1414213562373095,0.0,0.35139096424936367,0.03952847075210474,0.282842712474619,0.0,0.0,0.0,0.0,0.0,0.0,0.33071891388307384,0.0,0.0,0.21213203435596423,0.0,0.03904344047215152,0.0,0.29166666666666663,0.3649002245998808,0.0,0.0,0.0,0.3143092785468561,0.0,0.0,0.0,0.0,0.0,0.035355339059327376,0.0,0.0,0.0,0.0625,0.0,0.046423834544262965,0.0,0.0,0.0,0.035355339059327376,0.035355339059327376,0.25802342327107,0.0,0.1143739277494535,0.0,0.07142857142857142,0.08333333333333333,0.0,0.0,0.0,0.044194173824159216,0.04902903378454601,0.0,0.0,0.07071067811865475,0.05590169943749474,0.0,0.0,0.1091089451179962,0.0,0.0,0.0,0.041666666666666664,0.0,0.4244373438135827,0.4364357804719848,0.0,0.0,0.4014775342734831,0.29166666666666663,0.0,0.0668153104781061,0.0,0.4518480570575319,0.3818813079129867,0.0545544725589981,0.036860489038724284,0.0,0.0,0.0,0.0,0.07142857142857142,0.0,0.0,0.0,0.0,0.0,0.0,0.0,0.0,0.0,0.03646624787447364,0.0,0.05212860351426869,0.0,0.0,0.0,0.0,0.24748737341529162,0.0,0.037688918072220454,0.0,0.0944911182523068,0.21213203435596423,0.04490132550669373,0.05212860351426869,0.0,0.0,0.0,0.0,0.0,0.0,0.05212860351426869,0.06933752452815364,0.0,0.053300179088902604,0.0,0.17677669529663687,0.0,0.0625,0.0,0.4518480570575319,0.035355339059327376,0.0,0.0,0.0,0.0,0.0,0.24748737341529162,0.0,0.0,0.4364357804719848,0.0,0.0,0.0,0.0,0.0,0.0,0.0,0.24748737341529162,0.0,0.0,0.0,0.2802242691589025,0.21213203435596423,0.21213203435596423,0.0,0.0,0.21213203435596423,0.0,0.0,0.0,0.04003203845127178,0.0,0.24748737341529162,0.0,0.0,0.0,0.0,0.0,0.0,0.0,0.0,0.0,0.0,0.0,0.35,0.0,0.0,0.46770717334674267,0.0,0.04564354645876384,0.1386750490563073,0.07216878364870323,0.32496684180984076,0.14173667737846019,0.0,0.2608745973749755,0.0,0.0,0.0,0.06933752452815364,0.0,0.0,0.0,0.0,0.0,0.0,0.0,0.35,0.3195048252113469,0.2802242691589025,0.0,0.17677669529663687,0.41247895569215276,0.0,0.0,0.0,0.035355339059327376,0.0,0.0,0.0,0.035355339059327376,0.2857142857142857,0.25802342327107,0.0,0.2802242691589025,0.04564354645876384,0.0,0.28769822778437526,0.037688918072220454,0.0,0.35,0.0,0.041666666666666664,0.33678765702728175,0.0,0.0,0.0,0.3818813079129867,0.053300179088902604,0.0,0.0,0.0,0.035355339059327376,0.05892556509887897,0.1,0.0,0.07905694150420949,0.08574929257125441,0.0,0.0,0.0,0.0,0.0,0.0,0.0,0.0,0.06454972243679027,0.0,0.0,0.0,0.0,0.4014775342734831,0.0,0.21213203435596423,0.046423834544262965,0.2766992952647332,0.05,0.0,0.0,0.30463589792247125,0.040555355282690636,0.0,0.09128709291752768,0.0,0.282842712474619,0.0,0.0,0.0,0.34320323649182205,0.2838874869788345,0.0,0.0,0.0,0.0,0.3818813079129867
herb060,0.0,0.0,0.0,0.0,0.0,0.0,0.0,0.0,0.0,0.0,0.0,0.0,0.0,0.0,0.0,0.0,0.0,0.0,0.0,0.0,0.0,0.0,0.0,0.0,0.0816496580927726,0.0,0.07352146220938077,0.0,0.0,0.0,0.0,0.0,0.0,0.0,0.0,0.0,0.0,0.0,0.0,0.0,0.0,0.0,0.0,0.0,0.0,0.0,0.0,0.0,0.0,1.0,0.0,0.0,0.0,0.0,0.0,0.0,0.0,0.0,0.0,0.0,0.0,0.0,0.0,0.0,0.0,0.0,0.0,0.0,0.0,0.0,0.0,0.0,0.0,0.0,0.08032193289024989,0.0,0.0,0.0,0.0,0.0,0.0,0.0,0.0,0.0,0.0,0.0,0.0,0.0,0.0,0.0,0.0,0.0,0.0,0.0,0.0,0.0,0.0,0.0,0.0,0.0,0.0,0.0,0.0,0.0,0.0,0.0,0.0,0.0,0.0,0.0,0.0,0.0,0.06523280730534423,0.0,0.0,0.0,0.0,0.0,0.0,0.0,0.0,0.0,0.11952286093343936,0.0,0.0,0.0,0.0,0.0,0.0,0.0,0.0,0.0,0.0,0.0,0.0,0.0,0.0,0.0,0.0,0.0,0.0,0.0,0.0,0.0,0.0,0.0,0.0,0.0,0.0,0.0,0.0,0.0,0.0,0.0,0.0,0.0,0.0,0.0,0.0,0.0,0.0,0.0,0.0,0.0,0.0,0.0,0.0,0.0,0.0,0.0,0.0,0.0,0.0,0.0,0.0,0.0,0.0,0.0,0.0,0.0,0.0,0.0,0.0,0.0,0.0,0.0,0.0,0.0,0.0,0.0,0.0,0.0,0.0,0.0,0.0,0.0,0.0,0.0,0.0,0.0,0.0,0.0,0.0,0.0,0.0,0.0,0.0,0.0,0.0,0.0,0.0,0.0,0.0,0.0,0.0,0.0,0.0,0.0,0.0,0.0,0.0,0.0,0.0,0.0,0.0,0.0,0.0,0.0,0.0,0.0,0.0,0.0,0.0,0.0,0.0,0.0,0.0,0.0,0.0,0.0,0.0,0.0,0.0,0.0,0.06324555320336758,0.0,0.0,0.0,0.0,0.0,0.0,0.0,0.0,0.0,0.0,0.0,0.0,0.0,0.0,0.0,0.0,0.0,0.0,0.0,0.0,0.0,0.0,0.0,0.0,0.0,0.0,0.0,0.0,0.0,0.0,0.0,0.0,0.0,0.0,0.0,0.0,0.1414213562373095,0.0,0.0,0.0,0.0,0.0,0.0,0.0,0.0,0.0,0.0,0.0,0.0,0.0,0.0,0.0,0.0,0.0,0.0,0.0,0.0,0.0,0.0,0.0,0.0,0.0,0.0,0.0,0.0,0.0,0.0,0.0,0.0,0.0,0.0,0.0,0.0
herb061,0.0,0.024845199749997663,0.029934217004462485,0.0,0.0,0.21213203435596426,0.0,0.0,0.0,0.0,0.0,0.03726779962499649,0.0,0.025717224993681984,0.23570226039551584,0.0,0.023809523809523808,0.041666666666666664,0.0,0.13518451760896877,0.0,0.0,0.35582999744274424,0.23717082451262844,0.0,0.023570226039551584,0.0,0.0,0.030429030972509225,0.14586499149789456,0.21213203435596426,0.282842712474619,0.023570226039551584,0.3292763870490873,0.0,0.2,0.0,0.0,0.228747855498907,0.03333333333333333,0.0,0.0,0.03268602252303067,0.023570226039551584,0.09128709291752768,0.0,0.2405626121623441,0.0,0.041666666666666664,0.0,0.9999999999999998,0.023570226039551584,0.0,0.026028960314767677,0.0,0.1414213562373095,0.0,0.0,0.041666666666666664,0.0,0.0,0.025416428388767443,0.0314970394174356,0.0,0.0,0.023570226039551584,0.023570226039551584,0.2602896031476768,0.0,0.027777777777777776,0.06950480468569159,0.0,0.0,0.0,0.029934217004462485,0.0,0.0,0.0,0.0,0.0,0.07071067811865475,0.0,0.0,0.023570226039551584,0.0,0.0,0.030949223029508643,0.0,0.0,0.0,0.0,0.0,0.02457365935914952,0.0,0.0,0.0,0.023809523809523808,0.0,0.0,0.0,0.1496710850223124,0.0,0.0,0.0,0.0,0.0,0.03726779962499649,0.0,0.0,0.0,0.0,0.0,0.024310831916315757,0.0,0.0,0.04042260417272216,0.036369648372665396,0.027777777777777776,0.043033148291193514,0.03823595564509362,0.25,0.0,0.0,0.0,0.043033148291193514,0.07273929674533079,0.0,0.0,0.0,0.0,0.0,0.0,0.0,0.0,0.0,0.0,0.0,0.0,0.2132007163556104,0.07453559924999298,0.0,0.0,0.024310831916315757,0.15294382258037448,0.06950480468569159,0.0,0.036369648372665396,0.0,0.0,0.21213203435596426,0.0,0.0,0.0,0.0,0.023570226039551584,0.0,0.0,0.0,0.0,0.0,0.0,0.0,0.0,0.0,0.0,0.04714045207910317,0.0,0.0,0.18856180831641267,0.0,0.0,0.0,0.043033148291193514,0.0,0.023570226039551584,0.0,0.0,0.0,0.0,0.023570226039551584,0.0,0.0,0.25458753860865774,0.0,0.0,0.0,0.0,0.14547859349066158,0.0,0.0,0.21213203435596426,0.07106690545187014,0.0,0.0,0.24019223070763068,0.04714045207910317,0.023570226039551584,0.0,0.2041241452319315,0.023570226039551584,0.0,0.2829582292090551,0.0,0.0,0.0,0.023570226039551584,0.0,0.030949223029508643,0.0,0.0,0.026352313834736494,0.0,0.0,0.0,0.0,0.0,0.0,0.03333333333333333,0.0,0.10814761408717502,0.0445435403187374,0.0,0.0,0.0,0.0,0.030949223029508643,0.28347335475692037,0.0,0.024845199749997663,0.0,0.0,0.0,0.0,0.0,0.20309059861498083,0.0,0.0,0.0,0.0,0.0,0.03333333333333333,0.06085806194501845,0.24019223070763068,0.0,0.1649915822768611,0.07856742013183862,0.0,0.0,0.0,0.0,0.023570226039551584,0.0,0.0629940788348712,0.07071067811865475,0.19047619047619047,0.2211629342323457,0.0,0.2135042050734495,0.030429030972509225,0.0,0.027399831217559546,0.025125945381480302,0.036369648372665396,0.03333333333333333,0.0,0.08333333333333333,0.032075014954979206,0.0,0.0,0.0,0.036369648372665396,0.3198010745334156,0.0,0.0,0.050251890762960605,0.0,0.628539361054709,0.16666666666666666,0.17407765595569785,0.0,0.0,0.0,0.05555555555555555,0.0,0.0,0.0,0.11433239009500587,0.0,0.0,0.0,0.0,0.0,0.0,0.0,0.03823595564509362,0.0,0.09428090415820634,0.0,0.21081851067789195,0.0,0.0,0.0,0.029012942659282975,0.13518451760896877,0.0,0.0,0.02457365935914952,0.023570226039551584,0.0,0.0,0.0,0.03268602252303067,0.21629522817435007,0.03823595564509362,0.0,0.0,0.0,0.036369648372665396
herb062,0.09701425001453318,0.12649110640673517,0.1016001016001524,0.04850712500726659,0.0,0.02,0.0,0.0,0.07071067811865475,0.17056057308448835,0.0,0.03162277660168379,0.1543033499620919,0.08728715609439695,0.18,0.064888568452305,0.08081220356417686,0.07071067811865475,0.0,0.25235730725761796,0.14342743312012723,0.0,0.04313310928137536,0.08944271909999159,0.02581988897471611,0.1,0.04649905549752771,0.0,0.02581988897471611,0.04125684985035174,0.12000000000000001,0.04,0.32,0.254000254000381,0.08485281374238571,0.0,0.030860669992418384,0.0,0.10783277320343841,0.25455844122715715,0.08164965809277261,0.0,0.11094003924504584,0.16,0.05163977794943222,0.04,0.040824829046386304,0.0,0.1414213562373095,0.0,0.023570226039551584,1.0000000000000002,0.0,0.13251783128981587,0.0670820393249937,0.12,0.0,0.10690449676496974,0.035355339059327376,0.05163977794943222,0.03779644730092272,0.0,0.16035674514745463,0.02948839123097943,0.0,0.24,0.0,0.08834522085987724,0.16329931618554522,0.1649915822768611,0.14744195615489714,0.02461829819586655,0.0,0.1649915822768611,0.1778001778002667,0.0,0.0,0.0,0.0670820393249937,0.0834057656228299,0.16,0.02,0.12,0.02,0.0,0.07071067811865475,0.0,0.0,0.0254000254000381,0.06666666666666668,0.04,0.04,0.1668115312456598,0.0,0.0,0.0,0.020203050891044214,0.04714045207910317,0.0,0.0,0.0,0.125,0.08320502943378438,0.0,0.12649110640673517,0.04,0.0,0.0,0.034299717028501764,0.0,0.10000000000000002,0.06,0.061885274775527604,0.0,0.02721655269759087,0.17149858514250882,0.12344267996967354,0.023570226039551584,0.0,0.16222142113076252,0.1414213562373095,0.030151134457776358,0.11338934190276817,0.0,0.18257418583505536,0.1543033499620919,0.09258200997725516,0.1668115312456598,0.0,0.0,0.0,0.0,0.060609152673132646,0.0,0.0,0.0,0.04264014327112209,0.0,0.030151134457776358,0.0,0.08164965809277261,0.05345224838248487,0.02062842492517587,0.0,0.0,0.0,0.030860669992418384,0.0,0.06546536707079771,0.08,0.0,0.06396021490668313,0.0,0.0,0.24,0.0,0.0,0.07559289460184544,0.04529108136578383,0.0,0.04216370213557839,0.05163977794943222,0.0,0.0,0.07844645405527362,0.0,0.0,0.07844645405527362,0.16,0.10690449676496974,0.07071067811865475,0.0,0.18257418583505536,0.08,0.12000000000000001,0.02156655464068768,0.04417261042993862,0.05773502691896258,0.0,0.16,0.12649110640673517,0.05163977794943222,0.1543033499620919,0.0,0.0,0.02294157338705618,0.060302268915552716,0.0,0.04,0.06172133998483677,0.1,0.030151134457776358,0.06,0.06172133998483677,0.09058216273156766,0.2,0.24,0.05443310539518174,0.02886751345948129,0.18,0.03922322702763681,0.0,0.07745966692414832,0.04529108136578383,0.0,0.12,0.0,0.0,0.0,0.044721359549995794,0.0,0.0,0.0,0.04364357804719848,0.0,0.0,0.0,0.1414213562373095,0.023249527748763855,0.02294157338705618,0.1889822365046136,0.0,0.0,0.0,0.06123724356957946,0.10504514628777804,0.026726124191242435,0.05547001962252292,0.10540925533894596,0.08528028654224418,0.0,0.0,0.0,0.1460593486680443,0.02461829819586655,0.0,0.0,0.0,0.0,0.0254000254000381,0.16970562748477142,0.15491933384829665,0.11322770341445958,0.0,0.1,0.13333333333333336,0.0,0.06324555320336758,0.0282842712474619,0.0,0.06,0.04,0.026726124191242435,0.04,0.10101525445522107,0.10425720702853739,0.05897678246195886,0.09058216273156766,0.0,0.18000000000000002,0.13949716649258315,0.0,0.0,0.1131370849898476,0.04264014327112209,0.07071067811865475,0.10886621079036347,0.03922322702763681,0.0,0.0,0.12344267996967354,0.060302268915552716,0.02,0.0,0.04264014327112209,0.14,0.06666666666666668,0.0282842712474619,0.0,0.0,0.024253562503633294,0.0,0.0,0.10000000000000002,0.32,0.0,0.09701425001453318,0.10289915108550529,0.0,0.0,0.0,0.03922322702763681,0.0,0.1,0.19466570535691502,0.06974858324629157,0.18,0.07878385971583353,0.08944271909999159,0.0282842712474619,0.0,0.0,0.0984731927834662,0.06882472016116853,0.0,0.02581988897471611,0.0,0.16,0.0,0.0984731927834662,0.0,0.11094003924504584,0.09176629354822471,0.0,0.0,0.10289915108550529,0.0,0.21602468994692867
herb063,0.0,0.0,0.0,0.0,0.0,0.0,0.0,0.0,0.0,0.0,0.0,0.0,0.0,0.0,0.06859943405700353,0.0,0.0692958928675237,0.0,0.0,0.0,0.0,0.0,0.0,0.0,0.0,0.0,0.0,0.0,0.0,0.0,0.10289915108550529,0.0,0.0,0.0,0.0,0.0,0.0,0.0,0.07397267214553091,0.0,0.0,0.040996003084539386,0.0,0.0,0.04428074427700476,0.0,0.0,0.0,0.0,0.0,0.0,0.0,1.0,0.0,0.0,0.13719886811400706,0.0,0.0,0.0,0.0,0.0,0.0,0.09166984970282112,0.0,0.0,0.0,0.0,0.0,0.0,0.0,0.0,0.0,0.0,0.0,0.0,0.0,0.0,0.0,0.0,0.0,0.0,0.0,0.0,0.0,0.0,0.0,0.0,0.0,0.0,0.0,0.10289915108550529,0.13719886811400706,0.1430397079704303,0.0,0.07397267214553091,0.042874646285627205,0.0,0.0,0.0,0.0,0.0,0.0,0.0,0.0,0.0,0.0,0.0,0.0,0.11764705882352941,0.10585122480499264,0.0,0.0,0.0,0.0,0.0,0.0,0.0,0.04042260417272216,0.0,0.0,0.0,0.0,0.0,0.0,0.0,0.0,0.0,0.0,0.0,0.0,0.35759926992607577,0.0,0.0,0.0,0.0,0.0,0.0,0.0,0.0,0.21693045781865616,0.0,0.0,0.0,0.0,0.0,0.0,0.0,0.0,0.0,0.0,0.048507125007266595,0.0,0.0,0.0,0.06859943405700353,0.0,0.0,0.0,0.0,0.0,0.0,0.0,0.0,0.05057217374241736,0.0,0.0,0.0,0.0,0.0,0.0,0.0,0.0,0.0,0.0,0.0,0.0,0.0,0.0,0.0,0.06859943405700353,0.0,0.0,0.0,0.0,0.0,0.0,0.0,0.0,0.0,0.0,0.06859943405700353,0.0,0.0,0.0,0.0,0.0,0.0,0.0,0.0,0.10289915108550529,0.0,0.0,0.17712297710801905,0.0,0.0,0.13719886811400706,0.0,0.0,0.0,0.0,0.0,0.33776026473659926,0.0,0.03742405942825599,0.0,0.0,0.0,0.0,0.0,0.0,0.0,0.0,0.0,0.0,0.0,0.18015093964441797,0.0,0.0,0.07231015260621873,0.0,0.0,0.0,0.0,0.0,0.0,0.0,0.0,0.0,0.0,0.0,0.0,0.0,0.07767356373806174,0.0,0.0,0.0,0.0,0.0,0.048507125007266595,0.0,0.0,0.034299717028501764,0.0,0.06859943405700353,0.0,0.0,0.0,0.07767356373806174,0.0,0.0,0.0,0.0,0.0,0.0,0.0,0.0,0.0,0.0,0.0,0.17712297710801905,0.0,0.10341753799900381,0.0,0.0,0.0,0.0,0.0,0.0,0.04222003309207491,0.0,0.16637806616154058,0.0,0.0,0.0,0.0,0.0,0.08318903308077029,0.0,0.0,0.0,0.03742405942825599,0.06726727939963124,0.0,0.0,0.11128297681493143,0.0,0.06859943405700353,0.0,0.07669649888473705,0.0,0.21170244960998527,0.034299717028501764,0.0,0.0,0.25286086871208685,0.0,0.0,0.0,0.0,0.0,0.0,0.0,0.0,0.0,0.0,0.0,0.0,0.0
herb064,0.026783579200279007,0.20952908873087348,0.3646452637445894,0.026783579200279007,0.0,0.02208630521496931,0.023026564952925203,0.0,0.0,0.09417632186960223,0.0,0.0,0.0,0.16868694244915794,0.2429493573646624,0.0,0.2454159115392381,0.0,0.0,0.177343107178349,0.0,0.0,0.047632550822954096,0.1728526794136782,0.0570265948512201,0.04417261042993862,0.02567480829815484,0.0,0.0,0.0,0.15460413650478516,0.02208630521496931,0.15460413650478516,0.19634744970862505,0.09370425713316365,0.0,0.0,0.0,0.16671392788033934,0.031234752377721216,0.12022261795565765,0.0,0.3369101405074289,0.13251783128981587,0.0,0.02208630521496931,0.0,0.06984302957695782,0.35139096424936367,0.0,0.026028960314767677,0.13251783128981587,0.0,1.0000000000000002,0.049386479832479485,0.1987767469347238,0.0,0.0,0.0,0.0570265948512201,0.0,0.0,0.26562660124542986,0.0,0.056099271345321444,0.2208630521496931,0.0,0.024390243902439025,0.0,0.18220272220337375,0.22795136315904269,0.05437272478270369,0.0,0.1301448015738384,0.19634744970862505,0.0,0.0,0.0,0.049386479832479485,0.0,0.0,0.0,0.0,0.0,0.03904344047215152,0.0,0.02900073952828708,0.07165743639000186,0.08414890701798217,0.0,0.02208630521496931,0.17669044171975448,0.20723908457632684,0.0,0.047632550822954096,0.0,0.02231053741265801,0.052057920629535355,0.0,0.06659271582120269,0.0,0.027607881518711633,0.030628194591584446,0.0,0.0,0.02208630521496931,0.03492151478847891,0.0,0.0,0.0681598176590997,0.22086305214969312,0.0,0.0,0.026028960314767677,0.0,0.2651439066774996,0.2726392706363988,0.0,0.0,0.25080102736500653,0.18220272220337375,0.0,0.08347838711296822,0.0,0.28226724349092913,0.23855936180684897,0.0,0.023026564952925203,0.0,0.0,0.0,0.0,0.04462107482531602,0.0,0.0,0.0,0.0,0.0,0.03329635791060134,0.0,0.0,0.0,0.022780284450075735,0.0,0.03256448045129181,0.0,0.2044794529772991,0.06659271582120269,0.0,0.15460413650478516,0.0,0.023544080467400558,0.0,0.0,0.3092082730095703,0.08414890701798217,0.03256448045129181,0.0,0.0,0.0,0.046562019717971886,0.14256648712805026,0.0,0.03256448045129181,0.0,0.0,0.03329635791060134,0.0,0.11043152607484655,0.0,0.0,0.0,0.28226724349092913,0.02208630521496931,0.06625891564490793,0.0,0.0,0.0,0.0,0.2208630521496931,0.0,0.0,0.23855936180684897,0.0,0.0,0.0,0.0,0.0,0.0,0.0,0.15460413650478516,0.03329635791060134,0.0,0.0,0.17505471314812437,0.28712196779460103,0.3092082730095703,0.0,0.0,0.17669044171975448,0.0,0.0,0.0,0.025007816164017767,0.0,0.26503566257963174,0.0,0.0,0.11713032141645455,0.0,0.0,0.10874544956540738,0.04605312990585041,0.0,0.0,0.0,0.129944424547263,0.2811127713994909,0.0,0.050669459193814,0.2921743548953888,0.0,0.0,0.086629616364842,0.09016696346674324,0.31900813481115786,0.0885422004151433,0.0,0.25609110844884536,0.0,0.0,0.0,0.043314808182421,0.0,0.0,0.0,0.0,0.0,0.0,0.0,0.2186432666440485,0.19959308197927036,0.17505471314812437,0.09016696346674324,0.1546041365047852,0.25767356084130866,0.0,0.13968605915391563,0.0,0.02208630521496931,0.0,0.0,0.059028133610095526,0.11043152607484655,0.17848429930126408,0.20723908457632684,0.06512896090258362,0.2750859778041954,0.08553989227683015,0.0,0.17972365808708388,0.023544080467400558,0.0,0.2186432666440485,0.0,0.07808688094430304,0.21038958142240088,0.0,0.0,0.1140531897024402,0.23855936180684897,0.03329635791060134,0.0,0.0,0.0,0.13251783128981587,0.03681050869161552,0.15617376188860607,0.0,0.049386479832479485,0.16070147520167405,0.0,0.0,0.0,0.02208630521496931,0.0,0.0,0.0,0.0,0.0,0.0,0.0,0.0,0.0,0.4299446183400112,0.0,0.24294935736466242,0.02900073952828708,0.1728526794136782,0.0,0.0,0.0,0.2990499863048703,0.025334729596907,0.13025792180516724,0.0,0.0,0.1987767469347238,0.0,0.0,0.0,0.3369101405074289,0.177343107178349,0.0,0.05134961659630968,0.0,0.0,0.37487899712504835
herb065,0.18981415059132414,0.023570226039551584,0.0,0.7050239879106324,0.0,0.044721359549995794,0.0,0.0,0.07905694150420949,0.14301938838683886,0.0632455532033676,0.07071067811865475,0.06900655593423542,0.6099375455928333,0.08944271909999159,0.0,0.04517539514526256,0.07905694150420949,0.09534625892455924,0.0,0.0,0.0,0.12056070554260304,0.0,0.0,0.0,0.0,0.0,0.057735026918962574,0.1614429614050549,0.0,0.0,0.08944271909999159,0.08519427513705972,0.0,0.0,0.0,0.0,0.0,0.0,0.15214515486254615,0.5612486080160911,0.0,0.11180339887498948,0.057735026918962574,0.4024922359499622,0.0912870929175277,0.0,0.03952847075210474,0.0,0.0,0.0670820393249937,0.0,0.049386479832479485,1.0,0.0,0.0,0.2988071523335984,0.1976423537605237,0.08660254037844387,0.0,0.0,0.1494035761667992,0.0,0.0,0.1118033988749895,0.0,0.024693239916239743,0.21300321680756462,0.05270462766947299,0.0,0.08257228238447706,0.18605210188381271,0.21081851067789195,0.056796183424706485,0.0408248290463863,0.0,0.0,0.0,0.023312620206007845,0.0670820393249937,0.0,0.022360679774997897,0.0,0.03952847075210474,0.0,0.2055270768301462,0.0,0.08519427513705972,0.1863389981249825,0.0,0.08944271909999159,0.023312620206007845,0.0,0.024112141108520606,0.0,0.5421047417431508,0.10540925533894598,0.6062177826491071,0.0,0.0,0.0,0.0,0.0,0.0,0.0670820393249937,0.07071067811865475,0.17251638983558854,0.0,0.0,0.074535599249993,0.0,0.06918984060216639,0.5533985905294665,0.060858061945018464,0.0,0.0,0.0,0.2041241452319315,0.0,0.0,0.16854996561581048,0.1267731382092775,0.0,0.0,0.17251638983558854,0.3105295017040594,0.0,0.0,0.0,0.0,0.0,0.04517539514526256,0.05590169943749474,0.14680505487867584,0.0,0.0,0.1011299793694863,0.0,0.0,0.0,0.08964214570007953,0.0,0.0,0.0,0.0,0.10350983390135313,0.0674199862463242,0.5611425419454066,0.0,0.0,0.11918282365569904,0.0,0.17928429140015906,0.11180339887498948,0.0,0.0,0.21128856368212917,0.12659242088545833,0.1011299793694863,0.023570226039551584,0.0,0.0,0.0659380473395787,0.043852900965351466,0.022360679774997897,0.0337099931231621,0.1315587028960544,0.022360679774997897,0.0,0.31622776601683794,0.0,0.0,0.447213595499958,0.0,0.0,0.09877295966495897,0.0,0.0,0.1341640786499874,0.0,0.7505553499465136,0.0,0.0,0.0670820393249937,0.12824729401064427,0.16854996561581048,0.10350983390135313,0.447213595499958,0.06900655593423542,0.0,0.0,0.0,0.0,0.0,0.0,0.11180339887498948,0.15214515486254615,0.0,0.0670820393249937,0.0,0.0,0.0,0.0,0.0,0.0,0.0,0.058722021951470346,0.03952847075210474,0.525,0.0,0.0,0.0,0.51234753829798,0.42485291572496003,0.0,0.08770580193070293,0.0,0.6758378183830472,0.0,0.0,0.0,0.20207259421636903,0.08770580193070293,0.5249007842757843,0.0,0.0,0.0,0.0,0.0,0.11180339887498948,0.06454972243679029,0.0,0.1224744871391589,0.0,0.0,0.0,0.023312620206007845,0.0,0.08519427513705972,0.0316227766016838,0.0,0.0,0.04564354645876385,0.022360679774997897,0.0372677996249965,0.19364916731037085,0.0,0.0,0.0670820393249937,0.08944271909999159,0.11180339887498948,0.02988071523335984,0.0,0.0,0.0,0.03296902366978935,0.0,0.08660254037844387,0.1118033988749895,0.25993762245501817,0.5005678593539361,0.0,0.09486832980505139,0.14301938838683886,0.026352313834736494,0.060858061945018464,0.08770580193070293,0.0,0.0,0.0,0.0337099931231621,0.49193495504995377,0.14680505487867584,0.09534625892455924,0.044721359549995794,0.0,0.0,0.0,0.0,0.0,0.0,0.0,0.0,0.1341640786499874,0.0,0.0,0.19174124721184263,0.0,0.0408248290463863,0.0,0.0,0.0,0.022360679774997897,0.0,0.07798128673650545,0.0,0.2055270768301462,0.025,0.0316227766016838,0.0,0.0,0.0,0.15389675281277312,0.0,0.0,0.04662524041201569,0.5142956348249517,0.0,0.0,0.1011299793694863,0.0,0.0,0.0,0.5978565316465418,0.23008949665421116,0.04662524041201569,0.17251638983558856
herb066,0.07276068751089988,0.16865480854231357,0.1778001778002667,0.0,0.0,0.06,0.0,0.0,0.0,0.0,0.0,0.03162277660168379,0.0,0.15275252316519466,0.24,0.0,0.22223355980148635,0.0,0.0,0.2982404540317303,0.023904572186687872,0.02,0.21566554640687682,0.24596747752497689,0.0,0.12000000000000001,0.09299811099505542,0.04264014327112209,0.02581988897471611,0.02062842492517587,0.24,0.12000000000000001,0.19999999999999998,0.2286002286003429,0.1131370849898476,0.0282842712474619,0.0,0.0,0.25879865568825217,0.1131370849898476,0.10886621079036347,0.0,0.2773500981126146,0.14,0.0,0.04,0.0,0.0,0.282842712474619,0.0,0.1414213562373095,0.12,0.13719886811400706,0.1987767469347238,0.0,1.0,0.0,0.0,0.07071067811865475,0.0,0.0,0.04313310928137536,0.21380899352993948,0.0,0.1270001270001905,0.26,0.06,0.11043152607484655,0.0,0.18856180831641267,0.29488391230979427,0.02461829819586655,0.0,0.07071067811865475,0.3048003048004572,0.0,0.0,0.0,0.022360679774997897,0.0,0.04,0.04,0.06,0.08,0.0,0.0,0.05252257314388902,0.0,0.15240015240022858,0.0,0.02,0.1,0.1668115312456598,0.0,0.08626621856275073,0.024999999999999998,0.020203050891044214,0.04714045207910317,0.0,0.0,0.0,0.125,0.05547001962252292,0.0,0.021081851067789197,0.04,0.06324555320336758,0.0,0.0,0.12344267996967354,0.10000000000000002,0.04,0.02062842492517587,0.04714045207910317,0.0,0.2743977362280141,0.2160246899469287,0.04714045207910317,0.07302967433402215,0.25955427380922,0.2592724864350674,0.0,0.03779644730092272,0.0,0.2921186973360886,0.27774602993176545,0.0,0.0834057656228299,0.0,0.0,0.0834057656228299,0.0,0.04040610178208843,0.049999999999999996,0.0,0.0,0.0,0.030151134457776358,0.18090680674665816,0.12649110640673517,0.0,0.0,0.04125684985035174,0.0,0.05897678246195886,0.0,0.12344267996967354,0.0,0.0,0.2,0.0,0.04264014327112209,0.0,0.0,0.22,0.0508000508000762,0.02948839123097943,0.0,0.0,0.0,0.0,0.07745966692414832,0.0,0.02948839123097943,0.03922322702763681,0.04,0.030151134457776358,0.0,0.22000000000000003,0.0,0.0,0.0,0.2921186973360886,0.06,0.16,0.0,0.0,0.0,0.0,0.2,0.0,0.0,0.3086066999241838,0.0,0.04,0.02294157338705618,0.0,0.030860669992418384,0.0,0.030860669992418384,0.24000000000000002,0.060302268915552716,0.06,0.0,0.24910094751181105,0.27999999999999997,0.22,0.0,0.02886751345948129,0.22,0.0,0.034299717028501764,0.10327955589886444,0.09058216273156766,0.0324442842261525,0.2,0.0,0.07878385971583353,0.0,0.0,0.0670820393249937,0.09847319278346618,0.020851441405707476,0.02182178902359924,0.0,0.02294157338705618,0.03922322702763681,0.2262741699796952,0.0,0.0,0.30237157840738177,0.0,0.0,0.07844645405527362,0.040824829046386304,0.2100902925755561,0.1336306209562122,0.0,0.14757295747452437,0.0,0.0,0.0,0.03922322702763681,0.0,0.0492365963917331,0.0,0.0,0.0,0.0,0.0508000508000762,0.2262741699796952,0.23237900077244497,0.2943920288775949,0.0,0.14,0.23333333333333336,0.05773502691896258,0.06324555320336758,0.0,0.1,0.0,0.02,0.05345224838248487,0.2,0.22223355980148635,0.3127716210856122,0.0,0.22645540682891915,0.07745966692414832,0.02,0.16274669424134697,0.06396021490668313,0.12344267996967354,0.33941125496954283,0.0,0.1649915822768611,0.24494897427831783,0.0,0.0,0.0,0.2160246899469287,0.09045340337332908,0.0,0.0,0.0,0.12,0.13333333333333336,0.16970562748477142,0.0492365963917331,0.044721359549995794,0.12126781251816647,0.044721359549995794,0.04714045207910317,0.0,0.04,0.0,0.07276068751089988,0.034299717028501764,0.0,0.0,0.0,0.0,0.0,0.1,0.32444284226152503,0.0,0.28,0.05252257314388902,0.20124611797498107,0.0,0.12344267996967352,0.06,0.1969463855669324,0.06882472016116853,0.02948839123097943,0.02581988897471611,0.06255432421712243,0.18,0.04040610178208843,0.0,0.030151134457776358,0.2496150883013531,0.2982404540317303,0.0,0.0,0.0,0.0,0.2160246899469287
herb068,0.0,0.0,0.0,0.0,0.0,0.0,0.0,0.0,0.0,0.0,0.0,0.1860521018838127,0.0,0.0,0.03922322702763681,0.0,0.0,0.0,0.0,0.0,0.0,0.0,0.0,0.0,0.0,0.0,0.0,0.0,0.15191090506255,0.12136700910941023,0.0,0.0,0.0,0.0,0.0,0.0,0.0,0.0,0.0,0.0,0.05337605126836238,0.0,0.0,0.0,0.0,0.07844645405527362,0.0,0.0,0.0,0.0,0.0,0.0,0.0,0.0,0.0,0.0,1.0,0.0,0.0,0.0,0.0,0.0,0.0,0.0,0.0,0.0,0.0,0.0,0.0,0.0,0.0,0.0,0.0,0.0,0.0,0.0,0.0,0.0,0.0,0.0,0.11766968108291043,0.0,0.0,0.0,0.0,0.0,0.0,0.0,0.0,0.19611613513818404,0.0,0.0,0.0,0.0,0.0,0.0,0.0,0.323575114464717,0.0,0.0,0.1494406444160154,0.0,0.0,0.0,0.0,0.0,0.0,0.0,0.0,0.0,0.0,0.03922322702763681,0.0,0.0,0.0,0.0,0.0,0.0,0.0,0.0,0.0,0.0,0.0,0.0,0.0,0.0,0.30261376633440124,0.12267912301642961,0.0,0.0,0.0,0.0,0.03962144258751637,0.0,0.0,0.19611613513818404,0.0,0.0,0.0,0.0,0.0,0.0,0.0,0.1908854288927333,0.0,0.0,0.0,0.0,0.0,0.0,0.0,0.0,0.0,0.0,0.0,0.0,0.0,0.0,0.0,0.05913123959890826,0.0,0.0,0.0,0.0,0.0,0.0,0.0,0.0,0.0,0.0,0.0,0.0,0.0,0.0,0.0,0.0,0.0,0.0,0.0,0.07844645405527362,0.0,0.0,0.0,0.0,0.0,0.0,0.0,0.0,0.0,0.0,0.0,0.4139186771923578,0.0,0.0,0.0,0.0,0.0,0.0,0.11322770341445959,0.0,0.0,0.0,0.0,0.0,0.0,0.0,0.0,0.0,0.06933752452815364,0.0,0.0,0.0,0.0,0.0,0.0,0.0,0.0,0.0,0.0,0.35993701653267807,0.0,0.0,0.0,0.0,0.08006407690254358,0.0,0.0,0.0,0.0,0.0,0.0,0.0,0.0,0.0,0.0,0.0,0.0,0.0,0.0,0.0,0.0,0.0,0.0,0.0,0.0,0.0,0.0,0.0,0.0,0.0,0.0,0.0,0.0,0.0,0.0,0.0,0.05783149319662403,0.0,0.0,0.0,0.0,0.1254363015010636,0.0,0.0,0.0,0.046225016352102424,0.0,0.0,0.0,0.0,0.0,0.0,0.07844645405527362,0.0,0.0,0.0,0.0,0.0,0.0,0.0,0.0,0.0,0.0,0.0,0.03922322702763681,0.0,0.0,0.0,0.0,0.0,0.0,0.0,0.0,0.0,0.0,0.0,0.0,0.0,0.0,0.0,0.0,0.0,0.0,0.0,0.0,0.0,0.040893041005476534,0.0,0.0,0.0,0.0,0.0,0.0,0.0,0.0,0.0,0.0,0.0
herb069,0.32410186177608213,0.0,0.0,0.32410186177608213,0.0,0.0,0.0,0.0,0.0,0.0,0.07559289460184544,0.0,0.08247860988423225,0.1749635530559413,0.10690449676496974,0.0,0.0,0.0,0.0,0.0,0.0,0.0,0.17291712531127046,0.0,0.0,0.0,0.0,0.0,0.0,0.0,0.0,0.0,0.10690449676496974,0.0,0.0,0.0,0.0,0.0,0.0,0.0,0.363696483726654,0.0,0.0,0.16035674514745463,0.13801311186847082,0.0,0.0,0.0,0.0,0.0,0.0,0.10690449676496974,0.0,0.0,0.2988071523335984,0.0,0.0,0.9999999999999998,0.0,0.0,0.0,0.0,0.35714285714285704,0.0,0.0,0.10690449676496974,0.0,0.0,0.0,0.0,0.0,0.19738550848793068,0.0,0.31497039417435596,0.06788442333021306,0.0,0.0,0.0,0.0,0.0,0.05345224838248487,0.0,0.0,0.0,0.0,0.0,0.0,0.0,0.2036532699906392,0.1781741612749496,0.0,0.05345224838248487,0.0,0.0,0.0,0.0,0.0,0.0,0.0,0.0,0.06788442333021306,0.0,0.0,0.0,0.0,0.0,0.0,0.0,0.0,0.0,0.1781741612749496,0.0,0.055131784641997125,0.0,0.0,0.0,0.0,0.0,0.0,0.0,0.0,0.24174688920761406,0.20203050891044214,0.1091089451179962,0.0,0.0,0.1649572197684645,0.0,0.0,0.0,0.0,0.0,0.05399492471560388,0.0,0.0,0.0,0.0,0.24174688920761406,0.0,0.0,0.0,0.14285714285714282,0.0,0.0,0.0,0.0,0.0,0.08058229640253801,0.11664236870396086,0.0,0.0,0.0,0.0,0.0,0.26726124191242434,0.0,0.0,0.5050762722761053,0.0,0.24174688920761406,0.0,0.0,0.0,0.0,0.0,0.0,0.0,0.0,0.0,0.0,0.1889822365046136,0.0,0.0,0.0,0.0,0.0,0.0,0.0,0.0,0.0,0.0,0.34503277967117707,0.0,0.0,0.16035674514745463,0.18394180184548975,0.0,0.24743582965269675,0.0,0.0,0.0,0.0,0.0,0.0,0.0,0.0,0.26726124191242434,0.0,0.07715167498104596,0.0,0.0,0.0,0.0,0.0,0.0,0.0,0.0,0.0,0.0,0.0,0.0,0.0,0.0,0.0,0.0,0.0,0.0,0.0,0.18641092980036,0.0,0.0,0.0,0.20701966780270623,0.0,0.0,0.0,0.0,0.0,0.0,0.0,0.0,0.0,0.0,0.1951800145897066,0.0,0.0,0.0,0.0,0.0,0.2036532699906392,0.0,0.0,0.0,0.0,0.0,0.0,0.4629100498862757,0.0,0.0,0.16035674514745463,0.0,0.26726124191242434,0.0,0.0,0.0,0.0,0.0,0.0,0.27602622373694163,0.0,0.3106848830006,0.0,0.0,0.22677868380553634,0.0,0.0,0.0,0.0,0.0,0.0,0.0,0.0,0.0,0.0,0.0,0.0,0.0,0.0,0.0,0.0,0.0,0.0,0.0,0.0,0.0,0.0,0.0,0.4583492485141056,0.0,0.0,0.0,0.0,0.0,0.0,0.0,0.0,0.0,0.07018624063435963,0.0,0.0,0.0,0.0,0.0,0.0,0.0,0.0,0.0,0.10690449676496974,0.0,0.0,0.24174688920761406,0.0,0.0,0.0,0.0,0.4583492485141056,0.0,0.4123930494211613
herb070,0.0,0.0,0.0,0.30012252399939043,0.0,0.0,0.036860489038724284,0.0,0.0,0.07537783614444091,0.0,0.05590169943749474,0.0,0.1928791874526149,0.035355339059327376,0.0,0.0,0.0625,0.0,0.08111071056538127,0.042257712736425826,0.0,0.038124642583151166,0.0,0.0,0.0,0.0,0.07537783614444091,0.04564354645876384,0.2552637351213155,0.0,0.0,0.07071067811865475,0.04490132550669373,0.0,0.05,0.0545544725589981,0.0,0.0,0.05,0.0,0.253546276418555,0.0,0.07071067811865475,0.0,0.1414213562373095,0.0,0.0,0.0,0.0,0.041666666666666664,0.035355339059327376,0.0,0.0,0.1976423537605237,0.07071067811865475,0.0,0.0,1.0,0.0,0.0,0.038124642583151166,0.0,0.0,0.0,0.10606601717798213,0.035355339059327376,0.03904344047215152,0.28867513459481287,0.0,0.0,0.0,0.24514516892273006,0.0,0.0,0.0,0.0,0.0,0.0,0.036860489038724284,0.0,0.0,0.0,0.0,0.125,0.0,0.2785430072655778,0.0,0.0,0.0,0.0,0.10606601717798213,0.0,0.0,0.0,0.044194173824159216,0.17857142857142855,0.0,0.27386127875258304,0.0,0.0,0.0,0.0,0.0,0.037267799624996496,0.10606601717798213,0.05590169943749474,0.545544725589981,0.0,0.0,0.0,0.0,0.0,0.25,0.0,0.0,0.0,0.0,0.9036961141150639,0.0,0.0,0.0,0.0,0.0,0.0,0.545544725589981,0.3273268353539886,0.07372097807744857,0.0,0.0,0.0,0.0,0.0,0.0,0.32496684180984076,0.0,0.0,0.0,0.053300179088902604,0.0,0.0,0.0,0.03646624787447364,0.0,0.0,0.0,0.0545544725589981,0.0,0.23145502494313785,0.0,0.0,0.18844459036110228,0.0,0.0944911182523068,0.0,0.0,0.10425720702853739,0.0,0.24019223070763068,0.0,0.0,0.0,0.0,0.0,0.06933752452815364,0.035355339059327376,0.0,0.0,0.0,0.0,0.0,0.0,0.0,0.1414213562373095,0.035355339059327376,0.0,0.0,0.0,0.0,0.21213203435596426,0.0,0.2282177322938192,0.1091089451179962,0.0,0.0,0.0,0.3198010745334156,0.0,0.1414213562373095,0.0,0.0,0.0,0.0,0.0,0.0,0.0,0.0,0.28867513459481287,0.051031036307982884,0.10606601717798213,0.0,0.06063390625908324,0.0,0.0,0.0,0.0,0.0,0.0,0.0625,0.23717082451262844,0.0,0.0,0.0,0.23145502494313785,0.1414213562373095,0.0,0.0,0.0,0.20549873413169661,0.0,0.0,0.0,0.0,0.0,0.2165063509461097,0.0,0.0,0.0,0.0,0.0,0.08838834764831843,0.0,0.0,0.0,0.04351941398892446,0.11180339887498948,0.04902903378454601,0.0,0.0,0.0,0.0,0.0,0.0,0.0,0.0,0.0,0.0,0.0,0.0,0.035355339059327376,0.21213203435596423,0.0,0.0,0.0,0.03571428571428571,0.0,0.0,0.0,0.0,0.07071067811865475,0.3698977214370539,0.26382242650554316,0.0,0.0,0.22613350843332272,0.041666666666666664,0.0,0.0,0.0,0.0,0.0,0.0,0.17677669529663687,0.32496684180984076,0.0,0.0,0.05892556509887897,0.0,0.08703882797784893,0.0,0.0,0.0,0.08333333333333333,0.11785113019775793,0.10606601717798213,0.0,0.0,0.0,0.0,0.0,0.0,0.0,0.0,0.0,0.0,0.0,0.0,0.23211917272131483,0.0,0.0,0.0,0.035355339059327376,0.0,0.24333213169614382,0.0,0.04564354645876384,0.0,0.17677669529663687,0.0,0.0,0.0,0.0,0.0,0.0,0.20549873413169661,0.0,0.0,0.0
herb072,0.0,0.3538151850686813,0.06558258357839529,0.0,0.0,0.07745966692414832,0.0,0.0,0.41079191812887456,0.0,0.0,0.20412414523193148,0.0,0.19720265943665385,0.10327955589886444,0.0,0.07824607964359515,0.0,0.11009637651263605,0.0,0.0,0.0,0.08352690695845567,0.0,0.43333333333333324,0.0,0.0,0.0,0.19999999999999996,0.07989354619369611,0.0,0.0,0.02581988897471611,0.0,0.0,0.0,0.0,0.0,0.0,0.0,0.03513641844631533,0.0,0.0,0.0,0.0,0.07745966692414832,0.0,0.36742346141747667,0.0,0.0,0.0,0.05163977794943222,0.0,0.0570265948512201,0.08660254037844387,0.0,0.0,0.0,0.0,0.9999999999999998,0.0,0.027842302319485226,0.0,0.0,0.13116516715679058,0.0,0.18073922282301275,0.02851329742561005,0.0,0.09128709291752768,0.0,0.12712834523274563,0.21483446221182984,0.0,0.09837387536759293,0.04714045207910316,0.0,0.0,0.34641016151377546,0.3230291412348993,0.0,0.0,0.0,0.15491933384829665,0.04564354645876384,0.0,0.0,0.41885390829169544,0.0,0.04303314829119352,0.0,0.0,0.24227185592617445,0.0,0.0,0.0,0.0,0.0,0.0,0.15569978883230456,0.0,0.0,0.0,0.0,0.0,0.0,0.0,0.0,0.0,0.0,0.04303314829119352,0.0,0.18641827445195758,0.0,0.07027283689263066,0.0,0.0,0.0,0.0,0.0,0.0,0.11677484162422842,0.0,0.0,0.0,0.0,0.0,0.026919095102908273,0.0,0.0837707816583391,0.0,0.0,0.0,0.0,0.0,0.04303314829119352,0.0,0.0,0.0,0.0,0.0,0.0,0.02663118206456537,0.0,0.0,0.0,0.0,0.3503245248726853,0.0,0.0,0.0,0.0,0.0,0.0,0.0,0.0,0.0,0.0,0.0,0.0,0.408248290463863,0.06666666666666665,0.0,0.0761386987626881,0.0,0.02581988897471611,0.0,0.5063696835418333,0.02581988897471611,0.0,0.13693063937629152,0.0,0.0,0.0,0.02581988897471611,0.0,0.0,0.0,0.0,0.3614784456460255,0.24494897427831777,0.0,0.0,0.0,0.0,0.0,0.0,0.0,0.0,0.0,0.0,0.0,0.0,0.0,0.0,0.0,0.0,0.0,0.0,0.30983866769659324,0.0,0.0,0.0,0.0,0.0,0.0,0.0,0.10170952554312154,0.0,0.0,0.0,0.0,0.10767638041163309,0.0,0.0,0.0,0.0,0.3286335345030996,0.0,0.23693955110363693,0.0,0.0,0.2666666666666666,0.0,0.0,0.0,0.0,0.0,0.0,0.0,0.0,0.0,0.0,0.0,0.0,0.0,0.0,0.026919095102908273,0.25318484177091666,0.0,0.25560386016907755,0.0,0.0,0.0,0.02581988897471611,0.04303314829119352,0.0,0.0,0.0,0.0,0.0,0.0,0.27602622373694163,0.0,0.0,0.0,0.7233176382455369,0.0,0.0,0.02581988897471611,0.0,0.027524094128159014,0.0,0.0,0.0,0.030429030972509225,0.10540925533894599,0.0,0.0,0.0,0.0,0.0,0.0,0.0,0.0,0.07745966692414832,0.0,0.0,0.0,0.0,0.0,0.0,0.0,0.0,0.07745966692414832,0.0,0.0,0.0,0.0,0.04714045207910316,0.0,0.0,0.0,0.05163977794943222,0.0,0.0,0.0,0.10170952554312154,0.028867513459481287,0.0,0.0,0.0,0.0,0.0,0.0,0.0,0.053838190205816545,0.0,0.0,0.0,0.0,0.0,0.0,0.0,0.0,0.2656844656620286,0.026919095102908273,0.0
herb073,0.0,0.0,0.0,0.0,0.0,0.0,0.0,0.0,0.0,0.0,0.0,0.0,0.0,0.0,0.0,0.0,0.0,0.0,0.0,0.043355498476206004,0.0,0.0,0.0,0.0,0.0,0.0,0.0,0.0,0.0,0.0,0.0,0.0,0.0,0.0,0.0,0.481070235442364,0.0,0.0,0.0,0.0,0.0,0.0,0.0,0.0,0.0,0.0,0.0,0.0,0.0,0.0,0.0,0.03779644730092272,0.0,0.0,0.0,0.0,0.0,0.0,0.0,0.0,1.0,0.0,0.0,0.05572782125753529,0.0,0.0,0.0,0.04173919355648411,0.0,0.0,0.0,0.418717894679312,0.0,0.0,0.0,0.0,0.0,0.0,0.0,0.03940552031195504,0.03779644730092272,0.22677868380553634,0.03779644730092272,0.0,0.0,0.1336306209562122,0.0,0.0,0.0,0.0,0.0,0.0,0.0,0.0,0.0,0.0,0.0,0.0,0.0,0.05698028822981897,0.0,0.0,0.0,0.048001536073731935,0.0,0.0,0.0,0.0,0.0,0.0,0.0,0.03779644730092272,0.0,0.0,0.0,0.0,0.0,0.0445435403187374,0.0,0.0,0.0445435403187374,0.0,0.0,0.0,0.0,0.0,0.0,0.0,0.08451542547285167,0.06131393394849658,0.0,0.0,0.0,0.0,0.0,0.0,0.08058229640253803,0.0,0.0,0.0,0.15430334996209194,0.0,0.0,0.0,0.0,0.0,0.0,0.0,0.0,0.0,0.0,0.0,0.0,0.0,0.0,0.0,0.0,0.0,0.0,0.0,0.3585685828003181,0.0,0.0,0.0,0.0,0.0,0.0,0.0,0.0,0.0,0.0,0.0,0.0,0.0,0.0,0.3668126156726501,0.0,0.0,0.0,0.0,0.0,0.0,0.0,0.0,0.0,0.0,0.0,0.0,0.0,0.0,0.0,0.0,0.0,0.0,0.0,0.0,0.0,0.0,0.0,0.0,0.0,0.0,0.04879500364742666,0.0,0.0,0.0,0.041239304942116126,0.0,0.0,0.0,0.04225771273642583,0.0,0.03940552031195504,0.0,0.0,0.0,0.0,0.0,0.0,0.0,0.0,0.0,0.0,0.0,0.0,0.0,0.0,0.0,0.0,0.040291148201269014,0.0,0.0,0.0,0.06900655593423542,0.0,0.0,0.0,0.3940552031195504,0.0,0.0,0.0,0.0,0.0,0.0,0.0,0.0,0.0,0.0,0.0,0.0,0.0,0.0,0.0,0.0,0.0,0.0,0.0,0.0,0.0,0.03779644730092272,0.0,0.0,0.0,0.0,0.0,0.0,0.051434449987363975,0.0,0.0,0.0,0.0,0.0,0.0,0.0,0.0,0.0,0.06299407883487121,0.0,0.0,0.0,0.0,0.0,0.0,0.0,0.03779644730092272,0.0,0.04583492485141056,0.0,0.0,0.0,0.0,0.07412493166611013,0.0,0.0,0.0,0.04393747751637468,0.0,0.0,0.0,0.053452248382484885,0.0,0.0,0.0,0.0,0.0,0.04879500364742666,0.07881104062391008,0.0,0.0,0.0,0.5128225940683707,0.0,0.0,0.0,0.0,0.0,0.0,0.0
herb075,0.02615328904829707,0.0,0.0,0.0,0.0,0.0,0.0,0.0,0.0,0.0,0.0,0.10229915092057101,0.0,0.0,0.02156655464068768,0.0,0.0,0.0,0.0,0.024738534799764674,0.02577696311132335,0.06469966392206304,0.06976744186046512,0.0,0.0,0.0,0.0,0.0,0.05568460463897045,0.04448840533001291,0.0,0.0,0.0,0.027389551783238836,0.12199885626608374,0.1829982843991256,0.0,0.0,0.0,0.06099942813304187,0.05869672708837492,0.0,0.0,0.04313310928137536,0.027842302319485226,0.0,0.0,0.0,0.0,0.0,0.025416428388767443,0.0,0.0,0.0,0.0,0.04313310928137536,0.0,0.0,0.038124642583151166,0.027842302319485226,0.0,1.0,0.0,0.12719260014977868,0.13694775891619418,0.0,0.06469966392206304,0.0,0.0,0.0,0.0,0.13273296830047474,0.0,0.025416428388767443,0.0,0.0,0.0,0.0,0.0,0.0,0.02156655464068768,0.0,0.0,0.02156655464068768,0.0,0.0,0.0,0.0,0.05477910356647767,0.0,0.02156655464068768,0.02156655464068768,0.0,0.130051217752471,0.023255813953488372,0.0,0.0,0.050832856777534886,0.0,0.0,0.0,0.0,0.0,0.21911641426591072,0.0,0.02156655464068768,0.06819943394704735,0.0,0.0,0.0,0.0,0.02156655464068768,0.0,0.0,0.0,0.0,0.0,0.0,0.039374961547907886,0.0,0.0,0.19507682662870648,0.0,0.0,0.0,0.0,0.0,0.022484687520664393,0.0,0.0,0.0,0.0,0.02178551004751495,0.0,0.1132730943577198,0.03594425773447948,0.0,0.2926152399430597,0.260102435504942,0.034099716973523674,0.0,0.345834250622541,0.13346521599003872,0.0,0.0,0.0,0.03327791628198609,0.0,0.04706208053350117,0.0,0.0,0.11495012246792571,0.0,0.0,0.04313310928137536,0.0,0.0,0.0,0.024419314525275217,0.22758963106682423,0.0,0.027842302319485226,0.0,0.0,0.0,0.17253243712550143,0.0,0.0,0.0,0.0,0.0,0.0,0.0,0.0,0.06469966392206304,0.046511627906976744,0.0,0.0,0.0,0.0,0.0,0.027842302319485226,0.03327791628198609,0.0,0.02156655464068768,0.12369267399882336,0.0,0.03327791628198609,0.02156655464068768,0.0,0.0,0.0,0.06469966392206304,0.0,0.0,0.10783277320343841,0.10783277320343841,0.02934836354418746,0.03112864031823452,0.04313310928137536,0.0,0.07397267214553091,0.0,0.1220965726263761,0.06997114285413195,0.0,0.2117793624007553,0.0,0.0,0.0,0.0,0.0,0.17987750016531517,0.0,0.0,0.0,0.0,0.0,0.0,0.0,0.0,0.0,0.0,0.0,0.0,0.0,0.0,0.0,0.0,0.18392019594868114,0.0,0.0,0.0,0.0,0.026546593660094948,0.0,0.11962972091091584,0.04496937504132879,0.0,0.16433731069943303,0.0,0.0,0.0,0.0,0.0,0.0,0.06225728063646904,0.0,0.0,0.04313310928137536,0.0,0.2156655464068768,0.028819520885211745,0.0,0.02178551004751495,0.0,0.0,0.0,0.25058072087536704,0.02156655464068768,0.025070610528195012,0.06897007348075543,0.0,0.030499714066520935,0.0,0.050832856777534886,0.0,0.042295493443781355,0.0,0.0,0.0,0.0,0.0,0.1132730943577198,0.0,0.0,0.03594425773447948,0.0,0.026546593660094948,0.0,0.0,0.0,0.050832856777534886,0.0,0.0,0.0,0.0,0.036986336072765455,0.0,0.0,0.0,0.0,0.0,0.02156655464068768,0.0,0.0,0.0,0.0,0.0,0.0,0.0,0.0,0.0,0.0,0.0,0.13921151159742612,0.15739281264465077,0.0,0.28321163061769433,0.0,0.0,0.0,0.0,0.0,0.0,0.036986336072765455,0.11242343760332196,0.0
herb076,0.16205093088804107,0.19720265943665385,0.23759548165574573,0.16205093088804107,0.0,0.026726124191242435,0.0,0.0,0.0,0.0,0.0,0.0,0.0,0.32076651393589234,0.3741657386773941,0.0,0.18898223650461357,0.0,0.0,0.21459876881973802,0.0,0.0,0.14409760442605873,0.2091650066335189,0.0,0.026726124191242435,0.0,0.0,0.0,0.0,0.1603567451474546,0.026726124191242435,0.21380899352993948,0.23759548165574573,0.07559289460184544,0.0,0.0,0.0,0.20173664619648224,0.0,0.181848241863327,0.0,0.29649972666444047,0.2138089935299395,0.06900655593423541,0.0,0.0,0.0,0.33071891388307384,0.0,0.0314970394174356,0.16035674514745463,0.09166984970282112,0.26562660124542986,0.1494035761667992,0.21380899352993948,0.0,0.35714285714285704,0.0,0.0,0.0,0.0,0.9999999999999997,0.0,0.0,0.26726124191242434,0.0,0.029514066805047763,0.0,0.2204792759220492,0.27583864218368526,0.09869275424396534,0.0,0.15748519708717798,0.23759548165574573,0.0,0.0,0.0,0.0,0.0,0.0,0.0,0.0,0.0,0.0,0.0,0.17546560158589908,0.0,0.20365326999063918,0.0890870806374748,0.026726124191242435,0.10690449676496974,0.19504737440137349,0.0,0.05763904177042349,0.0,0.0,0.0629940788348712,0.0,0.0,0.0,0.0,0.0,0.0,0.0,0.0,0.21128856368212912,0.0,0.0,0.08247860988423225,0.1781741612749496,0.0,0.0,0.0,0.0,0.3208444739598739,0.28867513459481287,0.0,0.0,0.3034884893334419,0.2204792759220492,0.12087344460380703,0.10101525445522107,0.0,0.34156502553198653,0.28867513459481287,0.08247860988423225,0.0,0.0,0.0,0.0,0.0,0.05399492471560388,0.0,0.0,0.0,0.0,0.12087344460380703,0.0,0.0,0.0,0.07142857142857141,0.0,0.0,0.0,0.0,0.08247860988423225,0.0,0.08748177652797065,0.2939873661036668,0.0,0.0,0.0,0.0,0.45434411125112145,0.16971105832553265,0.19702760155977517,0.25253813613805265,0.0,0.12087344460380703,0.0,0.06900655593423541,0.0,0.2364331218717302,0.052414241836095915,0.0,0.20145574100634503,0.0,0.13363062095621217,0.0,0.0944911182523068,0.0,0.34156502553198653,0.0,0.08017837257372731,0.0,0.0,0.0,0.0,0.2405351177211819,0.0,0.17251638983558854,0.28867513459481287,0.0,0.08017837257372731,0.09197090092274487,0.0,0.12371791482634838,0.0,0.0,0.18708286933869706,0.0,0.0,0.0,0.21182963643408081,0.21380899352993948,0.45434411125112145,0.0,0.0,0.1603567451474546,0.0,0.0,0.0,0.0,0.0,0.2405351177211819,0.0,0.0,0.0,0.0,0.0,0.0657951694959769,0.0,0.0,0.0,0.0,0.10482848367219183,0.264575131106459,0.09320546490018,0.0,0.35355339059327373,0.0,0.10350983390135311,0.10482848367219183,0.0545544725589981,0.2456518422202587,0.24999999999999994,0.0,0.19720265943665385,0.0,0.0,0.0,0.26207120918047955,0.14638501094227996,0.0,0.0,0.0,0.0,0.0,0.1018266349953196,0.264575131106459,0.24152294576982394,0.24209101306752095,0.0,0.18708286933869706,0.31180478223116176,0.23145502494313785,0.0,0.0,0.08017837257372731,0.0,0.1603567451474546,0.0,0.10690449676496974,0.18898223650461357,0.25077519565890877,0.0,0.21182963643408081,0.27602622373694163,0.0,0.37282185960072,0.0,0.0,0.3779644730092272,0.0,0.0629940788348712,0.2545875386086578,0.0,0.0,0.034503277967117704,0.28867513459481287,0.12087344460380703,0.0,0.0,0.0,0.08017837257372731,0.0445435403187374,0.15118578920369088,0.0,0.0,0.19446111706564928,0.0,0.0,0.0,0.0,0.0,0.0,0.2291746242570528,0.0,0.0,0.0,0.0,0.0,0.0,0.3901994862858539,0.0,0.1603567451474546,0.0,0.2091650066335189,0.0,0.0,0.0,0.23028309323591917,0.03065696697424829,0.07881104062391006,0.0,0.0,0.2405351177211819,0.0,0.0,0.12087344460380703,0.2594372608313854,0.21459876881973802,0.0,0.0,0.2291746242570528,0.0,0.49487165930539356
herb077,0.0,0.03108349360801046,0.0,0.0,0.0,0.0,0.0,0.0,0.0,0.0,0.0,0.0,0.0,0.0,0.0,0.0,0.0,0.0,0.0,0.03382550457458692,0.0,0.0,0.0,0.0,0.26648544566940835,0.0,0.0,0.0,0.0,0.0,0.0,0.0,0.0,0.0,0.16681153124565984,0.16681153124565984,0.0,0.0,0.0,0.0,0.0,0.0,0.0,0.0,0.0,0.0,0.0,0.0,0.0,0.0,0.0,0.02948839123097943,0.0,0.0,0.0,0.0,0.0,0.0,0.0,0.0,0.05572782125753529,0.12719260014977868,0.0,1.0000000000000004,0.0,0.0,0.02948839123097943,0.03256448045129181,0.0,0.0,0.0,0.14519080172812557,0.0,0.0,0.0,0.0,0.0,0.0,0.0,0.030743773095067286,0.0,0.08846517369293828,0.05897678246195886,0.0,0.0,0.20851441405707477,0.0,0.0,0.037450294313656915,0.0,0.02948839123097943,0.0,0.0,0.0,0.0,0.0,0.0,0.0,0.0,0.0,0.0,0.0,0.0,0.0,0.0,0.17693034738587657,0.0,0.0,0.0,0.0,0.0,0.02948839123097943,0.0,0.0,0.0,0.0,0.0,0.034752402342845795,0.0,0.0,0.034752402342845795,0.0,0.0,0.0,0.0,0.0,0.0,0.0,0.0,0.0,0.0,0.0,0.0893633203101749,0.0,0.0,0.0,0.06286946134619315,0.0,0.0,0.0,0.12038585308576923,0.0,0.0,0.0,0.0,0.0,0.0,0.0,0.0,0.0,0.0,0.1257389226923863,0.0,0.0,0.0,0.0,0.0,0.0,0.16694514082354447,0.0,0.12433397443204185,0.0,0.0,0.0,0.0,0.0,0.0,0.0,0.0,0.0,0.0,0.0,0.0,0.0,0.0,0.12719260014977868,0.0,0.0,0.0,0.0,0.0,0.0,0.0,0.0,0.0,0.0,0.0,0.0,0.0,0.0,0.0,0.0,0.02948839123097943,0.0,0.0,0.0,0.0,0.0,0.0,0.0,0.05783149319662403,0.0,0.19034674690672024,0.30050125348238005,0.0,0.0,0.16087236302194674,0.0,0.0,0.0,0.0,0.03629770043203139,0.030743773095067286,0.0,0.0,0.06765100914917384,0.0,0.0,0.0,0.0,0.0,0.0,0.0,0.0,0.0,0.0,0.0,0.0,0.0,0.03143473067309657,0.0,0.0,0.0,0.053838190205816545,0.0,0.0,0.0,0.030743773095067286,0.0,0.0,0.0,0.0,0.0,0.0,0.0,0.09829463743659811,0.0,0.0,0.0,0.0,0.0,0.02948839123097943,0.0,0.0,0.0,0.0,0.0,0.0,0.0,0.02948839123097943,0.0,0.0,0.0,0.0,0.0,0.0,0.0,0.0,0.0,0.0,0.0,0.0,0.0,0.0,0.0,0.0,0.049147318718299055,0.0,0.0,0.0,0.0,0.0,0.0,0.0,0.02948839123097943,0.0,0.03575992699260758,0.0,0.0,0.0,0.0,0.05783149319662403,0.0,0.0,0.0,0.03427955850955305,0.0,0.0,0.0,0.04170288281141496,0.04550157551932901,0.0,0.0,0.0,0.0,0.03806934938134405,0.0,0.0,0.0,0.0,0.0,0.0,0.0,0.0,0.0,0.0,0.0,0.0
herb078,0.0,0.1338698881504165,0.0,0.0,0.0,0.0,0.0,0.0,0.0,0.0,0.0,0.0,0.0,0.0,0.0,0.0,0.0,0.0,0.0,0.0,0.030358837035945812,0.0,0.05477910356647767,0.0,0.19674775073518586,0.0,0.059053859535749265,0.0,0.0,0.026198125853112306,0.0,0.0254000254000381,0.1016001016001524,0.0,0.03592106040535498,0.0,0.0,0.0,0.0,0.0,0.03456505649101418,0.0,0.0,0.1016001016001524,0.0,0.0,0.0,0.16064386578049977,0.0,0.0,0.0,0.0,0.0,0.056099271345321444,0.0,0.1270001270001905,0.0,0.0,0.0,0.13116516715679058,0.0,0.13694775891619418,0.0,0.0,1.0000000000000002,0.0508000508000762,0.1016001016001524,0.0,0.0,0.0,0.037450294313656915,0.1250610798961445,0.0,0.029934217004462485,0.0,0.0,0.0,0.0,0.11359236684941297,0.0,0.0508000508000762,0.07620007620011429,0.0508000508000762,0.254000254000381,0.0,0.0,0.0,0.16481712868606582,0.06451612903225808,0.0,0.0,0.0508000508000762,0.026481357066618805,0.1531679162134967,0.0,0.0,0.0,0.0,0.0,0.1914598952668709,0.0,0.0,0.0,0.0,0.0267739776300833,0.0,0.0,0.0,0.0,0.0,0.0,0.0,0.05239625170622461,0.0,0.0,0.0,0.0,0.029934217004462485,0.0,0.0,0.0,0.0,0.0,0.0,0.0,0.03919309008348103,0.0,0.026481357066618805,0.0,0.0,0.0,0.0,0.0,0.06350006350009525,0.0,0.0,0.0,0.03829197905337418,0.0,0.0,0.0,0.0,0.0,0.0,0.037450294313656915,0.0,0.0,0.22975187432024508,0.0,0.0,0.0,0.0,0.0,0.0,0.0,0.03225806451612904,0.0,0.0,0.0,0.0,0.21419182104066642,0.09837387536759293,0.0,0.0,0.0,0.0,0.0,0.0,0.0254000254000381,0.0,0.04490132550669373,0.0,0.0,0.0254000254000381,0.0508000508000762,0.05477910356647767,0.0,0.0,0.0,0.0508000508000762,0.08032193289024989,0.0,0.0,0.02707651805369412,0.0,0.0,0.0,0.0,0.0,0.0,0.0254000254000381,0.0,0.1524001524002286,0.0,0.0,0.0508000508000762,0.0254000254000381,0.0,0.0,0.0762000762001143,0.0,0.04356068418690321,0.0,0.02875986542715254,0.0,0.0,0.027713699773684666,0.10005560189476051,0.0,0.0,0.1987866419864727,0.0,0.23833221359956924,0.027713699773684666,0.0,0.0,0.0,0.14368424162141993,0.0,0.116543309349613,0.0,0.0,0.0,0.0,0.0,0.0,0.0,0.0,0.0267739776300833,0.05415303610738824,0.0,0.0,0.0,0.0,0.0,0.0,0.0,0.10592542826647522,0.0,0.03225806451612904,0.0,0.0,0.0,0.0,0.0,0.0,0.0,0.04016096644512494,0.0,0.0,0.0,0.0,0.23759548165574573,0.0508000508000762,0.0,0.05296271413323761,0.14980117725462766,0.0,0.0,0.0254000254000381,0.0,0.0,0.1567723603339241,0.03592106040535498,0.0,0.08980265101338746,0.0,0.0,0.0,0.0,0.0,0.0,0.0,0.0,0.05415303610738824,0.0254000254000381,0.0,0.0,0.0,0.0,0.0,0.0,0.0,0.04233337566673017,0.0254000254000381,0.0,0.0,0.0,0.0,0.0,0.0,0.0,0.0,0.07620007620011429,0.0,0.059053859535749265,0.07620007620011429,0.0,0.0,0.07184212081070997,0.0,0.0,0.0,0.0,0.037450294313656915,0.2951216261027788,0.10592542826647522,0.0,0.12828950144769635,0.0,0.0,0.0,0.0,0.0,0.0,0.0,0.0,0.0
herb079,0.09701425001453318,0.1264911064067352,0.17780017780026672,0.12126781251816647,0.0,0.02,0.0,0.0,0.035355339059327376,0.0,0.0,0.0,0.06172133998483677,0.19639610121239315,0.22,0.0,0.12121830534626528,0.0,0.0,0.18353258709644943,0.11952286093343936,0.0,0.02156655464068768,0.15652475842498528,0.0,0.1,0.11624763874381928,0.0,0.0,0.061885274775527604,0.16,0.06,0.38,0.17780017780026672,0.16970562748477142,0.0,0.0,0.0,0.28036521032893985,0.0565685424949238,0.16329931618554522,0.07171371656006362,0.16641005886756874,0.41999999999999993,0.05163977794943222,0.08,0.040824829046386304,0.0,0.21213203435596423,0.0,0.023570226039551584,0.24,0.0,0.2208630521496931,0.1118033988749895,0.26,0.0,0.10690449676496974,0.10606601717798213,0.0,0.0,0.0,0.26726124191242434,0.0,0.0508000508000762,1.0,0.0,0.04417261042993862,0.08164965809277261,0.21213203435596426,0.206418738616856,0.0,0.08320502943378438,0.1414213562373095,0.2286002286003429,0.0,0.0,0.0,0.0,0.0,0.04,0.0,0.02,0.04,0.0,0.0,0.07878385971583353,0.0,0.15240015240022858,0.06666666666666668,0.14,0.38000000000000006,0.31277162108561213,0.0,0.15096588248481377,0.0,0.060609152673132646,0.1649915822768611,0.07745966692414832,0.0,0.0,0.024999999999999998,0.02773500981126146,0.0,0.08432740427115679,0.08,0.0,0.09258200997725516,0.0,0.2160246899469287,0.30000000000000004,0.0,0.061885274775527604,0.07071067811865475,0.0,0.24009801919951235,0.1851640199545103,0.0,0.10954451150103323,0.22710998958306752,0.1414213562373095,0.0,0.11338934190276817,0.0,0.2556038601690775,0.3086066999241838,0.15430334996209194,0.04170288281141495,0.0,0.0,0.0,0.0,0.1414213562373095,0.0,0.07878385971583353,0.0,0.0,0.0,0.060302268915552716,0.0,0.0,0.05345224838248487,0.0,0.0,0.02948839123097943,0.0,0.18516401995451032,0.0,0.10910894511799618,0.24,0.0,0.08528028654224418,0.0,0.0,0.34,0.0,0.0,0.07559289460184544,0.06793662204867575,0.0,0.021081851067789197,0.18073922282301277,0.0,0.0,0.03922322702763681,0.0,0.09045340337332908,0.0,0.22,0.0,0.07071067811865475,0.0,0.2556038601690775,0.1,0.18,0.02156655464068768,0.04417261042993862,0.0,0.0,0.30000000000000004,0.0,0.12909944487358055,0.21602468994692867,0.0,0.04,0.0,0.09045340337332908,0.0,0.06,0.0,0.28,0.060302268915552716,0.08,0.0,0.1358732440973515,0.32000000000000006,0.34,0.08164965809277261,0.02886751345948129,0.30000000000000004,0.0,0.0,0.0,0.0,0.0,0.18,0.0,0.02626128657194451,0.07071067811865475,0.0670820393249937,0.0,0.0,0.0,0.06546536707079771,0.06,0.0,0.11766968108291043,0.19798989873223333,0.06974858324629157,0.0,0.264575131106459,0.0,0.0,0.27456258919345766,0.2041241452319315,0.15756771943166706,0.05345224838248487,0.0,0.16865480854231357,0.0,0.0,0.0,0.0,0.07302967433402215,0.02461829819586655,0.0,0.0,0.0,0.0,0.07620007620011429,0.19798989873223333,0.20655911179772884,0.1585187847802434,0.0,0.18,0.2,0.0,0.15811388300841894,0.0,0.02,0.06,0.04,0.026726124191242435,0.32,0.1414213562373095,0.22936585546278224,0.0,0.1358732440973515,0.0,0.1,0.2557448052364025,0.06396021490668313,0.18516401995451032,0.16970562748477142,0.06396021490668313,0.1649915822768611,0.16329931618554522,0.0,0.0,0.0,0.1851640199545103,0.030151134457776358,0.08,0.07878385971583353,0.0,0.3,0.03333333333333334,0.33941125496954283,0.0,0.0,0.2667891875399662,0.044721359549995794,0.0,0.10000000000000002,0.1,0.0,0.024253562503633294,0.06859943405700353,0.0,0.0,0.0,0.0,0.0,0.08,0.3244428422615251,0.0,0.24,0.07878385971583353,0.2683281572999748,0.0,0.0,0.0,0.1477097891751993,0.09176629354822471,0.0,0.0,0.0,0.22,0.0,0.02461829819586655,0.060302268915552716,0.16641005886756874,0.13764944032233709,0.0,0.06974858324629157,0.06859943405700353,0.0,0.27774602993176545
herb080,0.024253562503633294,0.06324555320336758,0.0,0.0,0.0,0.24,0.0,0.0,0.0,0.0,0.0,0.03162277660168379,0.0,0.0,0.02,0.0,0.0,0.0,0.0,0.02294157338705618,0.0,0.0,0.04313310928137536,0.0,0.18073922282301275,0.02,0.0,0.0,0.02581988897471611,0.02062842492517587,0.0,0.12,0.02,0.0254000254000381,0.0,0.0282842712474619,0.0,0.0,0.0,0.0565685424949238,0.02721655269759087,0.0,0.0,0.06,0.02581988897471611,0.0,0.0,0.25298221281347033,0.0,0.0,0.023570226039551584,0.0,0.0,0.0,0.0,0.06,0.0,0.0,0.035355339059327376,0.18073922282301275,0.0,0.06469966392206304,0.0,0.02948839123097943,0.1016001016001524,0.0,1.0,0.0,0.0,0.11785113019775792,0.0,0.07385489458759964,0.0,0.04714045207910317,0.0,0.0,0.0,0.0,0.15652475842498528,0.10425720702853739,0.0,0.32000000000000006,0.04,0.6000000000000001,0.0,0.07071067811865475,0.0,0.22710998958306752,0.1016001016001524,0.0,0.0,0.1,0.0,0.1507556722888818,0.02156655464068768,0.0,0.0,0.0,0.0,0.09045340337332908,0.0,0.0,0.0,0.0,0.0,0.0,0.25298221281347033,0.0,0.0,0.0,0.0,0.0,0.10314212462587935,0.0,0.0,0.0,0.0,0.0,0.03651483716701107,0.0,0.0,0.030151134457776358,0.0,0.0,0.0,0.0,0.0,0.0,0.0,0.0,0.10425720702853739,0.0,0.0,0.049999999999999996,0.0,0.0,0.0,0.030151134457776358,0.09045340337332908,0.0,0.0,0.0,0.02062842492517587,0.0,0.0,0.18973665961010275,0.030860669992418384,0.21105794120443452,0.02182178902359924,0.13999999999999999,0.0,0.0,0.0,0.0,0.02,0.1778001778002667,0.0,0.0,0.0,0.0,0.04216370213557839,0.02581988897471611,0.0,0.0,0.0,0.04,0.0,0.0,0.08,0.0,0.035355339059327376,0.0,0.0,0.0,0.04,0.02156655464068768,0.0,0.0,0.0,0.06,0.06324555320336758,0.0,0.030860669992418384,0.0,0.02,0.09176629354822471,0.0,0.030860669992418384,0.0,0.0,0.0,0.0,0.26,0.0,0.18116432546313532,0.0,0.02,0.0,0.02886751345948129,0.2,0.0,0.034299717028501764,0.02581988897471611,0.022645540682891915,0.0324442842261525,0.13999999999999999,0.02182178902359924,0.0,0.0,0.0,0.223606797749979,0.0,0.10425720702853739,0.0,0.02,0.0,0.0,0.282842712474619,0.0,0.04588314677411236,0.0,0.0,0.0,0.0,0.0,0.0,0.0,0.22188007849009164,0.14757295747452437,0.04264014327112209,0.0,0.0,0.0,0.0,0.02461829819586655,0.0,0.0,0.0,0.19611613513818404,0.0508000508000762,0.0,0.07745966692414832,0.0,0.0,0.0,0.0,0.05773502691896258,0.0,0.0282842712474619,0.04,0.0,0.1,0.1336306209562122,0.0,0.020203050891044214,0.14596008983995232,0.206418738616856,0.0,0.02581988897471611,0.02,0.0,0.021320071635561044,0.0,0.0282842712474619,0.0,0.023570226039551584,0.0,0.0,0.0,0.05163977794943222,0.09258200997725516,0.0,0.0,0.0,0.04264014327112209,0.02,0.03333333333333334,0.0,0.02461829819586655,0.22360679774997896,0.0,0.0,0.04714045207910317,0.0,0.0,0.0,0.0,0.034299717028501764,0.0,0.0,0.0,0.0,0.0,0.06,0.0,0.023249527748763855,0.0,0.0,0.0,0.0,0.06172133998483677,0.0,0.17232808737106584,0.0,0.05897678246195886,0.0,0.0,0.0,0.22223355980148635,0.17232808737106584,0.0,0.0,0.1147078669352809,0.0,0.0,0.0,0.0,0.0
herb082,0.0,0.023281009858985943,0.028049635672660722,0.0,0.0,0.5079850199442941,0.0,0.09769344135387542,0.0,0.0,0.0,0.0,0.0,0.024098134635593994,0.1987767469347238,0.0,0.2231053741265801,0.0,0.047088160934801115,0.228012566372163,0.0,0.0,0.2857953049377246,0.44447831849231534,0.0,0.15460413650478516,0.02567480829815484,0.047088160934801115,0.02851329742561005,0.04556056890015147,0.3754671886544783,0.24294935736466242,0.11043152607484655,0.056099271345321444,0.0,0.031234752377721216,0.0,0.0,0.21434647870329343,0.0,0.0,0.0,0.030628194591584446,0.06625891564490793,0.0,0.02208630521496931,0.0,0.0,0.03904344047215152,0.0,0.2602896031476768,0.08834522085987724,0.0,0.024390243902439025,0.024693239916239743,0.11043152607484655,0.0,0.0,0.03904344047215152,0.02851329742561005,0.04173919355648411,0.0,0.029514066805047763,0.03256448045129181,0.0,0.04417261042993862,0.0,1.0000000000000002,0.0,0.2602896031476768,0.03256448045129181,0.027186362391351845,0.0,0.0,0.2804963567266072,0.0,0.10748615458500278,0.08064778385455118,0.0,0.023026564952925203,0.02208630521496931,0.02208630521496931,0.13251783128981587,0.04417261042993862,0.07808688094430304,0.15617376188860607,0.02900073952828708,0.0,0.0,0.1840525434580776,0.02208630521496931,0.02208630521496931,0.20723908457632684,0.0,0.0,0.0828236445561349,0.0,0.0,0.08553989227683015,0.0,0.0,0.11043152607484653,0.030628194591584446,0.0,0.046562019717971886,0.02208630521496931,0.0,0.0,0.0,0.0,0.0,0.02208630521496931,0.0,0.0,0.030055654488914414,0.03787770095392851,0.03407990882954985,0.052057920629535355,0.04032389192727559,0.3224584637550083,0.33837648409197985,0.03329635791060134,0.0,0.0,0.04032389192727559,0.03407990882954985,0.0,0.09210625981170081,0.0,0.0,0.04605312990585041,0.0,0.0,0.0,0.0,0.0,0.047088160934801115,0.0,0.03329635791060134,0.0,0.09016696346674324,0.0,0.0,0.0,0.09769344135387542,0.0,0.0,0.0,0.0,0.1987767469347238,0.0,0.0,0.15617376188860607,0.0,0.02208630521496931,0.0,0.0,0.0,0.0,0.0,0.0,0.0,0.0,0.09769344135387542,0.0,0.3092082730095703,0.0,0.043314808182421,0.2871219677946011,0.0,0.03904344047215152,0.0,0.04032389192727559,0.0,0.04417261042993862,0.0,0.0,0.0,0.03492151478847891,0.02208630521496931,0.0,0.0,0.20447945297729914,0.0,0.02208630521496931,0.0,0.0,0.03407990882954985,0.0,0.10223972648864955,0.22086305214969312,0.0,0.08834522085987724,0.0,0.4251328747883021,0.04417261042993862,0.02208630521496931,0.0,0.0,0.02208630521496931,0.0,0.15151080381571405,0.02851329742561005,0.025007816164017767,0.0,0.02208630521496931,0.0,0.377009613867732,0.0,0.0,0.07407971974871923,0.0,0.0,0.024098134635593994,0.0,0.050669459193814,0.0,0.031234752377721216,0.0,0.076004188790721,0.04173919355648411,0.0,0.08553989227683015,0.0,0.0,0.02900073952828708,0.26562660124542986,0.0,0.20952908873087348,0.023544080467400558,0.0,0.0,0.129944424547263,0.04032389192727559,0.10874544956540738,0.0,0.0,0.1381593897175512,0.0,0.0,0.031234752377721216,0.2851329742561005,0.22507034547615992,0.0,0.3092082730095704,0.2208630521496931,0.0,0.03492151478847891,0.06246950475544243,0.08834522085987724,0.02208630521496931,0.0,0.029514066805047763,0.06625891564490793,0.04462107482531602,0.230265649529252,0.0,0.22507034547615992,0.02851329742561005,0.06625891564490793,0.02567480829815484,0.0,0.03407990882954985,0.031234752377721216,0.0,0.0,0.06011130897782883,0.0,0.0,0.0570265948512201,0.03407990882954985,0.2996672211954121,0.06625891564490793,0.0,0.0,0.02208630521496931,0.4049155956077707,0.0,0.10874544956540738,0.0,0.0,0.0,0.10411584125907071,0.0,0.08834522085987724,0.3457053588273564,0.10713431680111603,0.0,0.0,0.0,0.0,0.043314808182421,0.09769344135387542,0.06625891564490793,0.03582871819500093,0.02567480829815484,0.06625891564490793,0.02900073952828708,0.3210121189111167,0.031234752377721216,0.0,0.06625891564490793,0.2718636239135184,0.101338918387628,0.0,0.02851329742561005,0.023026564952925203,0.02208630521496931,0.0,0.21749089913081476,0.0,0.030628194591584446,0.202677836775256,0.07165743639000186,0.0,0.0,0.0,0.03407990882954985
herb083,0.1320196723968899,0.0,0.0,0.16502459049611234,0.0,0.0,0.0,0.0,0.0,0.0,0.11547005383792516,0.17213259316477408,0.37796447300922725,0.14847846772912465,0.10886621079036347,0.0,0.0,0.0,0.0,0.031219527052723135,0.03253000243161777,0.0,0.0,0.0,0.0,0.0,0.0,0.0,0.0,0.1684303842133038,0.0,0.0,0.05443310539518174,0.31108550841912763,0.0,0.03849001794597506,0.0,0.05802588531856595,0.0,0.23094010767585035,0.0,0.19518001458970663,0.0,0.05443310539518174,0.0,0.13608276348795434,0.22222222222222227,0.08606629658238704,0.0,0.0,0.0,0.16329931618554522,0.0,0.0,0.21300321680756462,0.0,0.0,0.0,0.28867513459481287,0.0,0.0,0.0,0.0,0.0,0.0,0.08164965809277261,0.0,0.0,1.0000000000000002,0.0,0.0,0.0,0.3019405424385589,0.12830005981991682,0.0,0.0,0.0,0.0,0.0,0.14187608845979144,0.2721655269759087,0.0,0.05443310539518174,0.0,0.0,0.0,0.3573708449459316,0.0,0.0,0.1814436846506058,0.02721655269759087,0.08164965809277261,0.0,0.0,0.0,0.0,0.13746434980705374,0.19245008972987523,0.21081851067789198,0.0,0.0,0.0,0.0,0.0,0.0,0.08164965809277261,0.17213259316477408,0.25197631533948484,0.0,0.0,0.0,0.0,0.0842151921066519,0.22452510468485443,0.0,0.0,0.0,0.0,0.29814239699997197,0.04415107856883479,0.032075014954979206,0.0,0.0,0.0,0.0,0.25197631533948484,0.41996052556580804,0.0,0.0,0.0,0.0,0.0,0.13746434980705374,0.0,0.21442250696755896,0.0,0.0,0.0,0.0,0.0,0.0,0.036369648372665396,0.0,0.04415107856883479,0.0,0.0,0.12598815766974242,0.0,0.1781741612749496,0.0,0.0,0.14506471329641488,0.0,0.07273929674533079,0.0,0.0,0.040128617695256406,0.0,0.1849000654084097,0.0,0.0,0.03513641844631533,0.0,0.0,0.0,0.0,0.0,0.0,0.0,0.0,0.09622504486493763,0.0,0.0,0.10886621079036347,0.0,0.1467418177209373,0.0,0.0,0.0,0.16329931618554522,0.0,0.17568209223157666,0.0,0.0,0.0,0.2809757434745082,0.32824397594488725,0.0,0.10886621079036347,0.20998026278290405,0.0,0.0,0.0,0.0,0.0,0.0,0.0,0.22222222222222227,0.0,0.08164965809277261,0.0,0.0,0.0,0.0,0.0,0.0,0.0,0.0,0.0,0.18257418583505539,0.0,0.0,0.0,0.1781741612749496,0.10886621079036347,0.0,0.16012815380508716,0.0,0.25310879886733306,0.0,0.0,0.0,0.0,0.21350420507344953,0.16666666666666669,0.0,0.0,0.0,0.0,0.14506471329641488,0.0,0.0,0.0,0.0,0.0,0.0,0.03774256780481986,0.0,0.0,0.0,0.07698003589195011,0.0,0.0,0.0,0.0,0.0,0.0,0.0,0.0,0.0,0.10886621079036347,0.0,0.0,0.0,0.0,0.0,0.0,0.030816677568068284,0.0,0.0,0.15819299929208316,0.17407765595569785,0.0,0.0,0.17407765595569785,0.0,0.0,0.16012815380508716,0.12171612389003693,0.0,0.0,0.0,0.13608276348795434,0.21442250696755896,0.1160517706371319,0.21773242158072698,0.0,0.0,0.0,0.0,0.0,0.0,0.0,0.0,0.1905158688831361,0.0,0.03300491809922247,0.0,0.0,0.0,0.0,0.0,0.0,0.0,0.0,0.0,0.02721655269759087,0.17868542247296582,0.0,0.0,0.0,0.0,0.0,0.31219527052723134,0.0,0.0,0.0,0.13608276348795434,0.0,0.0,0.0,0.0,0.0,0.0,0.15819299929208316,0.0,0.11350087076783315,0.0
herb084,0.14291548761875736,0.17391639824998364,0.20953951903123738,0.0,0.0,0.4242640687119285,0.02457365935914952,0.17376201171422898,0.0,0.0,0.0,0.0,0.0,0.1800205749557739,0.1649915822768611,0.0,0.4285714285714285,0.0,0.10050378152592121,0.21629522817435004,0.0563436169819011,0.0,0.10166571355506977,0.39528470752104744,0.0,0.07071067811865475,0.0,0.0,0.09128709291752768,0.07293249574894728,0.37712361663282534,0.23570226039551584,0.11785113019775792,0.23947373603569985,0.0,0.0,0.0,0.0,0.20333142711013955,0.0,0.0,0.0,0.22880215766121467,0.1414213562373095,0.0,0.07071067811865475,0.0,0.0,0.29166666666666663,0.0,0.027777777777777776,0.1649915822768611,0.0,0.18220272220337375,0.05270462766947299,0.18856180831641267,0.0,0.0,0.0,0.09128709291752768,0.0,0.0,0.2204792759220492,0.0,0.0,0.21213203435596426,0.11785113019775792,0.2602896031476768,0.0,0.9999999999999998,0.27801921874276636,0.0,0.0,0.0,0.6286185570937122,0.0,0.0,0.21516574145596756,0.0,0.0,0.0,0.11785113019775792,0.07071067811865475,0.07071067811865475,0.0,0.0,0.030949223029508643,0.0,0.0,0.03928371006591931,0.023570226039551584,0.023570226039551584,0.3931785497463923,0.0,0.050832856777534886,0.14731391274719738,0.0,0.05555555555555555,0.0,0.0,0.0,0.0,0.0,0.0,0.12422599874998831,0.0,0.22360679774997894,0.0,0.0,0.07273929674533079,0.0,0.0,0.07293249574894728,0.0,0.06415002990995841,0.32338083338177726,0.2545875386086578,0.13888888888888887,0.0,0.611775290321498,0.19444444444444445,0.10660035817780521,0.0,0.0,0.3442651863295481,0.29095718698132317,0.0,0.0,0.0,0.0,0.1474419561548971,0.0,0.047619047619047616,0.0,0.0,0.0,0.0,0.0,0.0,0.0,0.0,0.0,0.0,0.0,0.0,0.0,0.0,0.0,0.0,0.3064129385141706,0.16666666666666666,0.0,0.0,0.0,0.1649915822768611,0.1796053020267749,0.034752402342845795,0.0,0.0,0.0,0.0,0.0,0.23112508176051216,0.10425720702853739,0.0,0.21213203435596426,0.03553345272593507,0.1386750490563073,0.3535533905932738,0.0,0.08333333333333333,0.0,0.3442651863295481,0.11785113019775792,0.0,0.0,0.0,0.0,0.0,0.18856180831641267,0.0,0.0,0.29095718698132317,0.1256297269074015,0.0,0.0,0.0,0.0,0.0,0.0,0.1649915822768611,0.0,0.1649915822768611,0.0,0.560448538317805,0.21213203435596426,0.1649915822768611,0.0,0.0,0.1649915822768611,0.0,0.0,0.0,0.0,0.0,0.42426406871192845,0.0,0.3713906763541037,0.0,0.0,0.13176156917368248,0.0,0.0,0.0,0.0,0.027036903521793755,0.0,0.26666666666666666,0.0,0.0,0.3563483225498992,0.0,0.18257418583505536,0.09245003270420485,0.048112522432468816,0.2166445612065605,0.0944911182523068,0.2288021576612147,0.49690399499995325,0.0,0.0,0.0,0.046225016352102424,0.0,0.14506471329641488,0.0,0.0,0.02457365935914952,0.0,0.0,0.26666666666666666,0.48686449556014766,0.2135042050734495,0.0,0.3064129385141706,0.3142696805273545,0.0,0.0,0.0,0.0,0.0,0.0,0.0944911182523068,0.04714045207910317,0.19047619047619047,0.31945757166894384,0.0,0.18681617943926832,0.030429030972509225,0.0,0.1917988185229168,0.0,0.0,0.23333333333333334,0.0,0.0,0.3207501495497921,0.0,0.0,0.0,0.2545875386086578,0.03553345272593507,0.0,0.0,0.0,0.04714045207910317,0.03928371006591931,0.06666666666666667,0.0,0.31622776601683794,0.057166195047502935,0.0,0.0,0.0,0.0,0.3689323936863109,0.0,0.0,0.19641855032959654,0.0,0.12858612496840993,0.0,0.17376201171422898,0.07071067811865475,0.30588764516074896,0.0,0.18856180831641267,0.09284766908852593,0.21081851067789195,0.0,0.0,0.11785113019775792,0.6092717958449425,0.027036903521793755,0.0,0.0,0.04914731871829904,0.1649915822768611,0.16666666666666666,0.3771682545706787,0.0,0.22880215766121467,0.35147974578331886,0.0,0.0,0.0,0.0,0.2545875386086578
herb085,0.0,0.2486679488640837,0.26215206019559845,0.0,0.0,0.02948839123097943,0.0,0.0,0.0,0.0,0.0,0.0,0.0,0.22522130823072545,0.206418738616856,0.0,0.2383021874937997,0.0,0.0,0.3044295411712823,0.0,0.0,0.06359630007488934,0.2637521893583148,0.0,0.02948839123097943,0.0,0.0,0.0,0.030414953233623677,0.26539552107881487,0.02948839123097943,0.14744195615489714,0.3370526488229122,0.0,0.0,0.0,0.0,0.28618335033700204,0.0,0.0,0.0,0.36803736904928885,0.14744195615489714,0.0,0.0,0.0,0.0,0.3649002245998808,0.0,0.06950480468569159,0.14744195615489714,0.0,0.22795136315904269,0.0,0.29488391230979427,0.0,0.0,0.0,0.0,0.0,0.0,0.27583864218368526,0.0,0.037450294313656915,0.206418738616856,0.0,0.03256448045129181,0.0,0.27801921874276636,1.0000000000000002,0.0,0.0,0.0,0.3370526488229122,0.0,0.0,0.0,0.0,0.0,0.02948839123097943,0.0,0.0,0.02948839123097943,0.0,0.0,0.038720154633118314,0.0,0.0,0.0,0.02948839123097943,0.02948839123097943,0.2459501847605383,0.0,0.06359630007488934,0.0,0.0,0.06950480468569159,0.0,0.044455422447438706,0.0,0.0,0.0,0.0,0.03108349360801046,0.0,0.04662524041201569,0.04550157551932901,0.0,0.09100315103865803,0.0,0.0,0.030414953233623677,0.0,0.0,0.4045773899393389,0.3640126041546321,0.034752402342845795,0.0,0.3826918985879519,0.27801921874276636,0.0,0.0,0.0,0.43070552164653236,0.40951417967396114,0.0,0.0,0.0,0.0,0.0,0.0,0.05957554687344993,0.0,0.0,0.0,0.0,0.0,0.0,0.0,0.0,0.0,0.0,0.0,0.04347826086956522,0.0,0.0,0.0,0.0,0.2359071298478354,0.0,0.0,0.0,0.0,0.206418738616856,0.037450294313656915,0.04347826086956522,0.0,0.0,0.0,0.0,0.0,0.0,0.04347826086956522,0.0,0.02948839123097943,0.044455422447438706,0.0,0.17693034738587657,0.0,0.0,0.0,0.43070552164653236,0.0,0.0,0.0,0.0,0.0,0.0,0.206418738616856,0.0,0.0,0.3640126041546321,0.03143473067309657,0.0,0.0,0.0,0.0,0.0,0.0,0.2359071298478354,0.0,0.02948839123097943,0.0,0.26711222531767115,0.26539552107881487,0.206418738616856,0.0,0.0,0.17693034738587657,0.0,0.05057217374241736,0.0,0.0,0.0,0.23590712984783543,0.0,0.038720154633118314,0.0,0.0,0.03296902366978935,0.0,0.0,0.03217447260438935,0.0,0.0,0.0,0.3336230624913197,0.0,0.0,0.4458225700602823,0.0,0.0,0.11566298639324805,0.06019292654288461,0.3097612370649465,0.11821656093586509,0.0,0.24866794886408367,0.0,0.0,0.0,0.05783149319662403,0.0,0.0,0.0,0.0,0.030743773095067286,0.0,0.0,0.3336230624913197,0.3045547950507524,0.30050125348238005,0.0,0.29488391230979427,0.3440312310280934,0.0,0.0,0.0,0.0,0.0,0.0,0.03940552031195503,0.05897678246195886,0.2383021874937997,0.36892527714080736,0.0,0.26711222531767115,0.03806934938134405,0.0,0.2742364680764244,0.0,0.04550157551932901,0.3336230624913197,0.0,0.034752402342845795,0.32102894156205125,0.0,0.0,0.0,0.3640126041546321,0.044455422447438706,0.0,0.0,0.0,0.02948839123097943,0.09829463743659811,0.08340576562282992,0.0,0.0,0.07151985398521515,0.0,0.0,0.049147318718299055,0.0,0.0,0.0,0.0,0.0,0.0,0.0,0.0,0.0,0.02948839123097943,0.3826918985879519,0.0,0.206418738616856,0.0,0.2637521893583148,0.0,0.0,0.0,0.29038160345625114,0.03382550457458692,0.0,0.03806934938134405,0.06148754619013457,0.2359071298478354,0.0,0.0,0.0,0.3271443280438123,0.3044295411712823,0.0,0.0,0.0,0.0,0.3185110286353031
herb086,0.149270358506633,0.15569978883230462,0.0,0.08956221510397981,0.0,0.0,0.0,0.0,0.0,0.0,0.0,0.0,0.0,0.08058229640253804,0.0,0.0,0.0,0.0,0.0,0.0,0.0,0.0,0.13273296830047474,0.0,0.12712834523274563,0.0,0.0,0.0,0.0,0.0,0.0,0.0,0.0,0.0,0.1392621247645583,0.4526019054848145,0.0,0.0,0.0,0.03481553119113957,0.16750630254320203,0.0,0.0,0.14770978917519928,0.0,0.0,0.0,0.1556997888323046,0.0,0.0,0.0,0.02461829819586655,0.0,0.05437272478270369,0.08257228238447706,0.02461829819586655,0.0,0.19738550848793068,0.0,0.12712834523274563,0.418717894679312,0.13273296830047474,0.09869275424396534,0.14519080172812557,0.1250610798961445,0.0,0.07385489458759964,0.027186362391351845,0.0,0.0,0.0,1.0000000000000002,0.0,0.14506471329641488,0.0,0.0,0.0,0.0,0.11009637651263607,0.0,0.0,0.14770978917519928,0.02461829819586655,0.07385489458759964,0.0,0.0,0.0,0.15974461276617435,0.15632634987018063,0.0,0.0,0.02461829819586655,0.0,0.0,0.0,0.0,0.0,0.0,0.0,0.1484539238050411,0.0,0.030772872744833184,0.03413943709994595,0.0,0.0,0.0,0.0,0.0,0.0,0.0,0.0,0.0,0.0,0.0,0.0,0.0,0.0,0.0,0.0,0.0,0.0,0.1484539238050411,0.0,0.0,0.0,0.0,0.0,0.0,0.0,0.0,0.0,0.0,0.02486823656509969,0.0,0.0,0.0,0.0,0.25979436665882194,0.037113480951260276,0.0,0.0,0.0,0.0,0.0,0.0,0.0,0.0,0.1484539238050411,0.0,0.0,0.0,0.1574591643244434,0.0,0.0,0.12309149097933274,0.0,0.0,0.13957263155977065,0.0,0.1484539238050411,0.3373495424699934,0.0,0.0,0.0,0.0,0.0,0.0,0.0,0.0,0.0,0.04351941398892446,0.0,0.0,0.0,0.0492365963917331,0.2389193429408545,0.0,0.0,0.03892494720807615,0.0492365963917331,0.0778498944161523,0.09534625892455922,0.0,0.0,0.14770978917519928,0.1411956236812263,0.0,0.1899342940993966,0.0,0.0,0.0,0.0,0.0,0.0,0.0,0.0,0.12309149097933274,0.0,0.0,0.07385489458759964,0.0,0.0,0.0,0.11149893466761211,0.0,0.0,0.0,0.0646508183835236,0.0,0.0,0.0,0.0,0.10266540046786908,0.0,0.0,0.0,0.0,0.1392621247645583,0.08585457105482137,0.11295649894498103,0.0,0.0,0.09534625892455922,0.0,0.0,0.0,0.0,0.0,0.0,0.0,0.0,0.0,0.0,0.0,0.0,0.0,0.0,0.28232985128663995,0.0,0.15632634987018063,0.0,0.0,0.0,0.0,0.0,0.0,0.35533452725935083,0.0,0.0,0.12309149097933274,0.0,0.12309149097933274,0.1315903389919538,0.0,0.0,0.0,0.14519080172812557,0.0,0.15891043154093204,0.0,0.08585457105482137,0.0,0.0,0.17407765595569785,0.0,0.0,0.0,0.0,0.0,0.0,0.0,0.0,0.0,0.0,0.0,0.0,0.0,0.0,0.0,0.0,0.0,0.0,0.0,0.0,0.0,0.0,0.0,0.21110016546037455,0.0,0.0,0.0,0.0,0.0,0.0,0.0,0.0,0.0,0.0,0.0,0.0,0.0,0.0,0.0,0.0,0.0,0.0,0.0,0.0,0.0,0.0,0.5195887333176439,0.0,0.0,0.0,0.0,0.16888013236829963,0.0,0.1519474352795173
herb087,0.10090091909944686,0.17541160386140586,0.0,0.269069117598525,0.0,0.0,0.0,0.0,0.34320323649182205,0.0,0.0,0.0,0.042796049251091296,0.3631365196012815,0.08320502943378438,0.0,0.0,0.0,0.0,0.0,0.0,0.0,0.0,0.0,0.10741723110591493,0.0,0.03224129401095805,0.0,0.10741723110591493,0.22885182707624924,0.0,0.08320502943378437,0.05547001962252292,0.0,0.0,0.0,0.0,0.059131239598908265,0.0,0.0,0.0,0.26519741765271837,0.0,0.05547001962252292,0.10741723110591493,0.11094003924504584,0.0,0.0,0.0,0.0,0.0,0.0,0.0,0.0,0.18605210188381271,0.0,0.0,0.0,0.24514516892273006,0.21483446221182984,0.0,0.0,0.0,0.0,0.0,0.08320502943378438,0.0,0.0,0.3019405424385589,0.0,0.0,0.0,1.0000000000000002,0.09805806756909201,0.0,0.050636968354183326,0.0,0.15191090506254998,0.0,0.2313259727864961,0.0,0.0,0.05547001962252292,0.0,0.0,0.0,0.18208926018230742,0.0,0.0,0.0,0.0,0.08320502943378438,0.20241022618818408,0.0,0.08972229068318688,0.10400628679223047,0.14008295367013146,0.0,0.1790287185098582,0.0,0.10567049305145204,0.03466876226407682,0.038461538461538464,0.0,0.08770580193070293,0.08320502943378438,0.0,0.21398024625545647,0.0,0.0,0.0,0.0,0.0,0.16343011261515333,0.03774256780481986,0.0,0.0,0.09805806756909201,0.2531848417709166,0.0,0.0,0.0,0.0,0.0,0.0,0.21398024625545647,0.21398024625545647,0.0,0.0,0.0,0.08674723979493604,0.0,0.0,0.20801257358446093,0.18208926018230742,0.13867504905630731,0.0,0.0,0.0,0.0,0.0,0.0,0.028606478384531155,0.13497638119975425,0.0,0.0,0.0,0.0,0.15130688316720062,0.0,0.11766968108291043,0.14782809899727067,0.0,0.0,0.0,0.0,0.0,0.0,0.15701857325533192,0.0,0.20464687117164018,0.0,0.16317848796612638,0.12267912301642962,0.0,0.0,0.1254363015010636,0.435142634576337,0.0,0.0,0.0,0.062017367294604234,0.0,0.1941450686788302,0.0,0.0,0.0,0.12009611535381537,0.0,0.3328201177351375,0.0,0.1790287185098582,0.0,0.0886968593983624,0.0,0.0,0.2090605025017727,0.0,0.1941450686788302,0.0,0.0,0.0,0.0,0.1283881477532739,0.0,0.0,0.0,0.1887128390240993,0.0,0.1386750490563073,0.0,0.0,0.0,0.0,0.0,0.08320502943378437,0.0,0.0,0.0,0.15504341823651058,0.0,0.0,0.0,0.24209101306752098,0.11094003924504584,0.0,0.0,0.0,0.2579303520876644,0.0,0.0,0.0,0.2506402059138015,0.0,0.2264554068289192,0.0,0.0,0.0,0.0,0.0,0.0,0.0,0.0,0.15191090506254998,0.0,0.0,0.0,0.0,0.0,0.0,0.3922322702763681,0.0,0.0,0.0,0.0,0.0,0.0,0.0,0.11766968108291043,0.0,0.11094003924504584,0.0,0.0,0.0,0.0,0.0,0.2862512870383358,0.0,0.03580574370197164,0.0,0.16120647005479027,0.14782809899727067,0.0,0.11766968108291043,0.14782809899727067,0.0,0.0,0.0,0.0,0.10741723110591493,0.0,0.1254363015010636,0.1386750490563073,0.18208926018230742,0.0,0.0,0.0,0.0,0.10241831129983785,0.0,0.0,0.0,0.0,0.13867504905630731,0.08320502943378438,0.0,0.0,0.0,0.0,0.0,0.09078412990032037,0.16317848796612638,0.12267912301642962,0.0,0.0,0.09672388203287416,0.0,0.18208926018230742,0.0,0.0,0.0,0.08320502943378437,0.0,0.25451390519031114,0.0,0.03580574370197164,0.0,0.1386750490563073,0.0,0.10241831129983785,0.0,0.0,0.0,0.0,0.16120647005479027,0.33295604590814587,0.08674723979493604,0.0
herb088,0.5144957554275265,0.0,0.0,0.22866478019001177,0.0,0.0,0.0,0.06950480468569159,0.0,0.10050378152592121,0.13333333333333333,0.14907119849998596,0.181848241863327,0.07715167498104596,0.3064129385141706,0.0,0.0,0.0,0.050251890762960605,0.0,0.02817180849095055,0.0,0.1270821419438372,0.0,0.15214515486254612,0.023570226039551584,0.0,0.0,0.18257418583505536,0.09724332766526304,0.023570226039551584,0.09428090415820634,0.09428090415820634,0.17960530202677488,0.06666666666666667,0.0,0.0,0.10050378152592121,0.0,0.13333333333333333,0.4169751944147297,0.1126872339638022,0.0,0.18856180831641267,0.18257418583505536,0.0,0.2405626121623441,0.07453559924999298,0.0,0.0,0.0,0.1649915822768611,0.0,0.1301448015738384,0.21081851067789195,0.07071067811865475,0.0,0.31497039417435596,0.0,0.0,0.0,0.025416428388767443,0.15748519708717798,0.0,0.029934217004462485,0.1414213562373095,0.04714045207910317,0.0,0.12830005981991682,0.0,0.0,0.14506471329641488,0.09805806756909201,0.9999999999999998,0.0,0.0,0.03823595564509362,0.17213259316477406,0.0,0.0,0.1649915822768611,0.0,0.09428090415820634,0.023570226039551584,0.0,0.0,0.15474611514754322,0.07647191129018724,0.2095395190312374,0.3142696805273545,0.023570226039551584,0.09428090415820634,0.02457365935914952,0.0,0.10166571355506977,0.1178511301977579,0.0,0.1388888888888889,0.0,0.07106690545187014,0.11973686801784994,0.0,0.0,0.05986843400892497,0.09938079899999065,0.04714045207910317,0.14907119849998596,0.0,0.04042260417272216,0.0,0.3142696805273545,0.0,0.09724332766526303,0.0,0.0,0.0,0.0,0.1111111111111111,0.0,0.0,0.0,0.14213381090374028,0.1336306209562122,0.0,0.0,0.0,0.29095718698132317,0.0,0.10540925533894598,0.0,0.0982946374365981,0.0,0.19047619047619047,0.2357022603955158,0.06189844605901729,0.19641855032959654,0.0,0.17766726362967533,0.10660035817780521,0.0,0.0,0.1259881576697424,0.0,0.1911797782254681,0.0,0.0,0.363696483726654,0.03553345272593507,0.10286889997472794,0.0,0.13333333333333333,0.0,0.0,0.0,0.2592724864350674,0.0,0.06950480468569159,0.3563483225498992,0.0,0.14213381090374028,0.0,0.15214515486254612,0.18490006540840973,0.10425720702853739,0.0,0.0,0.17766726362967533,0.0,0.0,0.0,0.20833333333333331,0.0,0.0,0.1414213562373095,0.04714045207910317,0.0,0.0,0.17010345435994292,0.0,0.04714045207910317,0.0,0.15214515486254612,0.0,0.10050378152592121,0.11785113019775792,0.24333213169614382,0.10660035817780521,0.181848241863327,0.09428090415820634,0.14547859349066158,0.0,0.07106690545187014,0.023570226039551584,0.14547859349066158,0.0,0.04714045207910317,0.2592724864350674,0.0,0.06804138174397717,0.04714045207910317,0.0,0.0,0.0,0.0,0.0,0.1414213562373095,0.07715167498104596,0.0,0.20833333333333331,0.0,0.07905694150420949,0.0,0.07372097807744857,0.10286889997472794,0.0,0.0,0.23112508176051214,0.06666666666666667,0.27399831217559545,0.0,0.0,0.0,0.1217161238900369,0.1849000654084097,0.16839382851364088,0.0,0.0,0.0,0.07453559924999299,0.025125945381480302,0.05892556509887895,0.06804138174397717,0.0,0.34426518632954817,0.0,0.0,0.19611613513818402,0.0,0.0,0.1496710850223124,0.06666666666666667,0.0,0.0,0.0,0.0,0.0,0.34020690871988585,0.2608745973749754,0.13333333333333333,0.11785113019775792,0.0,0.1649915822768611,0.1259881576697424,0.04714045207910317,0.0,0.0,0.06950480468569159,0.0,0.15214515486254612,0.04714045207910317,0.13699915608779772,0.025125945381480302,0.0,0.3,0.07537783614444091,0.05555555555555555,0.0,0.23112508176051214,0.0,0.1217161238900369,0.0,0.14213381090374028,0.04714045207910317,0.06189844605901729,0.15075567228888181,0.11785113019775792,0.0,0.06666666666666667,0.14506471329641488,0.0,0.028583097523751468,0.0,0.0,0.19641855032959654,0.1649915822768611,0.0,0.057166195047502935,0.32338083338177726,0.03928371006591931,0.0,0.10286889997472794,0.18490006540840973,0.13900960937138318,0.04714045207910317,0.22941573387056172,0.1095993248702382,0.04714045207910317,0.06189844605901729,0.0,0.0,0.0,0.1414213562373095,0.0,0.0,0.0,0.0,0.0,0.07071067811865475,0.0,0.1160517706371319,0.14213381090374028,0.0,0.0,0.0,0.027399831217559546,0.2829582292090551,0.19658927487319616,0.25458753860865774
herb089,0.0,0.2141918210406664,0.22580645161290325,0.0,0.0,0.3048003048004572,0.0,0.0,0.0,0.0,0.03592106040535498,0.0,0.07838618016696206,0.19399589841579265,0.1778001778002667,0.0,0.5901317066594032,0.0,0.10830607221477648,0.26222244603662925,0.060717674071891624,0.0,0.10955820713295535,0.4543694673976519,0.032791291789197645,0.0508000508000762,0.029526929767874632,0.0,0.09837387536759293,0.07859437755933692,0.38100038100057154,0.0254000254000381,0.1270001270001905,0.2580645161290323,0.0,0.0,0.0,0.0,0.2465059660491495,0.0,0.0,0.0,0.2817879814705388,0.1524001524002286,0.0,0.07620007620011429,0.0,0.0,0.3143092785468561,0.08032193289024989,0.029934217004462485,0.1778001778002667,0.0,0.19634744970862505,0.056796183424706485,0.3048003048004572,0.0,0.06788442333021306,0.0,0.09837387536759293,0.0,0.0,0.23759548165574573,0.0,0.0,0.2286002286003429,0.0,0.2804963567266072,0.0,0.6286185570937122,0.3370526488229122,0.0,0.0,0.0,1.0000000000000002,0.0,0.0,0.0,0.0,0.0,0.07620007620011429,0.0,0.0762000762001143,0.0,0.0,0.0,0.033351867298253506,0.0,0.0,0.04233337566673017,0.0254000254000381,0.0254000254000381,0.4237017130659009,0.0,0.05477910356647767,0.0,0.0,0.05986843400892497,0.0,0.0,0.06451612903225808,0.0,0.0,0.0,0.0,0.0,0.04016096644512494,0.0,0.0,0.07838618016696206,0.0,0.0,0.15718875511867383,0.0,0.06913011298202835,0.3484854734952257,0.35273781075132926,0.0,0.0,0.6592685147442633,0.23947373603569988,0.1531679162134967,0.0,0.05184758473652127,0.3709911166081346,0.3135447206678482,0.0,0.0,0.0,0.0,0.0,0.0,0.12828950144769635,0.0,0.0,0.0,0.0,0.0,0.0,0.0,0.0,0.0,0.0,0.0,0.0,0.0,0.0,0.07658395810674835,0.0,0.2032002032003048,0.0,0.0,0.0,0.0,0.17780017780026672,0.03225806451612904,0.037450294313656915,0.0,0.0,0.0,0.0,0.0,0.0,0.11235088294097074,0.0,0.2286002286003429,0.03829197905337418,0.1494406444160154,0.2794002794004191,0.0,0.08980265101338746,0.0,0.3709911166081346,0.0,0.0,0.0,0.0,0.0,0.0,0.2032002032003048,0.0,0.0,0.3135447206678482,0.0,0.0,0.0,0.0,0.0,0.0,0.0,0.2032002032003048,0.0,0.07620007620011429,0.0,0.46015784683444066,0.254000254000381,0.17780017780026672,0.0,0.07332355751067667,0.17780017780026672,0.0,0.0,0.0,0.0,0.0,0.2032002032003048,0.0,0.3668705402807886,0.0,0.0,0.0,0.0,0.0,0.0,0.0,0.0,0.0,0.28736848324283987,0.0,0.0,0.3840122885898555,0.0,0.09837387536759293,0.09962709627734359,0.05184758473652127,0.26681493838602804,0.1018266349953196,0.0,0.4551576197114161,0.0,0.0,0.0,0.049813548138671795,0.0,0.0,0.0,0.0,0.026481357066618805,0.0,0.0,0.28736848324283987,0.5246606686271623,0.23007892341722033,0.0,0.35560035560053344,0.33866700533384136,0.0,0.0,0.0,0.0,0.0,0.0,0.13576884666042613,0.0254000254000381,0.20526320231631418,0.26481357066618805,0.0,0.23007892341722033,0.09837387536759293,0.0,0.2657423679108717,0.0,0.0,0.43105272486425983,0.0,0.0,0.4147806778921701,0.0,0.0,0.0,0.35273781075132926,0.03829197905337418,0.0,0.0,0.0,0.0254000254000381,0.04233337566673017,0.07184212081070997,0.0,0.0,0.09240616554505461,0.0,0.0,0.0,0.0,0.3975732839729454,0.0,0.0,0.0,0.0,0.0,0.0,0.0,0.07620007620011429,0.32963425737213164,0.0,0.20320020320030482,0.13340746919301402,0.25558282541117916,0.0,0.0,0.0,0.500244319584578,0.02913582733740325,0.0,0.0,0.07944407119985641,0.2286002286003429,0.0,0.250122159792289,0.0,0.2817879814705388,0.349629928048839,0.0,0.0,0.0,0.0,0.2743516305843672
herb090,0.0,0.03849001794597505,0.0,0.0,0.0,0.0,0.0,0.0,0.06454972243679027,0.0,0.0,0.0,0.0,0.03984095364447979,0.0,0.0,0.0,0.0,0.0,0.0,0.0,0.0,0.0,0.0,0.0,0.0,0.0,0.0,0.0,0.0,0.0,0.0,0.0,0.0,0.0,0.0,0.0,0.0,0.0,0.0,0.0,0.0,0.0,0.0,0.0,0.0,0.0,0.0,0.0,0.0,0.0,0.0,0.0,0.0,0.0408248290463863,0.0,0.0,0.0,0.0,0.04714045207910316,0.0,0.0,0.0,0.0,0.0,0.0,0.0,0.0,0.0,0.0,0.0,0.0,0.050636968354183326,0.0,0.0,0.9999999999999998,0.0,0.0,0.0,0.03806934938134405,0.0,0.0,0.0,0.0,0.0,0.0,0.0,0.0,0.0,0.0,0.0,0.0,0.03806934938134405,0.0,0.0,0.0,0.0,0.0,0.0,0.0,0.0,0.0,0.0,0.0,0.0,0.0,0.0,0.0,0.0,0.0,0.0,0.0,0.0,0.0,0.0,0.0,0.0,0.0,0.0,0.0,0.0,0.0,0.0,0.0,0.0,0.0,0.0,0.0,0.0,0.0,0.0,0.0,0.0,0.0,0.0,0.0,0.0,0.0,0.0,0.0,0.0,0.0,0.0,0.0,0.0,0.0,0.0,0.0,0.0,0.0,0.0,0.0,0.0,0.0,0.0,0.0,0.0,0.0,0.0,0.0,0.03849001794597505,0.0,0.0,0.0,0.0,0.0,0.0,0.07161148740394328,0.0,0.0,0.0,0.0,0.0,0.0,0.0,0.0,0.0,0.0,0.0,0.03651483716701107,0.0,0.0,0.0,0.0,0.0,0.0,0.0,0.0,0.0,0.0,0.0,0.0,0.0,0.0,0.0,0.0,0.0,0.0,0.0,0.07302967433402215,0.0,0.0,0.0,0.0,0.0,0.0,0.0,0.0,0.0,0.0,0.0,0.0,0.0,0.0,0.0,0.0,0.0,0.0,0.0,0.0,0.0,0.0,0.04714045207910316,0.0,0.0,0.0,0.0,0.0,0.0,0.0,0.0,0.0,0.0,0.0,0.0,0.0,0.0,0.0,0.0,0.0,0.051639777949432225,0.0,0.0,0.0,0.0,0.0,0.0,0.0,0.0,0.0,0.0,0.0,0.0,0.0,0.0,0.0,0.053838190205816545,0.0,0.0,0.0,0.0,0.0,0.0,0.0,0.0,0.0,0.0,0.0,0.0,0.0,0.0,0.0,0.0,0.0,0.0,0.0,0.0,0.0,0.0,0.0,0.0,0.0,0.0,0.0,0.0,0.0,0.0,0.0,0.0,0.0,0.0,0.0,0.0,0.0,0.0,0.0,0.0,0.0,0.0,0.0,0.0,0.0,0.0,0.0,0.0,0.0,0.0,0.0,0.0,0.0,0.0,0.0,0.0,0.0,0.0,0.06262242910851494,0.0,0.0
herb091,0.07868894753646336,0.0,0.0,0.0,0.0,0.0,0.0,0.19134594929397594,0.0,0.0,0.0,0.0,0.0,0.0,0.0,0.0,0.0,0.0,0.0,0.0,0.0,0.0,0.0,0.0,0.04188539082916955,0.0324442842261525,0.0,0.13834289277321493,0.12565617248750865,0.10039117221153818,0.064888568452305,0.0324442842261525,0.0,0.0,0.0,0.0,0.0,0.0,0.0,0.0,0.0,0.11633501014942217,0.0,0.0,0.12565617248750863,0.0,0.0,0.0,0.0,0.0,0.0,0.0,0.0,0.0,0.0,0.0,0.0,0.0,0.0,0.0,0.0,0.0,0.0,0.0,0.0,0.0,0.0,0.10748615458500278,0.0,0.0,0.0,0.0,0.0,0.03823595564509362,0.0,0.0,0.9999999999999997,0.059234887775909226,0.0,0.0,0.0,0.0,0.09733285267845751,0.0,0.11470786693528087,0.0,0.0,0.0,0.0,0.0,0.0,0.0,0.0,0.0,0.03498557142706597,0.2433321316961438,0.0,0.0,0.12565617248750865,0.0,0.12361284651454937,0.0,0.0,0.0,0.03419927840283847,0.0,0.0,0.0,0.05564148840746572,0.0,0.0,0.0,0.0,0.0,0.0,0.0,0.0,0.15294382258037448,0.0,0.0,0.11470786693528086,0.0,0.0,0.0,0.0,0.0,0.0,0.0,0.0,0.42105263157894723,0.4735570640442168,0.0,0.0,0.0,0.0,0.05407380704358751,0.0,0.0,0.0,0.4103913408340616,0.0,0.0,0.0,0.0,0.14350946197048195,0.0,0.0,0.0,0.0,0.0,0.22941573387056174,0.0,0.22941573387056174,0.0,0.0,0.0,0.0,0.0,0.0,0.0,0.0,0.0,0.12725695259515554,0.14350946197048195,0.0,0.0,0.04891159880445184,0.0,0.0,0.0,0.0,0.0,0.0,0.0324442842261525,0.0,0.0,0.0,0.0936585811581694,0.1025978352085154,0.0,0.0,0.0,0.15018785229652765,0.13834289277321493,0.0,0.0,0.0,0.0,0.0324442842261525,0.0,0.0,0.0,0.22710998958306752,0.05006261743217588,0.0,0.0324442842261525,0.0,0.0,0.0,0.0,0.0,0.16692446522239715,0.3350831266333564,0.0,0.0,0.064888568452305,0.0,0.0,0.0,0.0,0.10882143751650175,0.0,0.0,0.1061988488107183,0.0,0.2977291710259148,0.0,0.0,0.0,0.11164843913471803,0.0,0.0,0.0837707816583391,0.0,0.033113308926626096,0.0,0.0,0.0,0.03419927840283847,0.0,0.0,0.0,0.1908854288927333,0.059234887775909226,0.15974461276617435,0.0,0.0,0.0,0.0,0.0,0.0,0.0,0.03673591791853225,0.0,0.0,0.0,0.0,0.0512989176042577,0.22941573387056174,0.09733285267845751,0.0,0.0,0.0,0.0,0.0,0.0,0.0,0.0,0.0,0.0,0.0,0.0,0.0,0.04588314677411235,0.0,0.0,0.0,0.0,0.0,0.20942695414584772,0.0,0.04891159880445184,0.09733285267845751,0.0,0.0,0.0,0.0,0.0,0.19968076595771794,0.0,0.0,0.0,0.15294382258037448,0.05407380704358751,0.0,0.0,0.0,0.0,0.05407380704358751,0.0,0.14159846508095772,0.19088542889273333,0.23918243661746993,0.0324442842261525,0.0,0.33944142888212137,0.0,0.0,0.0,0.0,0.40050093945740706,0.16222142113076252,0.0,0.0,0.047836487323493986,0.0,0.03382550457458691,0.0,0.26218941013778485,0.03993615319154359,0.0,0.0,0.0,0.0,0.0,0.0,0.03382550457458691,0.0
herb092,0.3985266984930428,0.0,0.0,0.13284223283101426,0.0,0.0,0.0,0.26919095102908275,0.0,0.0,0.0,0.0,0.0,0.0,0.0,0.0,0.0,0.0,0.0,0.0,0.0,0.0,0.039374961547907886,0.0,0.18856180831641264,0.07302967433402215,0.0,0.0,0.18856180831641264,0.15064871543094188,0.0,0.43817804600413285,0.0,0.0,0.0,0.0,0.0,0.0,0.0,0.0,0.0,0.17457431218879385,0.0,0.0,0.18856180831641264,0.0,0.0,0.0,0.0,0.0,0.0,0.0,0.0,0.0,0.0,0.0,0.0,0.0,0.0,0.0,0.0,0.0,0.0,0.0,0.0,0.0,0.0,0.08064778385455118,0.0,0.21516574145596756,0.0,0.0,0.15191090506254998,0.17213259316477406,0.0,0.0,0.059234887775909226,0.9999999999999998,0.0,0.0,0.0,0.0,0.03651483716701107,0.0,0.0,0.0,0.0,0.0,0.0,0.0,0.03651483716701107,0.0,0.0,0.0,0.15749984619163154,0.547722557505166,0.0,0.0,0.0,0.0,0.1854955583040673,0.0,0.0,0.0,0.46188021535170054,0.03651483716701107,0.0,0.0,0.06262242910851494,0.0,0.0,0.0,0.0,0.0,0.0,0.0,0.0,0.5163977794943222,0.0,0.0,0.0,0.0,0.0,0.0,0.0,0.0,0.0,0.0,0.0,0.0,0.1522773975253762,0.0,0.0,0.273861278752583,0.0,0.2434322477800738,0.0,0.0,0.0,0.0,0.0,0.0,0.0,0.17770466332772766,0.0,0.0,0.0,0.0,0.0,0.0,0.6196773353931866,0.0,0.0,0.0,0.0,0.046373889576016826,0.0,0.0,0.0,0.0,0.0,0.0,0.8593378488473195,0.16151457061744964,0.0,0.0,0.22019275302527208,0.0,0.07302967433402215,0.0,0.0,0.0,0.0,0.43817804600413285,0.0,0.0,0.0,0.21081851067789195,0.0,0.0,0.0,0.0,0.0,0.4670993664969138,0.0,0.0,0.0,0.0,0.1460593486680443,0.0,0.0,0.0,0.0,0.2253744679276044,0.0,0.0,0.0,0.0,0.0,0.0,0.0,0.0,0.0,0.0,0.0,0.43817804600413285,0.0,0.0,0.0,0.0,0.0,0.0,0.0,0.15936381457791915,0.0,0.0,0.0,0.0,0.12734290799340264,0.0,0.0,0.0,0.18856180831641264,0.0,0.14907119849998599,0.0,0.0,0.0,0.03849001794597505,0.0,0.0,0.0,0.0,0.2666666666666666,0.22473328748774735,0.0,0.0,0.0,0.0,0.0,0.0,0.0,0.0,0.0,0.0,0.0,0.0,0.05773502691896257,0.2065591117977289,0.0,0.0,0.0,0.0,0.0,0.0,0.0,0.0,0.0,0.0,0.0,0.0,0.0,0.0,0.2065591117977289,0.0,0.0,0.0,0.0,0.0,0.18856180831641264,0.0,0.22019275302527208,0.0,0.0,0.0,0.0,0.0,0.0,0.17978662999019787,0.0,0.0,0.0,0.0,0.2434322477800738,0.0,0.0,0.0,0.0,0.30429030972509225,0.0,0.47809144373375745,0.28644594961577313,0.4845437118523489,0.07302967433402215,0.0,0.16979054399120352,0.0,0.0,0.0,0.0,0.0,0.43817804600413285,0.0,0.0,0.0,0.0,0.0,0.0,0.0,0.17978662999019787,0.0,0.0,0.0,0.059234887775909226,0.0,0.0,0.1522773975253762,0.0
herb093,0.0,0.1414213562373095,0.0,0.0,0.0,0.0,0.3730019232961255,0.0,0.03952847075210474,0.0,0.0,0.1414213562373095,0.0,0.024397501823713332,0.0,0.0,0.36140316116210053,0.0,0.0,0.0,0.02672612419124244,0.35777087639996635,0.0,0.0,0.34641016151377546,0.022360679774997897,0.051987524491003634,0.0,0.08660254037844387,0.04612656040144426,0.0,0.0,0.0670820393249937,0.0,0.0632455532033676,0.0,0.0,0.0,0.0,0.0,0.030429030972509232,0.0,0.0,0.044721359549995794,0.0,0.0,0.0,0.3181980515339464,0.0,0.0,0.0,0.0670820393249937,0.0,0.049386479832479485,0.0,0.022360679774997897,0.0,0.0,0.0,0.34641016151377546,0.0,0.0,0.0,0.0,0.11359236684941297,0.0,0.15652475842498528,0.0,0.0,0.0,0.0,0.11009637651263607,0.0,0.0,0.0,0.0,0.0,0.0,1.0,0.6527533657682196,0.0,0.0,0.044721359549995794,0.1341640786499874,0.03952847075210474,0.07905694150420949,0.0,0.39901193756050635,0.0,0.0,0.42485291572496003,0.0,0.04662524041201569,0.0,0.0,0.0,0.02258769757263128,0.0,0.0,0.1348399724926484,0.0,0.447213595499958,0.49613893835683387,0.0,0.0,0.38013155617496425,0.0,0.0,0.0,0.0,0.0372677996249965,0.42485291572496003,0.11531640100361064,0.0,0.48686449556014766,0.0,0.0,0.0,0.0,0.0,0.0,0.0,0.0,0.0,0.0,0.0,0.0,0.0,0.0,0.07254762501100116,0.0,0.0,0.04517539514526256,0.0,0.0,0.0,0.0,0.0,0.0,0.1414213562373095,0.0,0.0,0.36901248321155405,0.0,0.0,0.0,0.0,0.37080992435478305,0.0,0.0,0.0,0.42905816516051665,0.0,0.0,0.0,0.0,0.0,0.0,0.05063696835418333,0.0,0.282842712474619,0.057735026918962574,0.0,0.0,0.0,0.0,0.0,0.0,0.022360679774997897,0.11952286093343936,0.03952847075210474,0.0,0.0,0.0,0.22360679774997896,0.09644856443408244,0.44447831849231534,0.0,0.0,0.11180339887498948,0.17677669529663687,0.0,0.0,0.0,0.33541019662496846,0.0,0.0674199862463242,0.0,0.0,0.0,0.0,0.0,0.0,0.0,0.0,0.0670820393249937,0.0,0.060858061945018464,0.0,0.22360679774997896,0.1315587028960544,0.0,0.11547005383792515,0.45573271518765,0.0,0.0,0.09759000729485333,0.0,0.0,0.0,0.0,0.11009637651263608,0.18650096164806276,0.0,0.35777087639996635,0.0,0.0,0.2846049894151542,0.025993762245501817,0.17954621161490197,0.0,0.0,0.0,0.0,0.0,0.0,0.0,0.0,0.0,0.0,0.0,0.0,0.0,0.0,0.0,0.0,0.0,0.0,0.3069703067574603,0.0,0.0,0.0,0.0,0.0,0.33541019662496846,0.0,0.0,0.0,0.0,0.33541019662496846,0.42485291572496003,0.35777087639996635,0.17928429140015906,0.0,0.36140316116210053,0.0,0.36265926036768287,0.0,0.0,0.044721359549995794,0.0,0.0,0.0,0.0,0.5244044240850758,0.026352313834736494,0.0,0.043852900965351466,0.0,0.0,0.0,0.0,0.0,0.0,0.0,0.0670820393249937,0.0,0.0,0.0,0.0,0.0,0.0,0.0,0.0,0.1341640786499874,0.0,0.0,0.0,0.0,0.0408248290463863,0.0,0.0,0.0,0.0670820393249937,0.0,0.0,0.022360679774997897,0.058722021951470346,0.0,0.0,0.0,0.38013155617496425,0.0,0.0,0.0,0.0,0.0,0.0,0.0,0.16514456476895412,0.0,0.0,0.0,0.0,0.0,0.0,0.4662524041201569,0.0
herb094,0.0,0.15385544379235028,0.0,0.0,0.0,0.0,0.3478260869565218,0.0,0.25802342327107,0.0,0.0,0.0,0.0,0.136504726557987,0.0834057656228299,0.0,0.33701018549690775,0.0,0.0,0.023918243661746996,0.02492223931396134,0.33362306249131957,0.0,0.0,0.13459547551454137,0.020851441405707476,0.048478616556371965,0.0,0.0,0.06451985904290104,0.0,0.0,0.04170288281141495,0.0,0.05897678246195886,0.0,0.0,0.0,0.0,0.0,0.0,0.02492223931396134,0.0,0.04170288281141495,0.0,0.0,0.0,0.16484511834894675,0.0,0.0,0.0,0.0834057656228299,0.0,0.0,0.023312620206007845,0.0,0.0,0.0,0.036860489038724284,0.3230291412348993,0.03940552031195504,0.0,0.0,0.030743773095067286,0.0,0.0,0.10425720702853739,0.023026564952925203,0.14187608845979144,0.0,0.0,0.0,0.2313259727864961,0.0,0.0,0.03806934938134405,0.0,0.0,0.6527533657682196,1.0000000000000002,0.0,0.0,0.0834057656228299,0.0834057656228299,0.0,0.07372097807744857,0.027379283909669677,0.16912752287293456,0.0,0.0,0.396177386708442,0.0,0.15217391304347827,0.0,0.0,0.0,0.02106313659355673,0.0,0.026919095102908273,0.0,0.0,0.41702882811414954,0.4626519455729923,0.0,0.0,0.35447450389702706,0.0,0.03217447260438935,0.0,0.0,0.0,0.4170288281141495,0.10753309840483506,0.04914731871829904,0.45400348307133254,0.0,0.0,0.02457365935914952,0.03806934938134405,0.0,0.02457365935914952,0.0,0.0,0.0,0.0,0.03217447260438935,0.03217447260438935,0.0,0.0,0.0,0.0,0.0,0.04212627318711346,0.0,0.027379283909669677,0.0,0.044455422447438706,0.0,0.0,0.1318760946791574,0.08512565307587487,0.0,0.3441059148954722,0.0,0.0,0.0,0.0,0.15717365336548286,0.022750787759664503,0.0,0.0,0.4000988020269484,0.0,0.05572782125753528,0.0,0.0,0.030743773095067286,0.0,0.07082882469748285,0.0,0.2417728402451219,0.0,0.0,0.0,0.0,0.0,0.0,0.28625128703833574,0.0,0.11145564251507056,0.0,0.0,0.0,0.0,0.1668115312456598,0.08993875008265757,0.4144781691526537,0.0,0.0,0.18766297265136728,0.0659380473395787,0.0,0.0,0.0,0.3127716210856121,0.0,0.09430419201928972,0.0,0.0,0.0,0.0,0.0,0.0,0.0,0.0,0.06255432421712243,0.0,0.08512565307587486,0.0,0.14596008983995232,0.12267912301642961,0.0,0.13459547551454137,0.4249729481848971,0.0,0.0,0.09100315103865801,0.0,0.0,0.023312620206007845,0.0,0.10266540046786908,0.08695652173913043,0.022750787759664503,0.33362306249131957,0.0,0.0,0.14744195615489714,0.024239308278185982,0.0,0.0,0.0,0.16151457061744964,0.0,0.021281413268968718,0.0,0.0,0.0,0.0,0.022227711223719353,0.0,0.0,0.0,0.03806934938134405,0.0,0.0,0.0,0.0,0.20446520502738266,0.0,0.2359071298478354,0.0,0.0,0.0,0.3127716210856121,0.0,0.0,0.0,0.0,0.3127716210856121,0.396177386708442,0.33362306249131957,0.0,0.0,0.33701018549690775,0.0,0.3689252771408074,0.0,0.0,0.06255432421712243,0.0,0.022227711223719353,0.0,0.0,0.5112373581455452,0.02457365935914952,0.0,0.0,0.0,0.0,0.0,0.0,0.0,0.027379283909669677,0.0,0.0,0.034752402342845795,0.0,0.0,0.0,0.0,0.0,0.0,0.0,0.0834057656228299,0.0,0.025286086871208677,0.0,0.0,0.0,0.0,0.040893041005476534,0.0,0.06255432421712243,0.0,0.024239308278185982,0.0,0.054758567819339354,0.0,0.02948839123097943,0.0,0.354474503897027,0.0,0.09567297464698798,0.0,0.026919095102908273,0.0,0.0,0.0,0.15399810070180361,0.0,0.0,0.0,0.0,0.0,0.21455956195564546,0.4347826086956522,0.0
herb095,0.09701425001453318,0.0,0.0,0.0,0.0,0.0,0.0,0.05897678246195886,0.10606601717798213,0.04264014327112209,0.1414213562373095,0.3478505426185217,0.3394673699166022,0.0,0.08,0.0,0.0,0.07071067811865475,0.04264014327112209,0.04588314677411236,0.09561828874675149,0.0,0.10783277320343841,0.0,0.0,0.02,0.023249527748763855,0.0,0.18073922282301275,0.22691267417693456,0.02,0.04,0.14,0.254000254000381,0.0,0.0,0.0,0.08528028654224418,0.0,0.16970562748477142,0.05443310539518174,0.0,0.0,0.02,0.0,0.16,0.2041241452319315,0.09486832980505137,0.035355339059327376,0.0,0.07071067811865475,0.16,0.0,0.0,0.0670820393249937,0.04,0.11766968108291043,0.05345224838248487,0.0,0.0,0.03779644730092272,0.02156655464068768,0.0,0.0,0.0508000508000762,0.04,0.0,0.02208630521496931,0.2721655269759087,0.0,0.02948839123097943,0.0,0.0,0.1649915822768611,0.07620007620011429,0.0,0.0,0.0,0.0,0.0,0.9999999999999999,0.08,0.04,0.02,0.0,0.07071067811865475,0.10504514628777804,0.064888568452305,0.0,0.13333333333333336,0.02,0.0,0.04170288281141495,0.0,0.02156655464068768,0.0,0.020203050891044214,0.3064129385141706,0.0,0.09045340337332908,0.2286002286003429,0.024999999999999998,0.02773500981126146,0.1016001016001524,0.021081851067789197,0.04,0.12649110640673517,0.0,0.0,0.0,0.0,0.04,0.1856558243265828,0.0,0.0,0.0,0.0,0.04714045207910317,0.0,0.0324442842261525,0.023570226039551584,0.030151134457776358,0.03779644730092272,0.040824829046386304,0.0,0.030860669992418384,0.1851640199545103,0.20851441405707474,0.1341640786499874,0.0324442842261525,0.0,0.0,0.22223355980148635,0.0,0.02626128657194451,0.2333333333333334,0.0,0.030151134457776358,0.0,0.0,0.0,0.05345224838248487,0.0,0.09733285267845751,0.0,0.06324555320336758,0.12344267996967354,0.060302268915552716,0.0,0.0,0.0,0.021320071635561044,0.0,0.05345224838248487,0.04,0.0254000254000381,0.0,0.03779644730092272,0.022645540682891915,0.030151134457776358,0.021081851067789197,0.07745966692414832,0.0,0.0,0.15689290811054724,0.02,0.0,0.0,0.02,0.0,0.17677669529663687,0.0,0.0,0.0,0.08,0.02156655464068768,0.0,0.0,0.03162277660168379,0.1,0.0,0.0,0.0,0.0,0.0,0.13764944032233706,0.12060453783110543,0.0,0.0,0.18516401995451032,0.0,0.18090680674665816,0.02,0.0,0.0,0.02,0.06,0.02721655269759087,0.2598076211353316,0.0,0.0,0.0,0.0,0.022645540682891915,0.0,0.0,0.10910894511799618,0.02626128657194451,0.0,0.0,0.1341640786499874,0.0,0.12510864843424485,0.02182178902359924,0.02,0.02294157338705618,0.15689290811054724,0.0565685424949238,0.06974858324629157,0.13764944032233706,0.0,0.0,0.05163977794943222,0.15689290811054724,0.040824829046386304,0.0,0.0,0.0,0.04216370213557839,0.04264014327112209,0.0,0.0,0.0,0.0,0.0,0.0,0.1386750490563073,0.0834057656228299,0.0,0.0,0.0,0.02581988897471611,0.0,0.0,0.02,0.0,0.0,0.03162277660168379,0.0,0.0,0.0,0.02,0.10690449676496974,0.02,0.0,0.0,0.0,0.022645540682891915,0.07745966692414832,0.04,0.0,0.1492405014489273,0.09258200997725516,0.0,0.0,0.1649915822768611,0.02721655269759087,0.15689290811054724,0.08944271909999159,0.0,0.0,0.0,0.04,0.0,0.08528028654224418,0.18000000000000002,0.06666666666666668,0.0,0.0,0.0,0.0,0.0,0.0,0.0,0.26,0.0,0.07276068751089988,0.0,0.0,0.0,0.0,0.0,0.0,0.0,0.0,0.023249527748763855,0.1,0.02626128657194451,0.0,0.0282842712474619,0.0,0.0,0.0,0.0,0.0,0.0,0.06255432421712243,0.0,0.020203050891044214,0.02461829819586655,0.030151134457776358,0.0,0.0,0.0,0.0,0.0,0.0834057656228299,0.0
herb096,0.0,0.0,0.0,0.0,0.0,0.08,0.0,0.0,0.035355339059327376,0.0,0.0,0.0,0.0,0.0,0.0,0.16222142113076252,0.0,0.0,0.0,0.0,0.023904572186687872,0.0,0.0,0.0,0.10327955589886444,0.02,0.023249527748763855,0.0,0.0,0.02062842492517587,0.0,0.14,0.1,0.0,0.0,0.16970562748477142,0.06172133998483677,0.0,0.06469966392206304,0.0,0.0,0.0,0.0,0.0,0.0,0.02,0.0,0.0,0.0,0.0,0.0,0.02,0.0,0.0,0.0,0.04,0.0,0.0,0.0,0.0,0.22677868380553634,0.0,0.0,0.08846517369293828,0.07620007620011429,0.0,0.32000000000000006,0.02208630521496931,0.0,0.11785113019775792,0.0,0.14770978917519928,0.0,0.0,0.0,0.0,0.0,0.0,0.0,0.0,0.08,1.0000000000000002,0.04,0.22000000000000003,0.035355339059327376,0.07071067811865475,0.0,0.0,0.0508000508000762,0.0,0.0,0.02,0.020851441405707476,0.1507556722888818,0.0,0.0,0.0,0.0,0.0,0.030151134457776358,0.0,0.0,0.0,0.0,0.0,0.04,0.22135943621178655,0.0,0.034299717028501764,0.0,0.0,0.02,0.0,0.0,0.0,0.0,0.0,0.023570226039551584,0.0,0.0,0.0,0.0,0.0,0.0,0.0,0.0,0.0,0.020851441405707476,0.0,0.0,0.10425720702853739,0.0,0.0,0.049999999999999996,0.0,0.0,0.0,0.030151134457776358,0.0,0.0,0.0,0.0,0.0,0.0,0.0,0.0,0.0,0.0,0.02182178902359924,0.16,0.0,0.021320071635561044,0.0,0.0,0.0,0.2286002286003429,0.0,0.0,0.022645540682891915,0.0,0.23190036174568116,0.0,0.0,0.0,0.0,0.02,0.0,0.0,0.08,0.0,0.0,0.0,0.0,0.0,0.1,0.3450648742510029,0.0,0.0,0.06324555320336758,0.02,0.03162277660168379,0.0,0.0,0.0,0.02,0.0,0.0,0.0,0.02,0.0,0.0,0.0,0.18,0.0,0.1585187847802434,0.0,0.02,0.02721655269759087,0.0,0.04,0.0,0.0,0.12909944487358055,0.1358732440973515,0.0,0.13999999999999999,0.0,0.02626128657194451,0.0,0.0,0.24596747752497689,0.0,0.06255432421712243,0.0,0.02,0.02294157338705618,0.0,0.0,0.0,0.0,0.0,0.0,0.0,0.0,0.0,0.0,0.0,0.22188007849009164,0.16865480854231357,0.021320071635561044,0.0,0.0,0.0,0.0,0.0,0.0,0.0,0.1876629726513673,0.0,0.0,0.0,0.02581988897471611,0.0,0.0,0.0,0.06666666666666668,0.0,0.0,0.1414213562373095,0.0,0.0,0.0,0.08017837257372731,0.02,0.0,0.14596008983995232,0.0,0.0,0.0,0.04,0.0,0.0,0.0,0.0,0.0,0.04714045207910317,0.0,0.0,0.0,0.0,0.0,0.12060453783110543,0.0,0.0,0.0,0.02,0.03333333333333334,0.0,0.0,0.22360679774997896,0.0,0.0,0.0,0.0,0.02,0.0,0.024253562503633294,0.0,0.0,0.0,0.0,0.0,0.08846517369293828,0.04,0.0,0.04649905549752771,0.08,0.0,0.0,0.0282842712474619,0.0,0.02,0.17232808737106584,0.0,0.02948839123097943,0.15491933384829665,0.020851441405707476,0.0,0.24243661069253056,0.270801280154532,0.18090680674665816,0.0,0.1147078669352809,0.0,0.0,0.0,0.0,0.0
herb097,0.04850712500726659,0.0,0.0254000254000381,0.024253562503633294,0.0,0.08,0.020851441405707476,0.0,0.0,0.0,0.08485281374238571,0.03162277660168379,0.030860669992418384,0.02182178902359924,0.02,0.0,0.06060915267313264,0.0,0.0,0.09176629354822471,0.047809144373375745,0.04,0.02156655464068768,0.11180339887498948,0.02581988897471611,0.1,0.09299811099505542,0.0,0.02581988897471611,0.08251369970070348,0.08,0.04,0.18,0.0254000254000381,0.0565685424949238,0.0,0.030860669992418384,0.0,0.0,0.0282842712474619,0.0,0.047809144373375745,0.0,0.1,0.02581988897471611,0.1,0.040824829046386304,0.0,0.0,0.0,0.0,0.12,0.0,0.0,0.022360679774997897,0.06,0.0,0.0,0.0,0.0,0.03779644730092272,0.0,0.0,0.05897678246195886,0.0508000508000762,0.02,0.04,0.13251783128981587,0.05443310539518174,0.07071067811865475,0.0,0.02461829819586655,0.05547001962252292,0.09428090415820634,0.0762000762001143,0.0,0.09733285267845751,0.03651483716701107,0.044721359549995794,0.0834057656228299,0.04,0.04,1.0000000000000002,0.1,0.0,0.07071067811865475,0.02626128657194451,0.0,0.0254000254000381,0.06666666666666668,0.04,0.06,0.06255432421712243,0.0,0.02156655464068768,0.024999999999999998,0.060609152673132646,0.023570226039551584,0.02581988897471611,0.0,0.0254000254000381,0.024999999999999998,0.02773500981126146,0.0,0.04216370213557839,0.12,0.03162277660168379,0.0,0.034299717028501764,0.0,0.0,0.12,0.08251369970070348,0.07071067811865475,0.02721655269759087,0.0,0.0,0.04714045207910317,0.0,0.09733285267845751,0.04714045207910317,0.030151134457776358,0.0,0.0,0.0,0.0,0.030860669992418384,0.16681153124565978,0.0,0.064888568452305,0.06255432421712243,0.0,0.10101525445522107,0.049999999999999996,0.0,0.03333333333333334,0.04264014327112209,0.0,0.0,0.06324555320336758,0.08164965809277261,0.0,0.02062842492517587,0.0,0.02948839123097943,0.0,0.030860669992418384,0.0,0.02182178902359924,0.0,0.0282842712474619,0.08528028654224418,0.0,0.05345224838248487,0.04,0.0254000254000381,0.02948839123097943,0.0,0.09058216273156766,0.0,0.021081851067789197,0.02581988897471611,0.03922322702763681,0.0,0.0,0.08,0.030151134457776358,0.03922322702763681,0.08,0.16035674514745463,0.0,0.0,0.0,0.08,0.1,0.02156655464068768,0.04417261042993862,0.02886751345948129,0.0,0.04,0.09486832980505137,0.02581988897471611,0.0,0.021320071635561044,0.04,0.04588314677411236,0.09045340337332908,0.0,0.04,0.06172133998483677,0.02,0.0,0.12,0.030860669992418384,0.06793662204867575,0.04,0.02,0.10886621079036347,0.0,0.0,0.0,0.0,0.10327955589886444,0.1358732440973515,0.0,0.02,0.02182178902359924,0.07878385971583353,0.0,0.044721359549995794,0.022360679774997897,0.02461829819586655,0.06255432421712243,0.04364357804719848,0.04,0.09176629354822471,0.0,0.0,0.04649905549752771,0.0,0.0,0.0,0.0,0.03922322702763681,0.06123724356957946,0.0,0.0,0.0,0.08432740427115679,0.04264014327112209,0.0,0.0,0.0,0.07302967433402215,0.0,0.0,0.0,0.04170288281141495,0.0,0.0254000254000381,0.0282842712474619,0.10327955589886444,0.0,0.0,0.1,0.03333333333333334,0.0,0.0,0.0282842712474619,0.06,0.06,0.0,0.0,0.04,0.04040610178208843,0.0,0.0,0.0,0.0,0.12,0.0,0.06396021490668313,0.030860669992418384,0.0282842712474619,0.08528028654224418,0.0,0.0,0.07844645405527362,0.044721359549995794,0.02581988897471611,0.0,0.030151134457776358,0.08,0.0,0.04264014327112209,0.08,0.03333333333333334,0.0,0.02461829819586655,0.0,0.0,0.0,0.0,0.03333333333333334,0.18,0.1341640786499874,0.14552137502179976,0.0,0.03333333333333334,0.0,0.02182178902359924,0.07844645405527362,0.02948839123097943,0.26,0.0,0.09299811099505542,0.02,0.15756771943166706,0.044721359549995794,0.0282842712474619,0.06172133998483677,0.06,0.07385489458759964,0.0,0.02948839123097943,0.05163977794943222,0.0,0.06,0.04040610178208843,0.14770978917519928,0.0,0.0,0.0,0.0,0.023249527748763855,0.0,0.06255432421712243,0.0
herb098,0.0,0.04216370213557839,0.0254000254000381,0.0,0.0,0.18000000000000002,0.020851441405707476,0.0,0.0,0.0,0.0,0.0,0.0,0.0,0.0,0.064888568452305,0.0,0.0,0.0,0.02294157338705618,0.047809144373375745,0.0,0.0,0.022360679774997897,0.15491933384829665,0.06,0.023249527748763855,0.0,0.0,0.02062842492517587,0.02,0.14,0.14,0.0254000254000381,0.0,0.0,0.0,0.0,0.04313310928137536,0.0,0.0,0.0,0.0,0.14,0.02581988897471611,0.0,0.0,0.22135943621178655,0.0,0.0,0.023570226039551584,0.02,0.0,0.0,0.0,0.08,0.0,0.0,0.0,0.15491933384829665,0.0,0.02156655464068768,0.0,0.0,0.254000254000381,0.04,0.6000000000000001,0.04417261042993862,0.0,0.07071067811865475,0.02948839123097943,0.07385489458759964,0.0,0.023570226039551584,0.0,0.0,0.0,0.0,0.1341640786499874,0.0834057656228299,0.02,0.22000000000000003,0.1,1.0000000000000002,0.0,0.0,0.0,0.19466570535691502,0.1016001016001524,0.0,0.0,0.06,0.020851441405707476,0.030151134457776358,0.02156655464068768,0.0,0.0,0.0,0.0,0.12060453783110543,0.0,0.024999999999999998,0.02773500981126146,0.0,0.04216370213557839,0.0,0.09486832980505137,0.0,0.0,0.0,0.0,0.02,0.08251369970070348,0.0,0.0,0.0,0.0,0.023570226039551584,0.0,0.0,0.0,0.030151134457776358,0.0,0.0,0.0,0.0,0.0,0.0,0.0,0.0,0.06255432421712243,0.0,0.0,0.049999999999999996,0.0,0.0,0.0,0.0,0.030151134457776358,0.03162277660168379,0.0,0.0,0.0,0.0,0.05897678246195886,0.18973665961010275,0.0,0.18090680674665816,0.02182178902359924,0.06,0.0,0.0,0.0,0.0,0.02,0.1270001270001905,0.0,0.0,0.0,0.0,0.08432740427115679,0.02581988897471611,0.0,0.0,0.0,0.02,0.0,0.0,0.1,0.0,0.035355339059327376,0.0,0.0,0.0,0.08,0.08626621856275073,0.0,0.0,0.03162277660168379,0.06,0.06324555320336758,0.0,0.0,0.021320071635561044,0.02,0.06882472016116853,0.0,0.0,0.0,0.0,0.02,0.0,0.26,0.0,0.09058216273156766,0.0,0.02,0.0,0.0,0.18000000000000002,0.0,0.06859943405700353,0.0,0.04529108136578383,0.0324442842261525,0.06,0.02182178902359924,0.05252257314388902,0.0,0.0,0.2012461179749811,0.0,0.0834057656228299,0.02182178902359924,0.02,0.0,0.0,0.2262741699796952,0.0,0.06882472016116853,0.0,0.0,0.0,0.0,0.0,0.0,0.0,0.16641005886756874,0.08432740427115679,0.021320071635561044,0.0,0.0,0.0,0.0,0.02461829819586655,0.0,0.0,0.06255432421712243,0.19611613513818404,0.0508000508000762,0.0,0.05163977794943222,0.0,0.0,0.02,0.0,0.0,0.0,0.0,0.02,0.0,0.08,0.1336306209562122,0.04,0.0,0.0834057656228299,0.17693034738587657,0.0,0.0,0.04,0.0,0.0,0.06172133998483677,0.0,0.0,0.04714045207910317,0.0,0.03922322702763681,0.0,0.05163977794943222,0.09258200997725516,0.0,0.0,0.0,0.04264014327112209,0.06,0.0,0.0,0.0,0.1341640786499874,0.0,0.0,0.0,0.03333333333333334,0.04,0.0,0.024253562503633294,0.0,0.0,0.0,0.0,0.0,0.0,0.14,0.0,0.06974858324629157,0.04,0.0,0.0,0.0282842712474619,0.030860669992418384,0.02,0.07385489458759964,0.0,0.05897678246195886,0.15491933384829665,0.0834057656228299,0.0,0.10101525445522107,0.07385489458759964,0.0,0.0,0.06882472016116853,0.0,0.0,0.0,0.0,0.0
herb100,0.0,0.0,0.0,0.17149858514250882,0.0,0.0,0.036860489038724284,0.10425720702853739,0.125,0.0,0.0,0.05590169943749474,0.0,0.07715167498104596,0.0,0.057353933467640436,0.0,0.125,0.0,0.0,0.0,0.0,0.0,0.0,0.13693063937629152,0.0,0.0,0.0,0.09128709291752768,0.03646624787447364,0.0,0.0,0.0,0.0,0.0,0.0,0.0545544725589981,0.0,0.0,0.0,0.0,0.042257712736425826,0.0,0.0,0.0,0.035355339059327376,0.0,0.0,0.0625,0.0,0.0,0.0,0.0,0.03904344047215152,0.03952847075210474,0.0,0.0,0.0,0.125,0.04564354645876384,0.0,0.0,0.0,0.0,0.0,0.0,0.0,0.07808688094430304,0.0,0.0,0.0,0.0,0.0,0.0,0.0,0.0,0.11470786693528087,0.0,0.03952847075210474,0.0,0.0,0.035355339059327376,0.0,0.0,1.0,0.0,0.0,0.0,0.0,0.0,0.0,0.0,0.0,0.0,0.0,0.08838834764831843,0.03571428571428571,0.0,0.13693063937629152,0.0,0.04490132550669373,0.0,0.0,0.0,0.0,0.035355339059327376,0.0,0.0,0.06063390625908324,0.0,0.0,0.0,0.0,0.041666666666666664,0.0,0.0,0.0,0.0,0.12909944487358055,0.0,0.08333333333333333,0.0,0.0,0.0,0.0,0.0,0.0545544725589981,0.0,0.0,0.057353933467640436,0.07372097807744857,0.0,0.0,0.0,0.0,0.0,0.0,0.0,0.0,0.0,0.0,0.0944911182523068,0.0,0.0,0.10425720702853739,0.0,0.1091089451179962,0.0,0.03857583749052298,0.0,0.0,0.0,0.25,0.0,0.0,0.0,0.0,0.0,0.0,0.0,0.037267799624996496,0.0,0.0,0.10425720702853739,0.0,0.0,0.10660035817780521,0.0,0.0,0.0,0.0,0.07905694150420949,0.0,0.035355339059327376,0.0,0.0,0.03904344047215152,0.0,0.11180339887498948,0.07071067811865475,0.11180339887498948,0.04564354645876384,0.1091089451179962,0.07537783614444091,0.0,0.0,0.0,0.0,0.035355339059327376,0.0,0.0,0.0,0.035355339059327376,0.0,0.0,0.0,0.0,0.0,0.0,0.07071067811865475,0.0,0.12126781251816648,0.0,0.0,0.0,0.0,0.0,0.0,0.0,0.07905694150420949,0.07905694150420949,0.0,0.0,0.03857583749052298,0.035355339059327376,0.0,0.0,0.0,0.04109974682633932,0.12166606584807191,0.0,0.0,0.13693063937629152,0.0,0.036084391824351615,0.0,0.0,0.0,0.0,0.0,0.0,0.0,0.1386750490563073,0.0,0.08703882797784893,0.0,0.0,0.0,0.0,0.0,0.0,0.0,0.0,0.2165063509461097,0.0,0.0,0.0,0.0,0.15000000000000002,0.07071067811865475,0.0,0.0,0.0944911182523068,0.0,0.0,0.0,0.0,0.0,0.0,0.035355339059327376,0.0,0.037688918072220454,0.0,0.0,0.0,0.0,0.0,0.0,0.0,0.09128709291752768,0.0,0.0,0.10606601717798213,0.0,0.0,0.0,0.0,0.0,0.08703882797784893,0.0,0.0,0.0,0.16666666666666666,0.0,0.0,0.0,0.0,0.0,0.0,0.12909944487358055,0.07715167498104596,0.0,0.1563858105428061,0.0,0.0,0.08219949365267865,0.0,0.0,0.0,0.1,0.0,0.07071067811865475,0.0,0.0,0.0,0.04564354645876384,0.0,0.10606601717798213,0.0,0.0,0.0,0.0,0.0,0.0,0.04109974682633932,0.0,0.0,0.0
herb101,0.0,0.07453559924999299,0.0,0.0,0.0,0.0,0.0,0.0,0.0,0.0,0.0,0.11180339887498948,0.0,0.0,0.0,0.0,0.0,0.0,0.0,0.08111071056538127,0.0,0.0,0.0,0.0,0.0,0.0,0.0,0.0,0.0,0.0,0.0,0.0,0.07071067811865475,0.0,0.0,0.0,0.0,0.0,0.0,0.0,0.0,0.0,0.0,0.0,0.0,0.0,0.0,0.0,0.0,0.0,0.0,0.07071067811865475,0.0,0.0,0.0,0.0,0.0,0.0,0.0,0.0,0.1336306209562122,0.0,0.0,0.20851441405707477,0.0,0.0,0.07071067811865475,0.15617376188860607,0.0,0.0,0.0,0.0,0.0,0.0,0.0,0.0,0.0,0.0,0.07905694150420949,0.07372097807744857,0.07071067811865475,0.07071067811865475,0.07071067811865475,0.0,0.0,1.0,0.0,0.0,0.08980265101338746,0.0,0.0,0.0,0.0,0.0,0.0,0.0,0.0,0.0,0.0,0.0,0.0,0.0,0.0,0.0,0.0,0.0,0.0,0.0,0.0,0.0,0.0,0.07071067811865475,0.0,0.0,0.0,0.0,0.0,0.16666666666666666,0.0,0.0,0.08333333333333333,0.0,0.0,0.0,0.0,0.0,0.0,0.07372097807744857,0.0,0.0,0.0,0.0,0.0,0.0,0.0,0.0,0.15075567228888181,0.0,0.0,0.0,0.2886751345948129,0.0,0.0,0.0,0.0,0.0,0.0,0.0,0.0,0.0,0.0,0.0,0.0,0.0,0.0,0.0,0.0,0.0,0.0,0.0,0.0,0.0,0.0,0.0,0.0,0.0,0.0,0.0,0.0,0.0,0.0,0.0,0.0,0.0,0.07071067811865475,0.0,0.0,0.0,0.0,0.0,0.0,0.0,0.0,0.0,0.0,0.0,0.0,0.0,0.0,0.0,0.0,0.0,0.07071067811865475,0.0,0.0,0.0,0.0,0.0,0.0,0.07071067811865475,0.0,0.0,0.09128709291752768,0.08006407690254357,0.0,0.0,0.0,0.0,0.0,0.0,0.0,0.0,0.0,0.0,0.0,0.0,0.0,0.0,0.0,0.0,0.0,0.0,0.0,0.0,0.0,0.0,0.0,0.0,0.0,0.07537783614444091,0.0,0.0,0.0,0.12909944487358055,0.0,0.0,0.0,0.0,0.0,0.0,0.0,0.0,0.0,0.0,0.0,0.0,0.0,0.0,0.0,0.0,0.0,0.0,0.0,0.0,0.0,0.0,0.0,0.0,0.0,0.1414213562373095,0.0,0.0,0.0,0.0,0.0,0.0,0.0,0.1386750490563073,0.0,0.0,0.0,0.0,0.0,0.0,0.0,0.0,0.23570226039551587,0.0,0.0,0.0,0.0,0.0,0.0,0.0,0.07071067811865475,0.0,0.17149858514250882,0.0,0.0,0.0,0.0,0.1386750490563073,0.0,0.0,0.0,0.08219949365267865,0.07071067811865475,0.0,0.0,0.1,0.1091089451179962,0.0,0.0,0.0,0.0,0.09128709291752768,0.0,0.0,0.0,0.0,0.0,0.0,0.0,0.0,0.0,0.0,0.0,0.0
herb102,0.12738595105969638,0.05536365323582665,0.033351867298253506,0.15923243882462046,0.0,0.02626128657194451,0.0,0.0,0.0,0.0,0.11141720290623112,0.16609095970747992,0.16208817969462155,0.2005738892714385,0.15756771943166706,0.0,0.02652790545386455,0.0,0.0,0.0602475233128778,0.03138824102871722,0.0,0.02831827358942995,0.11744404390294069,0.0,0.02626128657194451,0.0,0.0,0.03390317518104052,0.16251869354636594,0.05252257314388902,0.02626128657194451,0.05252257314388902,0.20011120378952102,0.07427813527082075,0.0,0.08104408984731078,0.05598925109558543,0.1132730943577198,0.037139067635410375,0.0,0.18832944617230332,0.03641785203646149,0.05252257314388902,0.0,0.10504514628777804,0.2680281337094487,0.04152273992686998,0.046423834544262965,0.0,0.030949223029508643,0.0,0.0,0.02900073952828708,0.2055270768301462,0.05252257314388902,0.0,0.0,0.2785430072655778,0.0,0.0,0.0,0.17546560158589908,0.0,0.0,0.07878385971583353,0.0,0.02900073952828708,0.3573708449459316,0.030949223029508643,0.038720154633118314,0.0,0.18208926018230742,0.15474611514754322,0.033351867298253506,0.0,0.0,0.0,0.0,0.027379283909669677,0.10504514628777804,0.0,0.02626128657194451,0.0,0.0,0.0,0.9999999999999999,0.0,0.0,0.2188440547662043,0.10504514628777804,0.07878385971583353,0.027379283909669677,0.0,0.08495482076828985,0.0,0.13263952726932277,0.18569533817705186,0.20341905108624309,0.0,0.0,0.0,0.0,0.0,0.0,0.07878385971583353,0.37370465934182984,0.3241763593892431,0.0,0.12156613477096617,0.0,0.0,0.08125934677318297,0.18569533817705186,0.0,0.04503773491110449,0.08104408984731078,0.0,0.2876779808912304,0.042601432284230495,0.12379689211803457,0.0,0.0,0.0,0.047946330148538406,0.28365431446558775,0.4457424941602093,0.054758567819339354,0.0,0.0,0.0,0.0,0.13263952726932277,0.06565321642986127,0.37931034482758624,0.0,0.0,0.0,0.0,0.0,0.0,0.07018624063435963,0.0,0.042601432284230495,0.0,0.0,0.16208817969462155,0.039590379123244784,0.17192047651837583,0.18382900600361157,0.0,0.1399731277389636,0.0,0.0,0.13130643285972254,0.16675933649126753,0.27104108243182823,0.049629166698546515,0.17841031003501578,0.0,0.0,0.03390317518104052,0.0,0.19360077316559157,0.10300524052492095,0.0,0.19795189561622392,0.0,0.02626128657194451,0.0,0.09284766908852593,0.0,0.047946330148538406,0.13130643285972254,0.0,0.0,0.0,0.0,0.0,0.18382900600361157,0.0,0.16951587590520256,0.04052204492365539,0.0,0.0,0.1204950466257556,0.27713265386271346,0.0,0.10504514628777804,0.16208817969462155,0.15756771943166706,0.0,0.0,0.0,0.11894020669001051,0.02626128657194451,0.13130643285972254,0.21442250696755896,0.0,0.07878385971583353,0.0,0.0,0.0,0.0,0.0,0.05252257314388902,0.0,0.0,0.046423834544262965,0.17616606585441102,0.0,0.0,0.0,0.17192047651837583,0.10504514628777804,0.0,0.15450786078738143,0.037139067635410375,0.2442250043490654,0.0,0.049629166698546515,0.0,0.0,0.2575131013123024,0.18761969359661412,0.034482758620689655,0.2456518422202587,0.0,0.027681826617913324,0.0,0.19695964928958382,0.07580980435789035,0.2575131013123024,0.0,0.0,0.16609095970747992,0.07283570407292297,0.0,0.0,0.0,0.07427813527082075,0.03390317518104052,0.11894020669001051,0.0,0.02626128657194451,0.08753762190648172,0.0,0.0,0.0,0.0,0.18382900600361157,0.0,0.035093120317179816,0.02626128657194451,0.02652790545386455,0.13689641954834839,0.038720154633118314,0.11894020669001051,0.1695158759052026,0.0,0.21369687880543226,0.19596237883454898,0.0,0.037139067635410375,0.19596237883454898,0.0,0.03573708449459316,0.15450786078738143,0.0,0.0,0.04052204492365539,0.039590379123244784,0.15756771943166706,0.37931034482758624,0.16796775328675628,0.10504514628777804,0.04376881095324086,0.11141720290623112,0.0323254091917618,0.0,0.09553946329477228,0.0,0.0,0.08753762190648172,0.18382900600361157,0.0,0.06369297552984819,0.0,0.0,0.0,0.0,0.0,0.0,0.0,0.042601432284230495,0.0,0.07878385971583353,0.20689655172413793,0.08808303292720551,0.0,0.0,0.0,0.0323254091917618,0.3313613782208279,0.0,0.0,0.0,0.15756771943166706,0.0,0.0,0.0,0.03641785203646149,0.09037128496931669,0.0,0.18316875326179904,0.0,0.10951713563867871,0.04052204492365539
herb103,0.0,0.17099639201419237,0.0,0.0,0.0,0.0,0.0,0.09567297464698797,0.057353933467640436,0.0,0.04588314677411235,0.0512989176042577,0.0,0.0,0.0,0.0,0.0,0.0,0.13834289277321493,0.0,0.0,0.0,0.0,0.0,0.41885390829169544,0.0,0.0,0.0,0.04188539082916955,0.0,0.0,0.0,0.0,0.0,0.0,0.0,0.0,0.13834289277321493,0.0,0.0,0.0,0.0,0.0,0.0,0.0,0.0,0.0,0.8207826816681232,0.0,0.0,0.0,0.0,0.0,0.07165743639000186,0.0,0.0,0.0,0.0,0.0,0.41885390829169544,0.0,0.0,0.0,0.0,0.16481712868606582,0.0,0.22710998958306752,0.0,0.0,0.0,0.0,0.15974461276617435,0.0,0.07647191129018724,0.0,0.0,0.0,0.0,0.39901193756050635,0.16912752287293456,0.064888568452305,0.0,0.0,0.19466570535691502,0.0,0.0,0.0,0.9999999999999998,0.0,0.0,0.0,0.0,0.03382550457458691,0.0,0.0,0.0,0.0,0.0,0.0,0.3912927904356147,0.0,0.0,0.0,0.08240856434303291,0.0,0.0,0.0,0.0,0.0,0.0,0.05407380704358751,0.0,0.3346372407051273,0.0,0.0,0.0,0.0,0.0,0.0,0.0,0.0,0.0,0.0,0.0,0.0,0.0,0.0,0.0,0.14509525002200233,0.05263157894736841,0.0,0.0,0.06554735253444621,0.0,0.0,0.0,0.0,0.0,0.0,0.0,0.0,0.0,0.0,0.0,0.0,0.0,0.0,0.4891159880445184,0.0,0.0,0.0,0.0,0.0,0.0,0.0,0.0,0.0,0.06131393394849658,0.0,0.0,0.17099639201419237,0.04188539082916955,0.0,0.0,0.0,0.0,0.0,0.0,0.0,0.0,0.1720618004029213,0.0,0.0,0.0,0.0,0.0,0.0,0.0,0.0,0.12977713690461,0.1538967528127731,0.0,0.0,0.0,0.0,0.0,0.29346959282671103,0.0,0.0,0.0,0.0,0.0,0.0,0.0,0.0,0.0,0.0,0.0,0.0936585811581694,0.22710998958306752,0.0,0.0,0.0,0.0,0.0,0.0,0.07079923254047886,0.0,0.0,0.0,0.07254762501100116,0.0,0.20295302744752147,0.0,0.0,0.0,0.06362847629757777,0.5964809080634607,0.0,0.18608073189119673,0.0,0.0,0.0837707816583391,0.0,0.0,0.0,0.0,0.0,0.0,0.0,0.0,0.0,0.0,0.0,0.0,0.0,0.0899842541331695,0.0,0.3817708577854666,0.0,0.0917662935482247,0.0837707816583391,0.0,0.0,0.0,0.0,0.0,0.0,0.0,0.0,0.0,0.0,0.3034884893334419,0.0,0.0,0.0,0.47836487323493987,0.0,0.0,0.0,0.0,0.0,0.0,0.0,0.0,0.0,0.0,0.0,0.0,0.0,0.0,0.0,0.0,0.0,0.0,0.0324442842261525,0.0,0.0,0.0,0.0,0.0,0.0,0.0,0.0,0.0324442842261525,0.0,0.0,0.0,0.0,0.0,0.0,0.0,0.0,0.0,0.0,0.0,0.0,0.0,0.0,0.0,0.0,0.0,0.0,0.0,0.0,0.0,0.0,0.0,0.0,0.0,0.0,0.0,0.0,0.0,0.0,0.0,0.0,0.0
herb105,0.21561438627179408,0.0535479552601666,0.0,0.09240616554505461,0.0,0.0,0.0,0.0,0.0,0.0,0.0,0.0,0.0,0.083141099321054,0.2286002286003429,0.0,0.0,0.0,0.0,0.0,0.0,0.0,0.16433731069943303,0.0,0.0,0.0254000254000381,0.0,0.0,0.0,0.0,0.0,0.0,0.1016001016001524,0.0,0.43105272486425983,0.0,0.0,0.0,0.0,0.10776318121606496,0.24195539543709926,0.0,0.03522349768381735,0.2794002794004191,0.032791291789197645,0.0,0.0,0.0,0.0,0.0,0.0,0.0254000254000381,0.0,0.08414890701798217,0.08519427513705972,0.15240015240022858,0.0,0.2036532699906392,0.0,0.0,0.0,0.05477910356647767,0.20365326999063918,0.037450294313656915,0.06451612903225808,0.15240015240022858,0.1016001016001524,0.0,0.0,0.0,0.0,0.15632634987018063,0.0,0.2095395190312374,0.0,0.0,0.0,0.0,0.0,0.0,0.0,0.0508000508000762,0.0254000254000381,0.1016001016001524,0.0,0.08980265101338746,0.0,0.0,1.0000000000000002,0.0,0.0,0.15240015240022858,0.0,0.0,0.027389551783238836,0.0,0.0,0.0,0.0,0.0,0.0,0.0,0.0,0.0,0.0,0.0,0.0,0.0,0.0,0.0,0.21166687833365083,0.0,0.0,0.0,0.0,0.0,0.0,0.0,0.0,0.0,0.0,0.1914598952668709,0.048001536073731935,0.0,0.0,0.0,0.0,0.0,0.0,0.0,0.0,0.0,0.0,0.0,0.0,0.0,0.0,0.26804385337361925,0.1531679162134967,0.0,0.0,0.0,0.0,0.0,0.037450294313656915,0.0,0.19596545041740515,0.0,0.083141099321054,0.0,0.0,0.0,0.0,0.0,0.254000254000381,0.2580645161290323,0.0,0.14400460822119582,0.0,0.1531679162134967,0.0267739776300833,0.1639564589459882,0.0,0.0,0.049813548138671795,0.0254000254000381,0.0,0.0,0.0,0.0,0.0,0.0,0.0,0.0,0.1778001778002667,0.027389551783238836,0.0,0.0,0.0,0.12700012700019048,0.0,0.13116516715679058,0.0,0.0,0.1524001524002286,0.14567913668701626,0.0,0.19596545041740515,0.0,0.0,0.0,0.07658395810674835,0.0508000508000762,0.0,0.0,0.12700012700019048,0.254000254000381,0.0,0.0,0.07620007620011429,0.0,0.0,0.0,0.02875986542715254,0.041204282171516456,0.0508000508000762,0.0,0.0,0.0,0.0,0.0,0.0,0.0,0.0,0.0,0.0,0.1494406444160154,0.0,0.0885807893036239,0.0,0.0,0.0,0.09837387536759293,0.0,0.0,0.0,0.0,0.0,0.0,0.0,0.0,0.0,0.0,0.0,0.0,0.0,0.0,0.026481357066618805,0.0,0.22580645161290325,0.0,0.0,0.02875986542715254,0.0,0.0508000508000762,0.0,0.3666177875533833,0.08032193289024989,0.0,0.17780017780026672,0.0,0.1524001524002286,0.03394221166510653,0.1778001778002667,0.0,0.07944407119985641,0.0,0.0,0.16395645894598823,0.0,0.0885807893036239,0.0,0.07838618016696206,0.21552636243212991,0.0,0.4190790380624747,0.0,0.0,0.0,0.0,0.0,0.0,0.0,0.0,0.0,0.12700012700019048,0.0,0.17960530202677494,0.0,0.0,0.33882260699853356,0.0,0.0,0.0,0.0,0.0,0.0,0.21780342093451605,0.0,0.0,0.0,0.0,0.0,0.0508000508000762,0.08240856434303291,0.0,0.07620007620011429,0.0,0.0,0.0,0.11757927025044308,0.0,0.0,0.0,0.0,0.06558258357839529,0.026481357066618805,0.0,0.0,0.0,0.1531679162134967,0.0,0.0,0.0,0.0,0.17424273674761284,0.18536949946633163,0.1567723603339241
herb106,0.24253562503633297,0.0,0.0,0.08084520834544433,0.0,0.16666666666666669,0.0,0.0,0.0,0.0,0.14142135623730953,0.21081851067789198,0.25717224993681986,0.0,0.2333333333333334,0.0,0.033671751485073696,0.0,0.07106690545187015,0.0,0.0,0.0,0.03594425773447948,0.0,0.0,0.0,0.0,0.0,0.12909944487358055,0.03438070820862645,0.0,0.0,0.06666666666666668,0.254000254000381,0.0,0.0,0.0,0.07106690545187015,0.0,0.047140452079103175,0.1814436846506058,0.0,0.0,0.0,0.12909944487358055,0.03333333333333334,0.3402069087198859,0.052704627669472995,0.0,0.0,0.0,0.06666666666666668,0.0,0.0,0.1863389981249825,0.0,0.19611613513818404,0.1781741612749496,0.0,0.04303314829119352,0.0,0.0,0.0890870806374748,0.0,0.0,0.06666666666666668,0.0,0.1840525434580776,0.1814436846506058,0.03928371006591931,0.0,0.0,0.0,0.3142696805273545,0.04233337566673017,0.0,0.0,0.0,0.0,0.0,0.13333333333333336,0.0,0.06666666666666668,0.0,0.0,0.0,0.2188440547662043,0.0,0.0,1.0000000000000002,0.03333333333333334,0.0,0.0,0.0,0.0,0.0,0.0,0.2749859704614352,0.0,0.0,0.0,0.0,0.0,0.0,0.0,0.0,0.21081851067789198,0.0,0.0,0.0,0.16666666666666669,0.0,0.10314212462587935,0.0,0.04536092116265145,0.0,0.0,0.0,0.0,0.0,0.0,0.050251890762960605,0.12598815766974242,0.0,0.0,0.0,0.46291004988627577,0.0,0.0,0.0,0.0,0.0,0.13468700594029479,0.08333333333333333,0.08753762190648172,0.0,0.0,0.0,0.0,0.0,0.0,0.22271770159368698,0.0,0.05407380704358751,0.0,0.0,0.2057377999494559,0.050251890762960605,0.10910894511799621,0.0,0.0,0.0,0.0,0.0,0.06666666666666668,0.0,0.09829463743659811,0.18898223650461363,0.0,0.0,0.0,0.08606629658238704,0.0,0.049147318718299055,0.0,0.16666666666666669,0.0,0.06537204504606135,0.06666666666666668,0.0,0.2946278254943948,0.0,0.0,0.06666666666666668,0.0,0.0,0.0,0.0,0.0,0.03333333333333334,0.0,0.08606629658238704,0.0,0.0,0.0,0.15294382258037453,0.050251890762960605,0.0,0.0,0.2057377999494559,0.0,0.15075567228888181,0.0,0.0,0.0,0.0,0.06666666666666668,0.0,0.0,0.0,0.0,0.0,0.0,0.0,0.0,0.0,0.0,0.04376881095324086,0.05892556509887897,0.0,0.0,0.0,0.0,0.0,0.0,0.0,0.19611613513818404,0.0,0.1162476387438193,0.1147078669352809,0.0,0.0,0.04303314829119352,0.2614881801842454,0.0,0.04376881095324086,0.0,0.0,0.0,0.0,0.08333333333333333,0.09622504486493764,0.0,0.12171612389003691,0.0,0.0,0.09245003270420488,0.17376201171422898,0.0,0.0,0.09428090415820635,0.0,0.0,0.0,0.03333333333333334,0.22222222222222227,0.0,0.0,0.0,0.0,0.0,0.06666666666666668,0.0890870806374748,0.0,0.0,0.0,0.14744195615489716,0.0,0.0,0.03333333333333334,0.07749842582921286,0.035533452725935076,0.0,0.0,0.035533452725935076,0.0,0.04536092116265145,0.19611613513818404,0.0,0.0,0.0,0.0,0.06666666666666668,0.08753762190648172,0.1421338109037403,0.10000000000000002,0.0,0.0,0.04103049699311092,0.0,0.0,0.0,0.0,0.055555555555555566,0.13333333333333336,0.0,0.0,0.1143323900950059,0.0,0.0,0.0,0.0,0.0,0.03333333333333334,0.0,0.0,0.0,0.13130643285972257,0.1863389981249825,0.0,0.0,0.0,0.0,0.0,0.0,0.0,0.034752402342845795,0.06666666666666668,0.0,0.0,0.0,0.0,0.0,0.0,0.03874921291460643,0.1143323900950059,0.13900960937138318,0.10286889997472795
herb108,0.024253562503633294,0.10540925533894596,0.0254000254000381,0.0,0.0,0.0,0.33362306249131957,0.0,0.0,0.0,0.1131370849898476,0.03162277660168379,0.030860669992418384,0.02182178902359924,0.04,0.0,0.34345186514775167,0.0,0.0,0.02294157338705618,0.0,0.42000000000000004,0.04313310928137536,0.044721359549995794,0.0,0.1,0.2092457497388747,0.0,0.0,0.061885274775527604,0.06,0.0,0.08,0.0508000508000762,0.1131370849898476,0.0282842712474619,0.06172133998483677,0.04264014327112209,0.3450648742510029,0.0282842712474619,0.0,0.0,0.02773500981126146,0.08,0.0,0.0,0.040824829046386304,0.03162277660168379,0.035355339059327376,0.0,0.0,0.04,0.10289915108550529,0.02208630521496931,0.0,0.02,0.0,0.0,0.0,0.0,0.0,0.02156655464068768,0.026726124191242435,0.02948839123097943,0.0,0.14,0.0,0.02208630521496931,0.02721655269759087,0.023570226039551584,0.02948839123097943,0.0,0.0,0.023570226039551584,0.0254000254000381,0.0,0.0,0.03651483716701107,0.42485291572496003,0.396177386708442,0.02,0.0,0.04,0.0,0.0,0.0,0.10504514628777804,0.0,0.0,0.03333333333333334,1.0000000000000002,0.18,0.18766297265136728,0.0,0.3450648742510029,0.0,0.020203050891044214,0.18856180831641267,0.0,0.0,0.0,0.42499999999999993,0.44376015698018334,0.0,0.021081851067789197,0.39999999999999997,0.03162277660168379,0.06172133998483677,0.06859943405700353,0.49377071987869414,0.0,0.39999999999999997,0.061885274775527604,0.0,0.43546484316145395,0.17149858514250882,0.06172133998483677,0.0,0.0,0.0324442842261525,0.04714045207910317,0.0,0.0,0.0,0.03651483716701107,0.030860669992418384,0.030860669992418384,0.06255432421712243,0.0,0.0,0.020851441405707476,0.0,0.282842712474619,0.0,0.05252257314388902,0.0,0.0,0.0,0.0,0.03162277660168379,0.0,0.026726124191242435,0.3300547988028139,0.12977713690461,0.0,0.0,0.0,0.0,0.0,0.16,0.0,0.40508136107565984,0.0,0.0,0.02,0.0,0.0,0.0,0.09058216273156766,0.0,0.021081851067789197,0.0,0.0,0.0,0.07844645405527362,0.0,0.0,0.0,0.08,0.10690449676496974,0.0,0.0,0.03651483716701107,0.0,0.16,0.04313310928137536,0.39755349386944766,0.0,0.0,0.06,0.03162277660168379,0.0,0.030860669992418384,0.0,0.3,0.02294157338705618,0.09045340337332908,0.12344267996967352,0.0,0.030860669992418384,0.36,0.0,0.0,0.0,0.04529108136578383,0.08,0.02,0.08164965809277261,0.0,0.04,0.0,0.0,0.02581988897471611,0.45291081365783825,0.0,0.04,0.06546536707079771,0.0,0.0,0.0,0.0,0.02461829819586655,0.020851441405707476,0.0,0.32,0.0,0.03922322702763681,0.0282842712474619,0.04649905549752771,0.0,0.03779644730092272,0.0,0.0,0.31378581622109447,0.14288690166235207,0.07878385971583353,0.026726124191242435,0.0,0.021081851067789197,0.0,0.09999999999999999,0.0,0.0,0.0,0.02461829819586655,0.12649110640673517,0.02773500981126146,0.020851441405707476,0.0,0.0,0.0282842712474619,0.02581988897471611,0.11322770341445958,0.0,0.31999999999999995,0.03333333333333334,0.0,0.0,0.0,0.3,0.43999999999999995,0.32,0.0,0.3,0.34345186514775167,0.04170288281141495,0.0,0.04529108136578383,0.0,0.04,0.04649905549752771,0.0,0.0,0.0282842712474619,0.40508136107565984,0.0,0.02721655269759087,0.15689290811054724,0.0,0.0,0.030860669992418384,0.0,0.0,0.05252257314388902,0.04264014327112209,0.16,0.0,0.2262741699796952,0.0,0.0,0.38805700005813276,0.0,0.0,0.06666666666666668,0.08,0.0,0.04850712500726659,0.0,0.0,0.0,0.0,0.0,0.0,0.08,0.0324442842261525,0.0,0.02,0.05252257314388902,0.35777087639996635,0.0,0.0,0.33999999999999997,0.02461829819586655,0.06882472016116853,0.0,0.10327955589886444,0.0,0.02,0.0,0.07385489458759964,0.0,0.02773500981126146,0.04588314677411236,0.0,0.0,0.0,0.3753259453027345,0.030860669992418384
herb109,0.07276068751089988,0.021081851067789197,0.1270001270001905,0.09701425001453318,0.0,0.0,0.0,0.0,0.0,0.0,0.0,0.0,0.0,0.10910894511799618,0.06,0.0,0.16162440712835371,0.0,0.0,0.06882472016116853,0.023904572186687872,0.0,0.02156655464068768,0.044721359549995794,0.0,0.08,0.0,0.0,0.0,0.061885274775527604,0.04,0.02,0.18,0.0254000254000381,0.1414213562373095,0.0,0.0,0.0,0.1940989917661891,0.0565685424949238,0.10886621079036347,0.07171371656006362,0.1386750490563073,0.26,0.0,0.06,0.0,0.0,0.035355339059327376,0.0,0.0,0.04,0.13719886811400706,0.17669044171975448,0.08944271909999159,0.1,0.0,0.05345224838248487,0.10606601717798213,0.0,0.0,0.02156655464068768,0.10690449676496974,0.0,0.0508000508000762,0.38000000000000006,0.1,0.02208630521496931,0.08164965809277261,0.023570226039551584,0.02948839123097943,0.02461829819586655,0.08320502943378438,0.09428090415820634,0.0254000254000381,0.0,0.0,0.0,0.0,0.0,0.0,0.02,0.06,0.06,0.0,0.0,0.07878385971583353,0.0,0.15240015240022858,0.0,0.18,1.0,0.2502172968684897,0.0,0.1940989917661891,0.0,0.060609152673132646,0.1649915822768611,0.07745966692414832,0.0,0.0,0.0,0.0,0.0,0.021081851067789197,0.06,0.0,0.09258200997725516,0.06859943405700353,0.27774602993176545,0.16666666666666669,0.0,0.0,0.07071067811865475,0.0,0.034299717028501764,0.030860669992418384,0.0,0.10954451150103323,0.0324442842261525,0.023570226039551584,0.030151134457776358,0.03779644730092272,0.0,0.03651483716701107,0.12344267996967354,0.09258200997725516,0.0,0.0,0.0,0.0,0.0,0.1414213562373095,0.049999999999999996,0.07878385971583353,0.0,0.0,0.030151134457776358,0.060302268915552716,0.0,0.0,0.0,0.0,0.0,0.0,0.0,0.15430334996209194,0.0,0.08728715609439695,0.14,0.0,0.06396021490668313,0.0,0.0,0.32,0.0,0.0,0.03779644730092272,0.06793662204867575,0.030151134457776358,0.0,0.15491933384829665,0.0,0.0,0.0,0.0,0.0,0.0,0.08,0.0,0.0,0.0,0.03651483716701107,0.06,0.18,0.02156655464068768,0.0,0.0,0.0,0.26,0.0,0.10327955589886444,0.030860669992418384,0.0,0.02,0.02294157338705618,0.09045340337332908,0.030860669992418384,0.06,0.0,0.2,0.060302268915552716,0.06,0.0,0.022645540682891915,0.2,0.26,0.08164965809277261,0.0,0.2,0.0,0.0,0.0,0.022645540682891915,0.0324442842261525,0.2,0.02182178902359924,0.0,0.0,0.0670820393249937,0.022360679774997897,0.17232808737106584,0.04170288281141495,0.06546536707079771,0.06,0.0,0.11766968108291043,0.0282842712474619,0.09299811099505542,0.0,0.03779644730092272,0.0,0.02581988897471611,0.27456258919345766,0.2041241452319315,0.2626128657194451,0.026726124191242435,0.0,0.16865480854231357,0.021320071635561044,0.0,0.0,0.0,0.0,0.0,0.0,0.0,0.020851441405707476,0.0,0.07620007620011429,0.0282842712474619,0.10327955589886444,0.06793662204867575,0.0,0.08,0.03333333333333334,0.05773502691896258,0.06324555320336758,0.0,0.02,0.06,0.02,0.0,0.32,0.020203050891044214,0.0834057656228299,0.0,0.18116432546313532,0.02581988897471611,0.02,0.11624763874381928,0.06396021490668313,0.09258200997725516,0.0565685424949238,0.06396021490668313,0.11785113019775792,0.02721655269759087,0.0,0.0,0.18073922282301275,0.030860669992418384,0.0,0.08,0.07878385971583353,0.04264014327112209,0.36000000000000004,0.0,0.33941125496954283,0.0,0.0,0.3152963125472328,0.0,0.0,0.0,0.08,0.0,0.09701425001453318,0.034299717028501764,0.0,0.0,0.0,0.0,0.0,0.06,0.09733285267845751,0.0,0.22000000000000003,0.07878385971583353,0.2012461179749811,0.0,0.0,0.0,0.12309149097933272,0.06882472016116853,0.23590712984783543,0.0,0.0,0.08,0.0,0.0,0.060302268915552716,0.1386750490563073,0.02294157338705618,0.0,0.06974858324629157,0.10289915108550529,0.0,0.2160246899469287
herb110,0.0,0.35166958581108637,0.18536949946633163,0.0,0.0,0.1876629726513673,0.0,0.0,0.33174440134851857,0.0,0.0,0.0659380473395787,0.0,0.31851102863530306,0.22936585546278224,0.0,0.35807332209046444,0.0,0.0,0.19134594929397597,0.07476671794188401,0.0,0.022484687520664393,0.3496893030901177,0.053838190205816545,0.0834057656228299,0.048478616556371965,0.0,0.053838190205816545,0.0,0.3336230624913196,0.020851441405707476,0.20851441405707477,0.21185085653295044,0.0,0.0,0.0,0.0,0.35975500033063035,0.0,0.0,0.0,0.2024102261881841,0.14596008983995234,0.0,0.0,0.0,0.0,0.25802342327107,0.0,0.02457365935914952,0.1668115312456598,0.1430397079704303,0.20723908457632684,0.023312620206007845,0.1668115312456598,0.0,0.0,0.0,0.24227185592617445,0.0,0.0,0.19504737440137349,0.0,0.026481357066618805,0.31277162108561213,0.0,0.20723908457632684,0.0,0.3931785497463923,0.2459501847605383,0.0,0.20241022618818408,0.02457365935914952,0.4237017130659009,0.03806934938134405,0.0,0.0,0.04662524041201569,0.15217391304347827,0.04170288281141495,0.020851441405707476,0.06255432421712243,0.020851441405707476,0.0,0.0,0.027379283909669677,0.03382550457458691,0.0,0.0,0.18766297265136728,0.2502172968684897,1.0,0.0,0.22484687520664395,0.0,0.0,0.2211629342323457,0.0,0.0,0.0,0.0,0.0,0.0,0.0,0.0,0.03296902366978935,0.0,0.07151985398521515,0.3217447260438935,0.034752402342845795,0.0,0.021506619680967013,0.0,0.0,0.2860794159408606,0.22522130823072545,0.0,0.0,0.5412080731933906,0.17201561551404665,0.0,0.0,0.0,0.3045547950507524,0.2573957808351148,0.0,0.0,0.0,0.03382550457458691,0.0,0.0,0.1895682293420106,0.0,0.0,0.0,0.0,0.0,0.0,0.0,0.0,0.0,0.0,0.0,0.0,0.0,0.0,0.0,0.0,0.29192017967990463,0.0,0.0,0.0,0.0,0.18766297265136728,0.13240678533309402,0.030743773095067286,0.0,0.0,0.0,0.24177284024512188,0.13459547551454137,0.0,0.030743773095067286,0.0,0.1668115312456598,0.03143473067309657,0.28625128703833574,0.20851441405707474,0.0,0.0,0.0,0.3045547950507524,0.0,0.020851441405707476,0.022484687520664393,0.0,0.0,0.0,0.41702882811414954,0.09890707100936805,0.0,0.2573957808351148,0.0,0.0,0.0,0.0,0.0,0.0,0.0,0.3127716210856121,0.0,0.10425720702853739,0.0,0.35414412348741425,0.14596008983995232,0.18766297265136728,0.0,0.0,0.2710687382741972,0.0,0.0,0.0,0.0,0.0,0.20851441405707477,0.0,0.21903427127735742,0.0,0.0,0.023312620206007845,0.05133270023393454,0.0,0.0,0.0,0.0,0.0,0.23590712984783543,0.0,0.04783648732349399,0.3152441624956403,0.0,0.1884336657203579,0.3680373690492888,0.19153271942071845,0.3011721230063664,0.08359173188630292,0.0,0.43958698226385795,0.0,0.0,0.0,0.040893041005476534,0.0,0.0,0.0,0.0,0.0,0.0,0.0,0.44232586846469146,0.43070552164653236,0.23609608232494284,0.0,0.2502172968684897,0.24326681639992057,0.0,0.03296902366978935,0.0,0.0,0.0,0.0,0.05572782125753528,0.18766297265136728,0.16850509274845385,0.17391304347826086,0.30743773095067284,0.21248647409244853,0.10767638041163309,0.0,0.16967515794730187,0.0,0.0,0.206418738616856,0.0,0.04914731871829904,0.19862652384370802,0.0,0.0,0.053838190205816545,0.22522130823072545,0.03143473067309657,0.020851441405707476,0.0,0.0,0.20851441405707477,0.034752402342845795,0.2359071298478354,0.0,0.0,0.2528608687120868,0.0,0.0,0.0,0.10425720702853739,0.3263766828841098,0.050572173742417355,0.0,0.0,0.0,0.0,0.0,0.0,0.020851441405707476,0.2706040365966953,0.024239308278185982,0.22936585546278224,0.0,0.3496893030901177,0.05897678246195886,0.0,0.0,0.38499525175450905,0.023918243661746996,0.06148754619013457,0.0,0.0,0.14596008983995234,0.0,0.20533080093573816,0.0,0.2024102261881841,0.16742770563222897,0.0,0.07271792483455794,0.25031948894825307,0.0,0.2573957808351148
herb111,0.0,0.0,0.0,0.0,0.0,0.0,0.0,0.0,0.0,0.0,0.0,0.0,0.0,0.0,0.0,0.0,0.0,0.0,0.0,0.0,0.0,0.0,0.0,0.0,0.0,0.0,0.0,0.0,0.0,0.0,0.0,0.0,0.0,0.0,0.0,0.04264014327112209,0.04652421051992354,0.0,0.0,0.0,0.0,0.0,0.0,0.0,0.0,0.0,0.0,0.0,0.0,0.0,0.0,0.0,0.0,0.0,0.0,0.0,0.0,0.0,0.0,0.0,0.0,0.130051217752471,0.0,0.0,0.1531679162134967,0.0,0.1507556722888818,0.0,0.0,0.0,0.0,0.0,0.0,0.0,0.0,0.0,0.0,0.0,0.0,0.0,0.0,0.1507556722888818,0.0,0.030151134457776358,0.0,0.0,0.0,0.0,0.0,0.0,0.0,0.0,0.0,0.9999999999999999,0.0,0.0,0.0,0.0,0.0,0.0,0.0,0.0,0.0,0.0,0.0,0.0,0.0,0.0,0.0,0.0,0.0,0.0,0.0,0.0,0.0,0.0,0.0,0.0,0.0,0.0,0.0,0.0,0.0,0.0,0.0,0.0,0.0,0.0,0.0,0.0,0.03143473067309657,0.0,0.0,0.0,0.0,0.0,0.0,0.0,0.0,0.0,0.0,0.0,0.0,0.0,0.0,0.0,0.0,0.0,0.0,0.0,0.0,0.0,0.0,0.0,0.0,0.0,0.0,0.0,0.0,0.0,0.0,0.0,0.0,0.0,0.0,0.0,0.0,0.0,0.0,0.0,0.0,0.0,0.0,0.0,0.0,0.0,0.0,0.0,0.04767312946227961,0.0,0.0,0.0,0.0,0.0,0.0,0.0,0.0,0.0,0.0,0.0,0.0,0.0,0.060302268915552716,0.0,0.0,0.0,0.0,0.0,0.0,0.0,0.0,0.0,0.0,0.0,0.0,0.0,0.0,0.0,0.0,0.0,0.0,0.07422696190252055,0.0,0.0,0.0,0.0,0.0,0.0,0.0,0.0,0.0,0.0,0.0,0.0,0.0,0.0,0.0,0.0,0.0,0.0,0.0,0.0,0.0,0.0,0.0,0.0,0.0,0.0,0.0,0.0,0.0,0.0,0.0,0.0,0.0,0.0,0.0,0.0,0.0,0.0,0.0,0.0,0.0,0.0,0.0,0.0,0.0,0.0,0.0,0.0,0.0,0.0,0.0,0.0,0.0,0.0,0.0,0.0,0.0,0.07784989441615228,0.0,0.0,0.0,0.0,0.0,0.0,0.0,0.0,0.0,0.0,0.0,0.0,0.0,0.0,0.0,0.0,0.0,0.0,0.0,0.0,0.0,0.0,0.0,0.0,0.0,0.0,0.030151134457776358,0.0,0.0,0.0,0.0,0.0,0.0,0.0,0.0,0.15569978883230456,0.0,0.0,0.33502969713024494,0.0,0.0,0.0,0.0,0.0,0.0,0.0,0.0,0.0
herb112,0.10461315619318828,0.045466289298031565,0.05477910356647767,0.07845986714489121,0.0,0.0,0.0,0.0,0.038124642583151166,0.0,0.0,0.0,0.0,0.04706208053350117,0.04313310928137536,0.0,0.0435710200950299,0.038124642583151166,0.0,0.07421560439929402,0.0,0.0,0.046511627906976744,0.09644856443408242,0.1113692092779409,0.1078327732034384,0.0,0.0,0.1113692092779409,0.08897681066002582,0.04313310928137536,0.08626621856275073,0.04313310928137536,0.05477910356647767,0.06099942813304187,0.0,0.0,0.0,0.4418604651162791,0.0,0.0,0.1031078524452934,0.32898173250501855,0.06469966392206304,0.16705381391691135,0.0,0.0,0.0,0.1143739277494535,0.0,0.0,0.0,0.07397267214553091,0.047632550822954096,0.024112141108520606,0.08626621856275073,0.0,0.0,0.0,0.0,0.0,0.023255813953488372,0.05763904177042349,0.0,0.0,0.15096588248481377,0.02156655464068768,0.0,0.0,0.050832856777534886,0.06359630007488934,0.0,0.08972229068318688,0.10166571355506977,0.05477910356647767,0.0,0.03498557142706597,0.15749984619163154,0.0,0.0,0.02156655464068768,0.0,0.02156655464068768,0.02156655464068768,0.0,0.0,0.08495482076828985,0.0,0.027389551783238836,0.0,0.3450648742510029,0.1940989917661891,0.22484687520664395,0.0,1.0,0.10783277320343841,0.02178551004751495,0.20333142711013955,0.0,0.0,0.10955820713295535,0.0,0.0,0.0,0.09093257859606313,0.0,0.034099716973523674,0.0,0.11095900821829636,0.5657245767937634,0.0,0.0,0.06673260799501936,0.0,0.0,0.07397267214553091,0.06655583256397218,0.10166571355506977,0.0,0.06997114285413195,0.1270821419438372,0.03251280443811775,0.04075695729696112,0.0,0.07874992309581577,0.06655583256397218,0.0,0.0,0.0,0.0,0.08993875008265757,0.0,0.23964061052266444,0.1617491598051576,0.0,0.1437770309379179,0.0,0.0,0.0650256088762355,0.0,0.0,0.0,0.0,0.10495671428119792,0.0,0.0,0.0,0.0,0.04706208053350117,0.19409899176618914,0.12199885626608374,0.0,0.0,0.05763904177042349,0.02156655464068768,0.027389551783238836,0.03179815003744467,0.0,0.0,0.0,0.0,0.0,0.16918197377512542,0.12719260014977868,0.042295493443781355,0.21566554640687682,0.16256402219058874,0.0,0.06469966392206304,0.0,0.038124642583151166,0.0,0.07874992309581577,0.08626621856275073,0.0,0.0,0.0,0.12451456127293808,0.0,0.08626621856275073,0.0,0.0,0.06655583256397218,0.09196009797434057,0.0,0.0,0.0,0.03327791628198609,0.08626621856275073,0.0,0.40976453817306596,0.0,0.02156655464068768,0.13311166512794437,0.09767725810110087,0.04313310928137536,0.02156655464068768,0.0,0.0,0.04313310928137536,0.0,0.0,0.0,0.0,0.10495671428119792,0.15096588248481377,0.0,0.0,0.0,0.0,0.0,0.0,0.0,0.09412416106700235,0.0,0.0,0.0,0.06099942813304187,0.07521183158458504,0.0,0.08151391459392224,0.0,0.0,0.33836394755025084,0.2641352718976872,0.1132730943577198,0.05763904177042349,0.0,0.06819943394704735,0.0,0.0,0.0,0.042295493443781355,0.15749984619163154,0.053093187320189895,0.0,0.0,0.0,0.0,0.027389551783238836,0.06099942813304187,0.05568460463897045,0.17093520167692655,0.0,0.02156655464068768,0.07188851546895896,0.0,0.0,0.12199885626608374,0.02156655464068768,0.02156655464068768,0.02156655464068768,0.0,0.3234983196103152,0.0435710200950299,0.08993875008265757,0.0,0.09767725810110087,0.027842302319485226,0.0,0.050141221056390024,0.0,0.0,0.1829982843991256,0.0,0.025416428388767443,0.05869672708837492,0.0,0.0,0.1113692092779409,0.06655583256397218,0.130051217752471,0.0,0.0,0.0,0.17253243712550145,0.0,0.30499714066520933,0.10618637464037979,0.0,0.4969124919176442,0.0,0.0,0.1437770309379179,0.0,0.0,0.07845986714489121,0.0,0.03594425773447948,0.0,0.09412416106700235,0.21147746721890678,0.12719260014977868,0.02156655464068768,0.06997114285413195,0.10028244211278005,0.02156655464068768,0.0,0.4340185399533709,0.0,0.0,0.08626621856275073,0.053093187320189895,0.04947706959952935,0.0,0.0,0.0,0.04313310928137536,0.0,0.10618637464037979,0.0,0.32898173250501855,0.07421560439929402,0.0,0.0,0.0,0.08993875008265757,0.06655583256397218
herb113,0.3031695312954162,0.0,0.0,0.09095085938862485,0.0,0.024999999999999998,0.0,0.29488391230979427,0.0,0.0,0.0,0.0,0.0,0.0,0.0,0.0,0.0,0.0,0.0,0.028676966733820218,0.0,0.0,0.0,0.02795084971874737,0.12909944487358055,0.024999999999999998,0.0,0.3198010745334156,0.12909944487358055,0.10314212462587934,0.15,0.3,0.0,0.0,0.0,0.0,0.0,0.0,0.0,0.0,0.0,0.2988071523335984,0.0,0.0,0.3227486121839513,0.0,0.0,0.0,0.0,0.0,0.0,0.0,0.042874646285627205,0.0,0.0,0.024999999999999998,0.0,0.0,0.044194173824159216,0.0,0.0,0.0,0.0,0.0,0.0,0.0,0.0,0.0828236445561349,0.0,0.14731391274719738,0.0,0.0,0.10400628679223047,0.1178511301977579,0.0,0.0,0.2433321316961438,0.547722557505166,0.0,0.0,0.0,0.0,0.024999999999999998,0.0,0.08838834764831843,0.0,0.0,0.0,0.0,0.0,0.0,0.0,0.0,0.0,0.10783277320343841,0.9999999999999999,0.0,0.0,0.06454972243679027,0.0,0.1270001270001905,0.0,0.0,0.0,0.39528470752104744,0.0,0.0,0.0,0.042874646285627205,0.0,0.0,0.0,0.0,0.0,0.0,0.0,0.0,0.7071067811865475,0.04564354645876383,0.0,0.05892556509887895,0.0,0.0,0.0,0.0,0.0,0.0,0.0,0.0,0.0,0.3649002245998809,0.0,0.0,0.18749999999999997,0.0,0.16666666666666666,0.0,0.0,0.0,0.0,0.0,0.0,0.0,0.12166606584807188,0.18430244519362143,0.0,0.0,0.0,0.0,0.0,0.6717514421272199,0.0,0.17677669529663687,0.0,0.0,0.0,0.0,0.0,0.0,0.0,0.0,0.0,0.6373774391990981,0.36860489038724287,0.0,0.0,0.1507556722888818,0.0,0.024999999999999998,0.0,0.0,0.0,0.0,0.3,0.0,0.0,0.0,0.21650635094610968,0.0,0.0,0.0,0.0,0.11572751247156893,0.3464511640778669,0.0,0.0,0.0,0.0,0.09999999999999999,0.0,0.0,0.0,0.024999999999999998,0.1543033499620919,0.0,0.024999999999999998,0.0,0.0,0.0,0.0,0.0,0.08574929257125441,0.0,0.0,0.0,0.32499999999999996,0.0,0.0,0.0,0.0,0.05590169943749474,0.09231861823449955,0.0,0.27277236279499045,0.0,0.0,0.0,0.0,0.08718572905786445,0.057353933467640436,0.0,0.0,0.1936491673103708,0.0,0.10206207261596577,0.0,0.10022296571715912,0.0,0.026352313834736494,0.0,0.0,0.0,0.09805806756909201,0.18257418583505533,0.4000473456828314,0.0,0.0,0.0,0.0,0.0,0.0,0.0,0.05661385170722978,0.0,0.0,0.0,0.0,0.0,0.45961940777125576,0.075,0.0,0.0,0.0,0.0,0.0,0.0,0.0,0.02830692585361489,0.0,0.0,0.0,0.0,0.0,0.1414213562373095,0.0,0.0,0.0,0.0,0.0,0.41957319583913666,0.0,0.1507556722888818,0.049999999999999996,0.0,0.0,0.0,0.0,0.0,0.4308202184276646,0.0,0.0,0.0,0.1178511301977579,0.16666666666666666,0.0,0.0,0.030316953129541614,0.0,0.20833333333333331,0.0,0.38188130791298663,0.49029033784545994,0.44232586846469135,0.024999999999999998,0.0,0.11624763874381927,0.0,0.0,0.0,0.0,0.0,0.55,0.0,0.0,0.14744195615489714,0.0,0.026064301757134343,0.0,0.0,0.12309149097933274,0.0,0.0,0.0,0.2433321316961438,0.0,0.0,0.10425720702853737,0.0
herb115,0.0,0.0,0.0,0.5144957554275265,0.0,0.0,0.0,0.0,0.03571428571428571,0.0430730492253948,0.0,0.0,0.0,0.4629100498862757,0.0,0.0,0.02040816326530612,0.07142857142857142,0.215365246126974,0.0,0.0,0.0,0.02178551004751495,0.1129384878631564,0.0,0.12121830534626529,0.04697113923010208,0.0,0.0,0.2083785592827065,0.0,0.0,0.060609152673132646,0.025657900289539272,0.02857142857142857,0.02857142857142857,0.0,0.0,0.0,0.17142857142857143,0.0,0.5070925528371099,0.0,0.04040610178208843,0.02608202654786505,0.5454823740581938,0.0,0.0,0.07142857142857142,0.0,0.023809523809523808,0.020203050891044214,0.0,0.02231053741265801,0.5421047417431508,0.020203050891044214,0.0,0.0,0.17857142857142855,0.0,0.0,0.0,0.0,0.0,0.0,0.060609152673132646,0.0,0.0,0.13746434980705374,0.0,0.0,0.0,0.14008295367013146,0.0,0.0,0.0,0.0,0.0,0.02258769757263128,0.02106313659355673,0.020203050891044214,0.0,0.060609152673132646,0.0,0.03571428571428571,0.0,0.13263952726932277,0.0,0.0,0.0,0.020203050891044214,0.060609152673132646,0.0,0.0,0.02178551004751495,0.0,1.0,0.023809523809523808,0.5477225575051661,0.0,0.0,0.025253813613805264,0.028016590734026292,0.0,0.0,0.10101525445522107,0.0,0.15586992159713742,0.0,0.0,0.0,0.04040610178208843,0.0,0.5238095238095237,0.13746434980705374,0.0,0.0,0.0,0.18442777839082936,0.0,0.0,0.0,0.038180177416060626,0.0,0.0,0.15586992159713742,0.15586992159713742,0.02106313659355673,0.0,0.0,0.0,0.0,0.02040816326530612,0.05050762722761053,0.13263952726932277,0.0,0.0,0.0,0.030457245193658628,0.0,0.0,0.02699746235780194,0.2500542711392478,0.0,0.029787773436724965,0.0,0.031173984319427483,0.030457245193658628,0.4629100498862757,0.0,0.0,0.15075567228888181,0.0,0.10798984943120776,0.0,0.0,0.0893633203101749,0.0,0.20587905489225486,0.0,0.0,0.0,0.0,0.0,0.03962144258751637,0.0,0.030457245193658628,0.0,0.0,0.05399492471560388,0.03571428571428571,0.0,0.0,0.42426406871192845,0.10101525445522107,0.0,0.11155268706329005,0.0,0.0,0.10101525445522108,0.031943828249996996,0.5477225575051661,0.031173984319427483,0.0,0.0,0.11587244366483038,0.27411520674292766,0.031173984319427483,0.40406101782088427,0.15586992159713742,0.0,0.0,0.0,0.0,0.0,0.020203050891044214,0.0,0.24743582965269675,0.0,0.060609152673132646,0.0,0.03464794643376185,0.0,0.04575090108716775,0.0,0.0,0.0,0.0,0.0,0.6098678344610446,0.0,0.0,0.0,0.4629100498862757,0.46467017049401693,0.0,0.0,0.0,0.5871392403762761,0.0,0.0,0.0,0.02608202654786505,0.0,0.4330127018922194,0.0,0.0,0.0,0.0,0.0,0.05050762722761053,0.0,0.0,0.0,0.0,0.0,0.0,0.0,0.15848577035006547,0.0,0.0,0.0,0.0,0.04123930494211613,0.0,0.0,0.0,0.0,0.0,0.04040610178208843,0.10101525445522107,0.0,0.0,0.0,0.12244897959183673,0.0,0.0,0.0,0.02608202654786505,0.12121830534626529,0.11742784807525519,0.5814861645428298,0.0,0.0,0.215365246126974,0.023809523809523808,0.0,0.0,0.2258769757263128,0.0,0.0,0.030457245193658628,0.4444671196029727,0.13263952726932277,0.0,0.0,0.0,0.0,0.02486823656509969,0.04517539514526256,0.0,0.0,0.0,0.0,0.1414213562373095,0.0,0.0,0.17323973216880925,0.0,0.0,0.0,0.0,0.0,0.04040610178208843,0.0,0.07045670884515312,0.0,0.3979185818079683,0.0,0.02857142857142857,0.0,0.0,0.0,0.11587244366483039,0.0,0.0,0.0,0.4444671196029727,0.0,0.02486823656509969,0.0,0.0,0.0,0.0,0.516682531531123,0.0,0.10531568296778365,0.0
herb116,0.11433239009500587,0.049690399499995326,0.05986843400892497,0.0,0.0,0.0,0.0,0.06950480468569159,0.0,0.050251890762960605,0.1,0.3726779962499649,0.21821789023599236,0.05143444998736397,0.1414213562373095,0.0,0.047619047619047616,0.0,0.0,0.05407380704358751,0.0,0.0,0.0,0.05270462766947299,0.0,0.07071067811865475,0.0,0.0,0.2130032168075646,0.1701758234142103,0.023570226039551584,0.0,0.04714045207910317,0.2694079530401624,0.0,0.0,0.0,0.050251890762960605,0.20333142711013955,0.1,0.0,0.0,0.06537204504606134,0.04714045207910317,0.0,0.1649915822768611,0.2405626121623441,0.03726779962499649,0.08333333333333333,0.0,0.0,0.04714045207910317,0.0,0.052057920629535355,0.10540925533894598,0.04714045207910317,0.323575114464717,0.0,0.0,0.0,0.0,0.050832856777534886,0.0629940788348712,0.0,0.0,0.1649915822768611,0.0,0.0,0.19245008972987523,0.05555555555555555,0.06950480468569159,0.0,0.0,0.1388888888888889,0.05986843400892497,0.0,0.0,0.0,0.0,0.0,0.3064129385141706,0.0,0.023570226039551584,0.0,0.0,0.0,0.18569533817705186,0.0,0.0,0.2749859704614352,0.18856180831641267,0.1649915822768611,0.2211629342323457,0.0,0.20333142711013955,0.0,0.023809523809523808,0.9999999999999999,0.0,0.07106690545187014,0.17960530202677488,0.0,0.0,0.11973686801784994,0.0,0.0,0.18633899812498245,0.0,0.0,0.29095718698132317,0.0,0.023570226039551584,0.07293249574894728,0.0,0.0,0.08084520834544431,0.07273929674533079,0.0,0.0,0.07647191129018724,0.05555555555555555,0.0,0.0,0.0,0.08606629658238703,0.07273929674533079,0.32732683535398854,0.14744195615489714,0.10540925533894598,0.0,0.0,0.0,0.3571428571428571,0.17677669529663687,0.030949223029508643,0.23570226039551584,0.0,0.07106690545187014,0.0,0.0,0.0,0.1259881576697424,0.0,0.11470786693528086,0.0,0.0,0.14547859349066158,0.17766726362967533,0.025717224993681984,0.21213203435596426,0.0,0.0,0.0,0.1259881576697424,0.023570226039551584,0.029934217004462485,0.06950480468569159,0.0445435403187374,0.0,0.03553345272593507,0.0,0.06085806194501845,0.0,0.034752402342845795,0.0,0.0,0.03553345272593507,0.0,0.07071067811865475,0.0,0.08333333333333333,0.0,0.08606629658238703,0.023570226039551584,0.0,0.0,0.0,0.0,0.0,0.1414213562373095,0.0,0.0,0.07273929674533079,0.0,0.0,0.10814761408717502,0.03553345272593507,0.0,0.0,0.14547859349066158,0.18856180831641267,0.3198010745334156,0.0,0.0,0.053376051268362375,0.023570226039551584,0.023570226039551584,0.0,0.17010345435994292,0.023570226039551584,0.0,0.0,0.0,0.0,0.0,0.04714045207910317,0.10286889997472794,0.0,0.16666666666666666,0.0,0.05270462766947299,0.0,0.09829463743659808,0.0,0.0,0.0,0.1386750490563073,0.06666666666666667,0.08219949365267865,0.3244428422615251,0.0890870806374748,0.0,0.06085806194501845,0.6009252125773316,0.2646188733785785,0.06189844605901729,0.0629940788348712,0.0,0.049690399499995326,0.050251890762960605,0.29462782549439476,0.2041241452319315,0.046225016352102424,0.0,0.0,0.0,0.06537204504606134,0.04914731871829904,0.0,0.0,0.1,0.06085806194501845,0.10675210253672475,0.0,0.023570226039551584,0.07856742013183862,0.0,0.0,0.0,0.0,0.0,0.04714045207910317,0.0629940788348712,0.1649915822768611,0.047619047619047616,0.04914731871829904,0.034752402342845795,0.053376051268362375,0.09128709291752768,0.0,0.05479966243511909,0.17588161767036212,0.0,0.06666666666666667,0.07537783614444091,0.027777777777777776,0.09622504486493762,0.1386750490563073,0.0,0.0,0.07273929674533079,0.0,0.07071067811865475,0.030949223029508643,0.10050378152592121,0.282842712474619,0.0,0.26666666666666666,0.029012942659282975,0.0,0.22866478019001177,0.0,0.0,0.0,0.18856180831641267,0.0,0.0,0.0,0.0,0.043033148291193514,0.0,0.0,0.0,0.0,0.07647191129018724,0.0,0.023570226039551584,0.030949223029508643,0.21081851067789198,0.0,0.0,0.0,0.05802588531856595,0.0,0.0,0.0,0.09829463743659808,0.04714045207910317,0.047619047619047616,0.0,0.0,0.06537204504606134,0.05407380704358751,0.0,0.13699915608779772,0.0,0.09829463743659808,0.07273929674533079
herb117,0.0,0.0,0.0,0.6575355056394068,0.0,0.0,0.0,0.11420804814403215,0.0,0.0,0.0,0.0,0.0,0.5916079783099617,0.0,0.0,0.0,0.04564354645876384,0.0,0.0,0.030860669992418377,0.0,0.0,0.0,0.0,0.0,0.0,0.0,0.0,0.15978709238739222,0.0,0.0,0.05163977794943222,0.0,0.0,0.0,0.03984095364447979,0.0,0.0,0.0,0.0,0.7097954098256227,0.0,0.05163977794943222,0.0,0.3872983346207416,0.0,0.0,0.0,0.0,0.0,0.0,0.0,0.0,0.6062177826491071,0.0,0.0,0.0,0.27386127875258304,0.0,0.0,0.0,0.0,0.0,0.0,0.07745966692414832,0.0,0.08553989227683015,0.21081851067789198,0.0,0.0,0.0,0.1790287185098582,0.0,0.0,0.0,0.12565617248750865,0.0,0.0,0.026919095102908273,0.0,0.0,0.02581988897471611,0.0,0.13693063937629152,0.0,0.20341905108624309,0.0,0.0,0.0,0.0,0.07745966692414832,0.0,0.0,0.0,0.06454972243679027,0.5477225575051661,0.0,0.9999999999999998,0.0,0.0,0.0,0.0,0.0,0.08164965809277261,0.07745966692414832,0.0,0.23904572186687872,0.0,0.0,0.0,0.0,0.0,0.6998677123677121,0.0,0.0,0.0,0.0,0.28284271247461895,0.0,0.09128709291752768,0.0,0.0,0.0,0.0,0.23904572186687872,0.23904572186687872,0.0,0.0,0.0,0.053838190205816545,0.0,0.0,0.0,0.20341905108624309,0.12909944487358055,0.0,0.0,0.0,0.0,0.0,0.034503277967117704,0.0,0.0,0.11420804814403215,0.0,0.03984095364447979,0.0,0.6479515952918629,0.0,0.0,0.13762047064079508,0.18257418583505536,0.0,0.0,0.0,0.03806934938134405,0.0,0.17541160386140583,0.0,0.0,0.0,0.0,0.0761386987626881,0.0,0.0,0.03892494720807614,0.0,0.0,0.0,0.0,0.0,0.0,0.5422176684690382,0.0,0.0,0.1140531897024402,0.0,0.0,0.15491933384829665,0.0,0.6999999999999998,0.11952286093343936,0.0,0.0,0.0,0.23354968324845685,0.0,0.5163977794943221,0.0,0.0,0.0,0.05163977794943222,0.0,0.0,0.0,0.0,0.21081851067789198,0.0,0.07745966692414832,0.0,0.1328422328310143,0.0,0.0,0.0,0.0,0.0,0.0,0.0,0.692820323027551,0.08660254037844387,0.0,0.0,0.6479515952918629,0.5163977794943221,0.0,0.0,0.0,0.6303152364470475,0.08885233166386385,0.0,0.0,0.06666666666666665,0.0,0.6061032181989395,0.0,0.0,0.0,0.0,0.0,0.0,0.0,0.15191090506255,0.04714045207910316,0.09534625892455922,0.0,0.0,0.0,0.0,0.0,0.0,0.0,0.0,0.052704627669472995,0.0,0.0,0.0,0.0,0.07302967433402215,0.07745966692414832,0.10327955589886444,0.0,0.0,0.0,0.0,0.0,0.0,0.0,0.0,0.12909944487358055,0.15007505629691603,0.6330541649476574,0.0,0.0,0.1651445647689541,0.0,0.0,0.0,0.0,0.06666666666666665,0.0,0.03892494720807614,0.6971370023173349,0.20341905108624309,0.0,0.0,0.0,0.0,0.06356417261637282,0.0,0.0,0.0,0.1217161238900369,0.04303314829119352,0.10327955589886444,0.0,0.0,0.0,0.0,0.0,0.0,0.0,0.11420804814403215,0.0,0.0,0.09004503377814962,0.0,0.16951587590520256,0.0,0.03651483716701107,0.0,0.05163977794943222,0.0,0.1777046633277277,0.0,0.0,0.0,0.5680375574437543,0.0,0.0,0.0,0.0,0.0,0.0,0.6603302477064307,0.0,0.0,0.0
herb119,0.0,0.12712834523274563,0.0,0.0,0.0,0.0,0.0,0.44455422447438697,0.0,0.0,0.04264014327112209,0.0,0.0,0.0,0.0,0.0,0.0,0.0,0.06428243465332249,0.0,0.0,0.0,0.0,0.0,0.15569978883230456,0.0,0.0,0.0,0.0,0.031098520678556143,0.0,0.0,0.0,0.0,0.0,0.0,0.0,0.06428243465332249,0.0,0.0,0.0,0.0,0.0,0.030151134457776358,0.0,0.0,0.0,0.4290581651605165,0.0,0.0,0.0,0.0,0.0,0.06659271582120269,0.0,0.0,0.0,0.0,0.0,0.15569978883230456,0.05698028822981897,0.0,0.0,0.0,0.1914598952668709,0.0,0.09045340337332908,0.0,0.0,0.0,0.044455422447438706,0.1484539238050411,0.0,0.07106690545187014,0.0,0.0,0.0,0.0,0.1348399724926484,0.0,0.09045340337332908,0.030151134457776358,0.0,0.12060453783110543,0.0,0.0,0.0,0.3912927904356147,0.0,0.0,0.0,0.0,0.0,0.0,0.0,0.0,0.0,0.07106690545187014,0.0,0.9999999999999999,0.0,0.0,0.0,0.4212117695871159,0.03178208630818641,0.030151134457776358,0.0,0.0,0.0,0.0,0.0,0.0,0.031098520678556143,0.0,0.0,0.0,0.0,0.03553345272593507,0.0,0.0,0.0,0.0,0.0,0.0,0.0,0.0,0.0,0.0,0.6741998624632419,0.04891159880445184,0.0,0.0,0.060914490387317256,0.0,0.0,0.0,0.0,0.0,0.0,0.0,0.0,0.0,0.0,0.0,0.044455422447438706,0.0,0.0,0.1818181818181818,0.0,0.030151134457776358,0.0,0.0,0.0,0.0,0.0,0.0,0.0,0.05698028822981897,0.0,0.0,0.12712834523274563,0.0,0.0,0.0,0.0,0.030151134457776358,0.0,0.0,0.0,0.0,0.10660035817780521,0.0,0.0,0.0,0.0,0.03251280443811775,0.0,0.0,0.0,0.060302268915552716,0.09534625892455922,0.0,0.0,0.032141217326661246,0.030151134457776358,0.0,0.0909090909090909,0.0,0.0,0.0,0.0,0.0,0.030151134457776358,0.0,0.03413943709994594,0.0,0.0,0.0,0.08703882797784893,0.060302268915552716,0.0,0.05170876899950191,0.0,0.0,0.0,0.0,0.36187343222787294,0.0,0.0,0.0,0.4045199174779452,0.0,0.47152096009644856,0.03289758474798845,0.0,0.03458572319330373,0.05913123959890826,0.4264014327112209,0.0,0.17292861596651865,0.0,0.0,0.03892494720807614,0.0,0.0,0.0,0.0,0.0,0.0,0.0,0.0,0.0,0.0,0.0,0.0,0.0,0.08362420100070908,0.3457820374040623,0.0,0.0,0.08528028654224418,0.15569978883230456,0.27311549679956754,0.0,0.0,0.0,0.0,0.0,0.0,0.0,0.0,0.0,0.24174688920761406,0.030151134457776358,0.0,0.03143473067309657,0.17782168978975482,0.0,0.0,0.0,0.0,0.0,0.0,0.0,0.0,0.0,0.28721347895177635,0.0,0.0,0.0,0.04652421051992354,0.0,0.0,0.0,0.0,0.0,0.0,0.0,0.0,0.0,0.0,0.0,0.0,0.050251890762960605,0.0,0.0,0.0,0.0,0.0,0.0,0.0,0.0,0.0,0.0,0.0,0.0,0.0,0.0,0.0,0.0,0.0,0.0,0.0,0.0,0.0,0.07784989441615228,0.3143473067309657,0.0,0.0,0.0,0.0,0.0,0.0,0.0,0.0,0.0,0.0,0.0
herb120,0.12320822072673948,0.0,0.0,0.09240616554505461,0.0,0.0,0.0,0.0,0.0,0.0,0.03592106040535498,0.2811267651158746,0.07838618016696206,0.0,0.0,0.0,0.0,0.0,0.0,0.0,0.0,0.0,0.0,0.0,0.13116516715679058,0.0254000254000381,0.0885807893036239,0.10830607221477648,0.6558258357839529,0.5239625170622462,0.0,0.10160010160015241,0.0,0.0,0.0,0.0,0.0,0.0,0.0,0.0,0.0,0.15179418517972906,0.0,0.0,0.13116516715679058,0.15240015240022858,0.25923792368260634,0.0,0.0,0.0,0.1496710850223124,0.0,0.0,0.0,0.0,0.0,0.1494406444160154,0.06788442333021306,0.0,0.0,0.0,0.0,0.0,0.0,0.0,0.0,0.0,0.0,0.0,0.0,0.0,0.0,0.10567049305145204,0.11973686801784994,0.06451612903225808,0.0,0.12361284651454937,0.1854955583040673,0.0,0.0,0.2286002286003429,0.0,0.0254000254000381,0.0,0.04490132550669373,0.0,0.0,0.0,0.0,0.0,0.0,0.0,0.0,0.0,0.10955820713295535,0.1270001270001905,0.0,0.17960530202677488,0.0,0.0,1.0000000000000002,0.0,0.0,0.0,0.1874178434105831,0.0,0.0,0.0,0.04356068418690321,0.0,0.0,0.0254000254000381,0.05239625170622461,0.0,0.0,0.0,0.0,0.11973686801784994,0.0,0.0,0.0,0.03829197905337418,0.0,0.05184758473652127,0.0,0.0,0.07838618016696206,0.18536949946633163,0.0,0.0,0.10592542826647522,0.0,0.07697370086861782,0.19050019050028574,0.0,0.46566713233403184,0.0,0.0,0.0,0.0,0.10369516947304254,0.0,0.026198125853112306,0.3708385395436481,0.0,0.0,0.0,0.07658395810674835,0.0,0.0,0.1796053020267749,0.0,0.0,0.0,0.0,0.0,0.0,0.0,0.0,0.0,0.0,0.0,0.19925419255468715,0.11235088294097074,0.0,0.0,0.22975187432024505,0.0,0.0,0.0,0.0,0.0,0.0,0.10160010160015241,0.0,0.0,0.028049635672660722,0.14664711502135333,0.24096579867074966,0.1016001016001524,0.0,0.0,0.0,0.3249182166443294,0.0,0.0,0.0,0.0,0.1270001270001905,0.0,0.0,0.3063358324269934,0.0,0.1567723603339241,0.0,0.0,0.0,0.0,0.40327956630872164,0.0,0.09962709627734359,0.0,0.0,0.0,0.0,0.10160010160015241,0.0,0.0,0.0,0.0,0.0,0.0,0.0,0.13856849886842332,0.0,0.0,0.0,0.0,0.0885807893036239,0.2622224460366293,0.0,0.0,0.0,0.0,0.15554275420956382,0.0,0.0,0.0,0.0267739776300833,0.0,0.0,0.0,0.0,0.1854955583040673,0.15632634987018063,0.0,0.0,0.0,0.0,0.0,0.0,0.0,0.0,0.0,0.0,0.0,0.0,0.0,0.14368424162141993,0.0,0.0,0.0,0.0,0.0,0.12828950144769635,0.0,0.0,0.0,0.06558258357839529,0.0254000254000381,0.0,0.18953562637585883,0.0,0.14368424162141993,0.0,0.0,0.0,0.0,0.0,0.13116516715679058,0.0,0.1531679162134967,0.1270001270001905,0.0,0.0,0.0,0.21166687833365086,0.1796053020267749,0.1250610798961445,0.0,0.0,0.0,0.0,0.16933350266692068,0.1016001016001524,0.0,0.0,0.0,0.04233337566673017,0.0,0.33256439728421594,0.19925419255468715,0.14980117725462766,0.0254000254000381,0.0,0.14763464883937316,0.0,0.033351867298253506,0.0,0.0,0.0,0.10160010160015241,0.0,0.0,0.0,0.0,0.0,0.0,0.0,0.1250610798961445,0.0,0.0,0.0,0.0,0.0,0.0,0.10592542826647522,0.0
herb122,0.0,0.0,0.0,0.0,0.0,0.0,0.41702882811414954,0.0,0.044194173824159216,0.0,0.0,0.0,0.03857583749052298,0.0,0.0,0.0,0.4040610178208842,0.0,0.0,0.08603090020146065,0.0,0.42499999999999993,0.053916386601719206,0.0,0.0,0.175,0.1453095484297741,0.0,0.0,0.025785531156469834,0.024999999999999998,0.0,0.075,0.0,0.0,0.0,0.0,0.0,0.0,0.0,0.0,0.0,0.0,0.075,0.0,0.075,0.05103103630798288,0.0,0.044194173824159216,0.0,0.0,0.125,0.0,0.027607881518711633,0.0,0.125,0.0,0.0,0.0,0.0,0.0,0.0,0.0,0.0,0.0,0.024999999999999998,0.0,0.11043152607484653,0.0,0.0,0.0,0.030772872744833184,0.03466876226407682,0.0,0.0,0.0,0.0,0.0,0.447213595499958,0.41702882811414954,0.024999999999999998,0.0,0.024999999999999998,0.024999999999999998,0.0,0.0,0.0,0.0,0.0,0.0,0.42499999999999993,0.0,0.0,0.0,0.0,0.0,0.025253813613805264,0.0,0.0,0.0,0.0,0.9999999999999999,0.9013878188659973,0.0,0.10540925533894598,0.425,0.0,0.0,0.0,0.0,0.0,0.39999999999999997,0.0,0.05892556509887895,0.5103103630798287,0.0,0.0,0.0,0.0,0.0,0.0,0.0,0.0,0.0,0.0,0.0,0.0,0.20851441405707474,0.0,0.0,0.0,0.0,0.0,0.0,0.0,0.0,0.0,0.0,0.0,0.0,0.0,0.0,0.43835402965998715,0.0,0.07372097807744857,0.0,0.0,0.0,0.0,0.0,0.0,0.4797016118001234,0.0,0.0,0.024999999999999998,0.0,0.036860489038724284,0.0,0.0,0.0,0.0,0.0,0.0,0.0,0.049029033784546004,0.0,0.0,0.0,0.024999999999999998,0.0,0.0,0.0,0.0,0.09999999999999999,0.22499999999999998,0.0,0.44172610429938614,0.0,0.039528470752104736,0.0,0.0,0.0,0.0,0.0,0.42499999999999993,0.0,0.0,0.0,0.0,0.11572751247156893,0.0,0.0,0.0,0.0,0.0,0.0,0.024999999999999998,0.0,0.036084391824351615,0.0,0.0,0.0,0.0,0.509524665365068,0.0,0.0,0.0,0.032826608214930636,0.0,0.0,0.0,0.0,0.0,0.08183170883849714,0.39999999999999997,0.028676966733820218,0.0,0.0,0.0,0.0,0.0,0.0,0.0,0.0,0.0,0.0,0.0,0.0,0.0,0.0,0.0,0.0,0.0,0.0,0.0,0.0,0.0,0.026064301757134343,0.0,0.0,0.0,0.0,0.0,0.0,0.37499999999999994,0.0,0.0,0.0,0.0,0.45,0.39999999999999997,0.39999999999999997,0.0,0.0,0.45456864504849476,0.0,0.0,0.0,0.06454972243679027,0.075,0.0,0.053300179088902604,0.0,0.0,0.42640143271122083,0.029462782549439476,0.0,0.0,0.0,0.0,0.0,0.0,0.0,0.0,0.0,0.0,0.0,0.0,0.0,0.05590169943749474,0.0,0.0,0.0,0.0,0.175,0.0,0.0,0.0,0.0,0.0,0.0,0.0,0.0,0.09999999999999999,0.0,0.0,0.0,0.06565321642986127,0.0,0.0,0.0,0.39999999999999997,0.0,0.0,0.0,0.03227486121839514,0.0,0.049999999999999996,0.0,0.030772872744833184,0.0,0.0,0.0,0.0,0.0,0.0,0.41702882811414954,0.0
herb123,0.0,0.0,0.0,0.0,0.0,0.0,0.4626519455729923,0.0,0.04902903378454601,0.0,0.0,0.0,0.042796049251091296,0.0,0.0,0.0,0.4482654517444207,0.0,0.0,0.0,0.0,0.44376015698018334,0.05981486045545792,0.0,0.0,0.11094003924504584,0.09672388203287416,0.0,0.0,0.0,0.0,0.0,0.02773500981126146,0.0,0.0,0.0,0.0,0.0,0.0,0.0,0.0,0.0,0.0,0.08320502943378437,0.0,0.08320502943378438,0.056613851707229795,0.0,0.04902903378454601,0.0,0.0,0.08320502943378438,0.0,0.030628194591584446,0.0,0.05547001962252292,0.0,0.0,0.0,0.0,0.0,0.0,0.0,0.0,0.0,0.02773500981126146,0.0,0.030628194591584446,0.0,0.0,0.0,0.03413943709994595,0.038461538461538464,0.0,0.0,0.0,0.0,0.0,0.49613893835683387,0.4626519455729923,0.02773500981126146,0.0,0.02773500981126146,0.02773500981126146,0.0,0.0,0.0,0.0,0.0,0.0,0.44376015698018334,0.0,0.0,0.0,0.0,0.0,0.028016590734026292,0.0,0.0,0.0,0.0,0.9013878188659973,1.0000000000000002,0.0,0.05847053462046862,0.4714951667914448,0.0,0.0,0.0,0.0,0.0,0.44376015698018334,0.0,0.06537204504606134,0.566138517072298,0.0,0.0,0.0,0.0,0.0,0.0,0.0,0.0,0.0,0.0,0.0,0.0,0.11566298639324805,0.0,0.0,0.0,0.0,0.0,0.0,0.0,0.0,0.0,0.0,0.0,0.0,0.0,0.0,0.4863101325370297,0.0,0.08178608201095308,0.0,0.0,0.0,0.0,0.0,0.0,0.5321811563901745,0.0,0.0,0.02773500981126146,0.0,0.04089304100547654,0.0,0.0,0.0,0.0,0.0,0.0,0.0,0.054392829322042126,0.0,0.0,0.0,0.0,0.0,0.0,0.0,0.0,0.11094003924504584,0.22188007849009164,0.0,0.49005111346535113,0.0,0.043852900965351466,0.0,0.0,0.0,0.0,0.0,0.47149516679144476,0.0,0.0,0.0,0.0,0.0,0.0,0.0,0.0,0.0,0.0,0.0,0.02773500981126146,0.0,0.04003203845127179,0.0,0.0,0.0,0.0,0.565266863719195,0.0,0.0,0.0,0.03641785203646149,0.0,0.0,0.0,0.0,0.0,0.060522753266880246,0.44376015698018334,0.0,0.0,0.0,0.0,0.0,0.0,0.0,0.0,0.0,0.0,0.0,0.0,0.0,0.0,0.0,0.0,0.0,0.0,0.0,0.0,0.0,0.0,0.028915746598312014,0.0,0.0,0.0,0.0,0.0,0.0,0.41602514716892186,0.0,0.0,0.0,0.0,0.4714951667914448,0.44376015698018334,0.44376015698018334,0.0,0.0,0.5042986332124733,0.0,0.0,0.0,0.03580574370197164,0.05547001962252292,0.0,0.059131239598908265,0.0,0.0,0.4730499167912662,0.03268602252303067,0.0,0.0,0.0,0.0,0.0,0.0,0.0,0.0,0.0,0.0,0.0,0.0,0.0,0.062017367294604234,0.0,0.0,0.0,0.0,0.08320502943378438,0.0,0.0,0.0,0.0,0.0,0.0,0.0,0.0,0.11094003924504584,0.0,0.0,0.0,0.07283570407292297,0.0,0.0,0.0,0.44376015698018334,0.0,0.0,0.0,0.03580574370197164,0.0,0.05547001962252292,0.0,0.03413943709994595,0.0,0.0,0.0,0.0,0.0,0.0,0.4626519455729923,0.0
herb125,0.0,0.0,0.0,0.0,0.0,0.0,0.0,0.5243041203911968,0.0,0.0,0.03592106040535498,0.0,0.0,0.0,0.0,0.0,0.0,0.0,0.05415303610738824,0.0,0.0,0.0,0.0,0.0,0.0,0.0,0.0,0.0,0.0,0.026198125853112306,0.0,0.0,0.0,0.0,0.0,0.0,0.0,0.05415303610738824,0.0,0.0,0.0,0.0,0.0,0.0,0.0,0.0,0.0,0.04016096644512494,0.0,0.0,0.0,0.0,0.0,0.0,0.0,0.0,0.0,0.0,0.0,0.0,0.048001536073731935,0.21911641426591072,0.0,0.0,0.0,0.0,0.0,0.0,0.0,0.0,0.0,0.0,0.0,0.05986843400892497,0.0,0.0,0.0,0.0,0.0,0.0,0.1016001016001524,0.0,0.0,0.0,0.0,0.0,0.0,0.08240856434303291,0.0,0.0,0.0,0.0,0.0,0.0,0.0,0.0,0.0,0.11973686801784994,0.0,0.4212117695871159,0.0,0.0,0.0,1.0000000000000002,0.0,0.0,0.0,0.0,0.0,0.0,0.0,0.0,0.026198125853112306,0.0,0.0,0.0,0.0,0.0,0.0,0.0,0.0,0.0,0.0,0.0,0.0,0.0,0.0,0.0,0.5111656508223583,0.041204282171516456,0.0,0.0,0.051315800579078544,0.0,0.0,0.0,0.0,0.3063358324269934,0.0,0.0,0.0,0.4751909633114914,0.0,0.0,0.0,0.0,0.0,0.0,0.027713699773684666,0.0,0.0,0.0,0.0,0.0,0.0,0.0,0.0,0.048001536073731935,0.0,0.3829197905337418,0.0,0.032791291789197645,0.0,0.07490058862731383,0.0,0.1016001016001524,0.0,0.0,0.0,0.0,0.04490132550669373,0.0,0.0,0.0,0.0254000254000381,0.0,0.0,0.0,0.0,0.0,0.0,0.032791291789197645,0.0,0.0,0.0,0.0,0.07658395810674835,0.0,0.0,0.0,0.0,0.0,0.0,0.0,0.0,0.1270001270001905,0.0,0.0,0.07332355751067667,0.0,0.0,0.0,0.0,0.0,0.0,0.0,0.6651287945684319,0.0,0.0,0.0,0.25558282541117916,0.0,0.6885152837320889,0.0,0.0,0.0,0.049813548138671795,0.07184212081070997,0.0,0.02913582733740325,0.0,0.0,0.032791291789197645,0.0,0.0,0.0,0.0,0.0,0.0,0.3790712527517177,0.0,0.0,0.0,0.0,0.0,0.0,0.0704469953676347,0.26481357066618805,0.0,0.0,0.0,0.0,0.23007892341722033,0.0,0.0,0.0,0.0,0.0,0.0,0.0,0.0,0.22860022860034293,0.1018266349953196,0.0,0.0,0.0,0.0,0.0,0.26233033431358116,0.0,0.0,0.0,0.0,0.0,0.0,0.0,0.3456505649101418,0.0,0.0,0.0,0.0,0.0,0.0,0.0,0.10830607221477648,0.0,0.0,0.0,0.0,0.0,0.0,0.0,0.0,0.0,0.0,0.0,0.0,0.0,0.0,0.0,0.0,0.0,0.0,0.0,0.0,0.0,0.0,0.0,0.0,0.0,0.0,0.0,0.03126526997403613,0.0,0.0,0.0,0.4501830701325197,0.0,0.35921060405354976,0.0,0.0,0.0,0.0,0.0,0.0,0.0,0.0,0.0
herb126,0.23008949665421113,0.0,0.0,0.07669649888473704,0.0,0.04216370213557839,0.0,0.1554174680400523,0.0,0.08989331499509895,0.0,0.0,0.0,0.0,0.0,0.0,0.0,0.037267799624996496,0.0,0.04836508334066745,0.1511857892036909,0.0,0.022733144649015782,0.023570226039551584,0.10886621079036347,0.10540925533894598,0.19605723255834875,0.13483997249264842,0.10886621079036347,0.13046561461068845,0.04216370213557839,0.29514591494904874,0.06324555320336758,0.0,0.0,0.0,0.09759000729485333,0.0,0.0,0.0,0.0,0.10079052613579392,0.0,0.06324555320336758,0.10886621079036347,0.0,0.0,0.0,0.0,0.0,0.0,0.12649110640673517,0.0,0.0,0.0,0.021081851067789197,0.0,0.0,0.037267799624996496,0.0,0.0,0.0,0.0,0.0,0.0267739776300833,0.08432740427115679,0.0,0.046562019717971886,0.0,0.12422599874998831,0.03108349360801046,0.0,0.08770580193070293,0.09938079899999065,0.0,0.0,0.03419927840283847,0.46188021535170054,0.0,0.0,0.021081851067789197,0.0,0.04216370213557839,0.04216370213557839,0.0,0.0,0.0,0.0,0.0,0.0,0.021081851067789197,0.021081851067789197,0.0,0.0,0.09093257859606313,0.39528470752104744,0.0,0.0,0.08164965809277261,0.03178208630818641,0.1874178434105831,0.10540925533894598,0.05847053462046862,0.0,0.9999999999999999,0.0,0.0,0.0,0.036155076303109365,0.0,0.0,0.0,0.0,0.0,0.0,0.0,0.0,0.4472135954999579,0.0,0.0,0.0,0.0,0.0,0.0,0.0,0.0,0.0,0.2637521893583148,0.0,0.0,0.08791739645277159,0.0,0.021295885499998,0.15811388300841897,0.0,0.24595492912420727,0.0,0.0,0.0,0.0,0.08606629658238706,0.0,0.0,0.10259783520851541,0.2486679488640837,0.0,0.0,0.0,0.0,0.0,0.3577708763999664,0.0,0.0,0.0,0.021081851067789197,0.0,0.0,0.0,0.0,0.0,0.0,0.0,0.49613893835683387,0.09325048082403138,0.041344911529736156,0.0,0.25425669046549126,0.0,0.021081851067789197,0.0,0.0,0.0,0.0,0.33730961708462714,0.08432740427115679,0.0,0.09312403943594377,0.12171612389003693,0.0,0.0,0.0,0.0,0.0,0.31462660248284635,0.021081851067789197,0.0,0.0,0.0,0.10540925533894596,0.03253000243161778,0.021081851067789197,0.0,0.0,0.13012000972647111,0.0,0.0,0.021081851067789197,0.0,0.0,0.0,0.08268982305947231,0.036155076303109365,0.0,0.0,0.0,0.25298221281347033,0.0,0.0,0.0,0.07071067811865475,0.023570226039551584,0.1297498240269205,0.0,0.2300218531141181,0.0,0.0,0.0,0.0,0.07352146220938079,0.0,0.0,0.0,0.10886621079036347,0.0,0.08606629658238706,0.0,0.1126872339638022,0.0,0.022222222222222223,0.022473328748774737,0.0,0.060858061945018464,0.0,0.19245008972987526,0.20759971844307282,0.0,0.0,0.0219793491131929,0.0,0.0,0.0,0.05443310539518174,0.0,0.0,0.021081851067789197,0.0,0.0,0.0,0.11925695879998881,0.0,0.021081851067789197,0.0,0.0,0.06324555320336758,0.0,0.0219793491131929,0.0,0.0,0.0,0.29514591494904874,0.0,0.0,0.03253000243161778,0.11925695879998881,0.0,0.0,0.0,0.0,0.0,0.10886621079036347,0.03253000243161778,0.12712834523274563,0.08432740427115679,0.0,0.0,0.021081851067789197,0.0,0.0,0.10379985922153641,0.0,0.0,0.0,0.0,0.4216370213557839,0.08432740427115679,0.0,0.02556549962824568,0.0,0.17568209223157663,0.0,0.2760262237369417,0.16537964611894462,0.27975144247209416,0.06324555320336758,0.0,0.12253577034896797,0.04216370213557839,0.0,0.0,0.0,0.0,0.27406406388125953,0.0,0.0,0.0,0.02721655269759087,0.0219793491131929,0.0,0.0,0.10379985922153641,0.0,0.0,0.0,0.13679711361135388,0.0,0.0,0.08791739645277159,0.0
herb127,0.0,0.0,0.0,0.07276068751089988,0.0,0.0,0.3127716210856121,0.0,0.0,0.0,0.0,0.0,0.0,0.06546536707079771,0.0,0.0,0.3030457633656632,0.0,0.0,0.0,0.023904572186687872,0.31999999999999995,0.08626621856275073,0.0,0.0,0.12000000000000001,0.11624763874381927,0.0,0.0,0.1443989744762311,0.0,0.0,0.1,0.0,0.0565685424949238,0.0282842712474619,0.0,0.0,0.0,0.0,0.02721655269759087,0.07171371656006362,0.0,0.08,0.0,0.1,0.0,0.0,0.07071067811865475,0.0,0.0,0.04,0.0,0.02208630521496931,0.0670820393249937,0.04,0.0,0.0,0.10606601717798213,0.0,0.0,0.02156655464068768,0.0,0.17693034738587657,0.0,0.08,0.0,0.02208630521496931,0.08164965809277261,0.0,0.0,0.0,0.08320502943378438,0.04714045207910317,0.0,0.0,0.0,0.03651483716701107,0.38013155617496425,0.35447450389702706,0.04,0.04,0.12,0.0,0.035355339059327376,0.0,0.07878385971583353,0.0,0.0,0.0,0.39999999999999997,0.06,0.0,0.0,0.0,0.0,0.10101525445522107,0.0,0.07745966692414832,0.030151134457776358,0.0,0.425,0.4714951667914448,0.0,0.0,1.0000000000000002,0.0,0.09258200997725516,0.0,0.0,0.0,0.38,0.0,0.11785113019775792,0.4082482904638631,0.0,0.0,0.023570226039551584,0.10954451150103323,0.0,0.0,0.0,0.0,0.0,0.0,0.09258200997725516,0.12344267996967354,0.0834057656228299,0.0,0.0,0.020851441405707476,0.0,0.1414213562373095,0.0,0.07878385971583353,0.0,0.0,0.0,0.0,0.0,0.0,0.0,0.3300547988028139,0.0,0.08846517369293828,0.0,0.0,0.0,0.06546536707079771,0.02,0.0,0.5756419341601482,0.0,0.0,0.0,0.0,0.0,0.0,0.3170375695604868,0.0,0.06324555320336758,0.02581988897471611,0.0,0.0,0.0,0.02,0.0,0.0,0.02,0.10690449676496974,0.0,0.0,0.0,0.12000000000000001,0.22000000000000003,0.12939932784412608,0.37546718865447837,0.0,0.0,0.06,0.03162277660168379,0.07745966692414832,0.0,0.0,0.36,0.0,0.18090680674665816,0.0,0.06,0.0,0.0,0.0,0.06,0.0,0.0,0.04,0.0,0.21773242158072698,0.0,0.08,0.03922322702763681,0.0,0.0,0.6114295984380816,0.0,0.0,0.15275252316519466,0.02626128657194451,0.0,0.0670820393249937,0.08944271909999159,0.02461829819586655,0.04170288281141495,0.06546536707079771,0.43999999999999995,0.04588314677411236,0.0,0.0,0.09299811099505542,0.0,0.0,0.0,0.02581988897471611,0.0,0.06123724356957946,0.0,0.0,0.0,0.0,0.021320071635561044,0.0,0.0,0.0,0.0,0.0,0.0,0.02773500981126146,0.10425720702853739,0.0,0.0,0.0,0.0,0.0,0.0,0.3,0.0,0.0,0.0,0.0,0.36,0.52,0.31999999999999995,0.0,0.02,0.34345186514775167,0.0,0.0,0.0,0.0,0.12000000000000001,0.06974858324629157,0.10660035817780522,0.030860669992418384,0.0,0.5969620057957092,0.0,0.02721655269759087,0.07844645405527362,0.0,0.0,0.0,0.0,0.06,0.07878385971583353,0.0,0.0,0.0,0.0,0.0,0.044721359549995794,0.0,0.0,0.0,0.0,0.16,0.0,0.04850712500726659,0.0,0.0,0.03651483716701107,0.0,0.0,0.0,0.12,0.0,0.0,0.02,0.2100902925755561,0.0,0.0,0.0,0.33999999999999997,0.0,0.06882472016116853,0.0,0.07745966692414832,0.0,0.1,0.0,0.0492365963917331,0.030151134457776358,0.0,0.0,0.0,0.06974858324629157,0.0,0.3127716210856121,0.0
herb128,0.15339299776947407,0.03333333333333333,0.04016096644512494,0.0,0.0,0.12649110640673517,0.0,0.0,0.0,0.0,0.1341640786499874,0.3,0.19518001458970663,0.06900655593423542,0.18973665961010272,0.0,0.031943828249996996,0.0,0.0,0.07254762501100116,0.0,0.0,0.034099716973523674,0.035355339059327376,0.0,0.0,0.0,0.0,0.0816496580927726,0.03261640365267211,0.0,0.18973665961010275,0.0,0.2409657986707497,0.0,0.044721359549995794,0.0,0.06741998624632421,0.034099716973523674,0.08944271909999159,0.0,0.0,0.043852900965351466,0.0,0.0,0.0,0.25819888974716115,0.049999999999999996,0.05590169943749474,0.0,0.03726779962499649,0.0,0.0,0.03492151478847891,0.07071067811865475,0.06324555320336758,0.0,0.0,0.05590169943749474,0.0,0.0,0.06819943394704735,0.21128856368212912,0.0,0.0,0.0,0.25298221281347033,0.0,0.17213259316477408,0.22360679774997894,0.04662524041201569,0.0,0.0,0.14907119849998596,0.04016096644512494,0.0,0.0,0.0,0.0,0.0,0.12649110640673517,0.22135943621178655,0.03162277660168379,0.09486832980505137,0.0,0.0,0.37370465934182984,0.0,0.0,0.21081851067789198,0.03162277660168379,0.0,0.03296902366978935,0.0,0.034099716973523674,0.0,0.0,0.18633899812498245,0.0,0.0,0.0,0.0,0.0,0.0,0.0,0.0,0.9999999999999999,0.0,0.0,0.04879500364742666,0.0,0.0,0.09784921095801634,0.0,0.0,0.05423261445466404,0.04879500364742666,0.0,0.05773502691896257,0.0512989176042577,0.03726779962499649,0.0,0.0,0.0,0.05773502691896257,0.04879500364742666,0.19518001458970663,0.0,0.0,0.0,0.16484511834894675,0.0,0.15971914124998499,0.0,0.0,0.0,0.0,0.0,0.04767312946227961,0.049999999999999996,0.0,0.042257712736425826,0.06523280730534423,0.0512989176042577,0.0,0.0,0.19518001458970663,0.0,0.0,0.41109609582188933,0.0,0.0,0.0,0.0,0.12649110640673517,0.5220925637866243,0.23312620206007845,0.0,0.0,0.0,0.0,0.0,0.0,0.23312620206007845,0.0,0.03162277660168379,0.23836564731139806,0.0,0.12649110640673517,0.0,0.11180339887498948,0.0,0.05773502691896257,0.0,0.03162277660168379,0.0,0.0,0.0,0.0,0.03162277660168379,0.0,0.0,0.09759000729485331,0.0,0.0,0.14509525002200233,0.04767312946227961,0.0,0.0,0.19518001458970663,0.03162277660168379,0.0,0.15811388300841894,0.0,0.3222516933177448,0.0,0.12649110640673517,0.0,0.045643546458763846,0.0,0.0,0.10846522890932808,0.0,0.0,0.0,0.2846049894151541,0.0,0.0,0.0,0.0,0.282842712474619,0.0,0.0,0.0,0.0,0.0,0.1860521018838127,0.044721359549995794,0.11028219331407116,0.0,0.05976143046671968,0.0,0.0,0.31008683647302115,0.032274861218395144,0.04152273992686998,0.21128856368212912,0.21926450482675733,0.30000000000000004,0.0,0.0,0.0,0.31008683647302115,0.0,0.03892494720807615,0.0,0.043852900965351466,0.0,0.0,0.0,0.044721359549995794,0.0408248290463863,0.03580574370197164,0.0,0.0,0.052704627669472995,0.0,0.0,0.0,0.0,0.0,0.0,0.042257712736425826,0.0,0.06388765649999399,0.29672121302810417,0.0,0.03580574370197164,0.24494897427831777,0.0,0.036760731104690386,0.06741998624632421,0.0,0.044721359549995794,0.0,0.07453559924999298,0.04303314829119352,0.2480694691784169,0.0,0.0,0.04879500364742666,0.0,0.0,0.0,0.13483997249264842,0.09486832980505137,0.052704627669472995,0.044721359549995794,0.03892494720807615,0.35355339059327373,0.03834824944236852,0.0,0.07453559924999298,0.0,0.12649110640673517,0.0,0.0,0.0,0.0,0.0,0.0,0.0,0.0,0.0,0.0512989176042577,0.0,0.0,0.0,0.035355339059327376,0.0,0.0,0.0,0.35032452487268534,0.0,0.0,0.0,0.0,0.03162277660168379,0.15971914124998499,0.3113995776646092,0.0,0.043852900965351466,0.2176428750330035,0.0,0.0,0.0,0.1318760946791574,0.04879500364742666
herb129,0.0,0.0,0.0,0.18712029714127992,0.0,0.0,0.0,0.0,0.0,0.0,0.0,0.0,0.0,0.1683587574253685,0.0,0.0,0.0,0.0,0.0,0.0,0.03688555567816587,0.0,0.0,0.0,0.0,0.0,0.0,0.0,0.0,0.19098210422376913,0.0,0.0,0.06172133998483677,0.0,0.0,0.0,0.09523809523809525,0.0,0.06655583256397218,0.0,0.0,0.22131333406899523,0.042796049251091296,0.06172133998483677,0.0,0.12344267996967354,0.0,0.0,0.0,0.0,0.0,0.0,0.0,0.0,0.17251638983558854,0.0,0.0,0.0,0.545544725589981,0.0,0.0,0.0,0.0,0.0,0.0,0.09258200997725516,0.0,0.0,0.25197631533948484,0.0,0.04550157551932901,0.0,0.21398024625545647,0.0,0.0,0.0,0.0,0.0,0.0,0.03217447260438935,0.0,0.0,0.0,0.0,0.0,0.0,0.3241763593892431,0.0,0.0,0.0,0.06172133998483677,0.09258200997725516,0.0,0.0,0.0,0.0,0.15586992159713742,0.0,0.23904572186687872,0.0,0.0,0.0,0.0,0.0,0.0,0.09258200997725516,0.0,1.0000000000000002,0.0,0.04761904761904762,0.0,0.0,0.0,0.21821789023599236,0.0,0.0,0.04761904761904762,0.0,0.5634361698190111,0.0,0.0,0.0,0.0,0.0,0.0,0.523809523809524,0.28571428571428575,0.0643489452087787,0.0,0.0,0.0,0.0,0.0,0.0,0.3241763593892431,0.0,0.0,0.0,0.0,0.0,0.0,0.0,0.0,0.0,0.0,0.0,0.0,0.0,0.20203050891044216,0.0,0.0,0.16448792373994225,0.0,0.0,0.0,0.0,0.04550157551932901,0.0,0.20965696734438366,0.0,0.0,0.0,0.0,0.0,0.12104550653376049,0.0,0.0,0.0,0.0,0.0,0.0,0.0,0.0,0.12344267996967354,0.0,0.0,0.0,0.0,0.0,0.18516401995451032,0.0,0.19920476822239894,0.0,0.0,0.0,0.0,0.27914526311954124,0.0,0.12344267996967354,0.0,0.3086066999241838,0.0,0.0,0.0,0.0,0.030860669992418384,0.0,0.25197631533948484,0.0,0.09258200997725516,0.0,0.0,0.0,0.0,0.0,0.0,0.0,0.0,0.0,0.20701966780270625,0.0,0.0,0.0,0.20203050891044216,0.12344267996967354,0.0,0.0,0.0,0.17937400083354382,0.0,0.0,0.0,0.0,0.0,0.18898223650461363,0.0,0.0,0.0,0.0,0.0,0.1543033499620919,0.0,0.0,0.0,0.0,0.19518001458970663,0.0,0.0,0.0,0.0,0.0,0.0,0.06988565578146122,0.06299407883487121,0.030860669992418384,0.0,0.0,0.0,0.0,0.0,0.3703280399090206,0.0,0.0,0.0,0.0,0.03217447260438935,0.0,0.0,0.0,0.0,0.35874800166708765,0.19738550848793068,0.0,0.0,0.19738550848793068,0.0,0.0,0.0,0.0,0.0,0.0,0.0,0.15430334996209194,0.3241763593892431,0.0657951694959769,0.0,0.0,0.0,0.0,0.0,0.0,0.0,0.0,0.10286889997472795,0.09258200997725516,0.0,0.0,0.0,0.0,0.0,0.0,0.0,0.0,0.0,0.0,0.0,0.030860669992418384,0.20261022461827694,0.0,0.0,0.0,0.0,0.0,0.2831969301619155,0.0,0.0,0.0,0.15430334996209194,0.0,0.0,0.0,0.0,0.0,0.0,0.17937400083354382,0.0,0.0,0.0
herb131,0.08318903308077029,0.0,0.0,0.0,0.0,0.0,0.0,0.0,0.06063390625908324,0.0,0.0,0.0,0.0,0.0,0.0,0.4451319072597257,0.0,0.0,0.0,0.0,0.0,0.0,0.0,0.0,0.08856148855400953,0.06859943405700353,0.0,0.0,0.04428074427700476,0.03537745688386125,0.0,0.034299717028501764,0.0,0.0,0.0,0.0,0.10585122480499264,0.0,0.07397267214553091,0.0,0.0,0.040996003084539386,0.0,0.0,0.04428074427700476,0.0,0.0,0.0,0.0,0.0,0.0,0.034299717028501764,0.11764705882352941,0.0,0.0,0.0,0.0,0.0,0.0,0.0,0.0,0.0,0.0,0.0,0.0,0.0,0.0,0.0,0.0,0.0,0.0,0.0,0.0,0.04042260417272216,0.0,0.0,0.05564148840746572,0.06262242910851494,0.0,0.0,0.0,0.034299717028501764,0.034299717028501764,0.0,0.06063390625908324,0.0,0.0,0.0,0.0,0.0,0.06859943405700353,0.06859943405700353,0.07151985398521515,0.0,0.11095900821829636,0.042874646285627205,0.0,0.0,0.0,0.0,0.04356068418690321,0.0,0.0,0.0,0.036155076303109365,0.0,0.0,0.0,0.9999999999999999,0.10585122480499264,0.0,0.0,0.0,0.0,0.0,0.0,0.0,0.04042260417272216,0.0,0.0,0.0,0.0,0.0,0.0,0.0,0.0,0.0,0.0,0.0,0.0,0.03575992699260758,0.0,0.0,0.0,0.0,0.05716619504750295,0.0,0.05170876899950191,0.0,0.0,0.0,0.0,0.0,0.0,0.0,0.0,0.0,0.0,0.0,0.0,0.048507125007266595,0.0,0.0,0.0,0.0,0.0,0.0,0.0,0.0,0.0,0.0,0.0,0.06726727939963124,0.0,0.0,0.0,0.05170876899950191,0.0,0.0,0.0,0.0,0.0,0.0,0.034299717028501764,0.0,0.0,0.0,0.3465516400418361,0.10846522890932808,0.10289915108550529,0.05423261445466404,0.0,0.0,0.036563621206356534,0.0,0.0,0.0,0.0,0.24009801919951235,0.0,0.06859943405700353,0.0,0.17149858514250882,0.3704792868174742,0.0,0.0,0.0,0.0,0.0,0.034299717028501764,0.40360367639778744,0.0,0.2656844656620286,0.0,0.0,0.034299717028501764,0.0,0.0,0.0,0.0,0.0,0.0,0.0,0.03742405942825599,0.0,0.0,0.0,0.0,0.0,0.0,0.0,0.0,0.0,0.0,0.03500700210070025,0.09007546982220899,0.0,0.28539089649269644,0.036155076303109365,0.2193817272381392,0.0,0.0,0.0,0.06262242910851494,0.0,0.0,0.0,0.0,0.0,0.0,0.0,0.04428074427700476,0.07767356373806174,0.0,0.0,0.0,0.0,0.0,0.1455213750217998,0.0,0.0,0.0,0.04583492485141056,0.06859943405700353,0.0,0.0,0.0,0.0,0.0,0.0,0.0,0.0,0.0,0.048507125007266595,0.0,0.0,0.0,0.0,0.0,0.04428074427700476,0.05292561240249632,0.05170876899950191,0.0,0.0,0.0,0.0,0.0,0.0,0.04222003309207491,0.0,0.08318903308077029,0.0,0.0,0.05716619504750295,0.0,0.0,0.0,0.0,0.05716619504750295,0.0,0.03742405942825599,0.06726727939963124,0.1517165212272521,0.20579830217101058,0.0,0.27910827799011495,0.0,0.0,0.07669649888473705,0.0,0.0,0.034299717028501764,0.0,0.0,0.0,0.0,0.0,0.0,0.03464794643376185,0.04222003309207491,0.0,0.0,0.0,0.0,0.0,0.0,0.03575992699260758,0.0
herb132,0.0,0.06506000486323556,0.07838618016696206,0.0,0.0,0.0,0.0,0.0,0.0,0.0,0.0,0.0,0.0,0.06734350297014739,0.06172133998483677,0.0,0.062347968638854966,0.0,0.0,0.07079923254047887,0.0,0.0,0.0,0.10350983390135313,0.0,0.1851640199545103,0.0,0.0,0.0,0.0,0.06172133998483677,0.0,0.06172133998483677,0.07838618016696206,0.043643578047198484,0.0,0.04761904761904762,0.0,0.5657245767937634,0.0,0.0,0.0,0.08559209850218259,0.06172133998483677,0.0,0.0,0.0,0.0,0.1091089451179962,0.0,0.0,0.0,0.10585122480499264,0.0681598176590997,0.0,0.12344267996967354,0.0,0.0,0.0,0.0,0.0,0.0,0.08247860988423225,0.0,0.0,0.2160246899469287,0.0,0.0,0.0,0.07273929674533079,0.09100315103865803,0.0,0.0,0.0,0.07838618016696206,0.0,0.0,0.0,0.0,0.0,0.0,0.0,0.0,0.0,0.0,0.0,0.12156613477096617,0.0,0.0,0.0,0.49377071987869414,0.27774602993176545,0.3217447260438935,0.0,0.5657245767937634,0.0,0.0,0.29095718698132317,0.0,0.0,0.0,0.0,0.0,0.0,0.0,0.0,0.04879500364742666,0.04761904761904762,0.10585122480499264,1.0000000000000002,0.0,0.06172133998483677,0.0,0.0,0.0,0.10585122480499264,0.14285714285714288,0.0,0.0,0.10012523486435176,0.10910894511799618,0.0,0.0,0.0,0.1126872339638022,0.09523809523809525,0.0,0.03217447260438935,0.0,0.0,0.0,0.0,0.24939187455541986,0.0,0.04052204492365539,0.0,0.0,0.0,0.0,0.0,0.0,0.0,0.0,0.0,0.0,0.0,0.0,0.0,0.0,0.27774602993176545,0.0,0.0,0.0,0.0,0.030860669992418384,0.03919309008348103,0.04550157551932901,0.0,0.0,0.0,0.0,0.0,0.0,0.04550157551932901,0.060522753266880246,0.0,0.04652421051992354,0.0,0.09258200997725516,0.0,0.0,0.0,0.1126872339638022,0.0,0.0,0.0,0.0,0.0,0.0,0.12344267996967354,0.0,0.0,0.09523809523809525,0.0,0.0,0.0,0.0,0.0,0.0,0.0,0.5554920598635309,0.0,0.0,0.0,0.10482848367219183,0.030860669992418384,0.030860669992418384,0.0,0.0,0.030860669992418384,0.0,0.0,0.0,0.0,0.0,0.09258200997725516,0.0,0.0,0.0,0.0,0.0,0.0,0.0,0.0,0.0,0.0,0.0,0.08728715609439697,0.0,0.0,0.11664236870396087,0.0,0.0,0.48418202613504197,0.25197631533948484,0.16208817969462155,0.08247860988423225,0.0,0.06506000486323556,0.0,0.07715167498104596,0.0,0.060522753266880246,0.0,0.07597371763975865,0.09759000729485331,0.0,0.0,0.0,0.0,0.08728715609439697,0.07968190728895957,0.20965696734438366,0.0,0.030860669992418384,0.10286889997472795,0.0,0.0,0.0,0.0,0.06172133998483677,0.0,0.0,0.4320493798938574,0.062347968638854966,0.09652341781316803,0.0,0.10482848367219183,0.03984095364447979,0.0,0.10762440050012628,0.0,0.0,0.08728715609439697,0.0,0.0,0.08399210511316162,0.0,0.0,0.0,0.09523809523809525,0.0,0.0,0.04052204492365539,0.0657951694959769,0.24688535993934707,0.0,0.39279220242478635,0.0,0.0,0.6362090102803518,0.0,0.0,0.051434449987363975,0.0,0.0,0.07484811885651196,0.0,0.0,0.0,0.0,0.0,0.0,0.0,0.10012523486435176,0.0,0.09258200997725514,0.0,0.5865557254410011,0.0,0.0,0.06172133998483677,0.07597371763975865,0.07079923254047887,0.0,0.0,0.0,0.06172133998483677,0.062347968638854966,0.0,0.0,0.08559209850218259,0.10619884881071831,0.0,0.0,0.0,0.0,0.09523809523809525
herb133,0.16169041669088866,0.03513641844631533,0.0,0.08084520834544433,0.0,0.0,0.0,0.0,0.05892556509887897,0.0,0.0,0.052704627669472995,0.0,0.0,0.2666666666666667,0.0,0.0,0.0,0.0,0.0,0.0,0.0,0.0,0.0,0.04303314829119352,0.0,0.0,0.0,0.04303314829119352,0.0,0.0,0.0,0.2,0.0,0.2357022603955159,0.0,0.0,0.0,0.0,0.09428090415820635,0.40824829046386313,0.0,0.0,0.13333333333333336,0.12909944487358055,0.0,0.0,0.0,0.0,0.0,0.0,0.10000000000000002,0.0,0.22086305214969312,0.074535599249993,0.10000000000000002,0.0,0.1781741612749496,0.0,0.04303314829119352,0.0,0.0,0.1781741612749496,0.0,0.0,0.30000000000000004,0.0,0.0,0.0,0.0,0.0,0.0,0.0,0.3142696805273545,0.0,0.0,0.0,0.0,0.0372677996249965,0.0,0.0,0.0,0.0,0.0,0.0,0.0,0.0,0.05407380704358751,0.21166687833365083,0.16666666666666669,0.0,0.16666666666666669,0.034752402342845795,0.0,0.0,0.0,0.0,0.0,0.0,0.0,0.0,0.0,0.0,0.0,0.0,0.0,0.0,0.0,0.0,0.0,1.0000000000000002,0.03333333333333334,0.0,0.0,0.0,0.0,0.0,0.0,0.0,0.0,0.0,0.0,0.18898223650461363,0.0,0.0,0.0,0.10286889997472795,0.0,0.0,0.05407380704358751,0.0,0.0,0.0,0.0,0.0,0.0,0.0,0.0,0.10050378152592121,0.0,0.0,0.1336306209562122,0.0,0.0,0.049147318718299055,0.0,0.4629100498862758,0.0,0.0727392967453308,0.0,0.0,0.0,0.0,0.0,0.2666666666666667,0.0,0.0,0.12598815766974242,0.0,0.0,0.03513641844631533,0.2581988897471611,0.0,0.0,0.0,0.0,0.0,0.0,0.0,0.0,0.11785113019775793,0.0,0.0,0.0,0.16666666666666669,0.0,0.0,0.0,0.0,0.20000000000000004,0.052704627669472995,0.08606629658238704,0.0,0.0,0.0,0.0,0.0,0.0,0.0,0.0,0.0,0.10050378152592121,0.0,0.0,0.0,0.16666666666666669,0.2666666666666667,0.0,0.0,0.06666666666666668,0.0,0.0,0.0,0.0,0.0,0.06666666666666668,0.0,0.0,0.47140452079103173,0.0,0.0,0.0,0.0,0.0,0.0,0.0,0.19611613513818404,0.0,0.0,0.03823595564509363,0.0,0.0,0.0,0.0,0.0,0.0,0.0,0.0,0.0,0.0,0.0,0.0,0.0,0.12171612389003691,0.0,0.0,0.0,0.0,0.0,0.0,0.0,0.0,0.0,0.0,0.06666666666666668,0.0,0.0,0.316227766016838,0.0,0.0,0.0,0.06666666666666668,0.0445435403187374,0.16666666666666669,0.0,0.10425720702853739,0.049147318718299055,0.0,0.0,0.0,0.07749842582921286,0.0,0.051434449987363975,0.0,0.0,0.19641855032959654,0.0,0.0,0.0,0.0,0.0,0.0,0.0,0.0,0.0,0.20000000000000004,0.0,0.32998316455372223,0.0,0.0,0.16169041669088866,0.0,0.0,0.0,0.03333333333333334,0.0,0.0,0.1143323900950059,0.0,0.0,0.0,0.0,0.0,0.0,0.3244428422615251,0.0,0.06666666666666668,0.04376881095324086,0.0,0.0,0.0,0.0,0.0,0.0,0.0,0.0,0.0,0.06666666666666668,0.0,0.0,0.0,0.0,0.0,0.0,0.0,0.1143323900950059,0.0,0.10286889997472795
herb134,0.0,0.0,0.0508000508000762,0.0,0.0,0.0,0.3753259453027345,0.0,0.0,0.0,0.0,0.03162277660168379,0.0,0.0,0.0,0.0,0.32324881425670743,0.21213203435596423,0.0,0.04588314677411236,0.047809144373375745,0.32,0.02156655464068768,0.0,0.0,0.06,0.04649905549752771,0.0,0.02581988897471611,0.10314212462587935,0.02,0.0,0.06,0.0,0.0565685424949238,0.0282842712474619,0.0,0.0,0.0,0.0,0.0,0.0,0.0,0.06,0.0,0.02,0.0,0.0,0.0,0.0,0.0,0.06,0.0,0.0,0.0,0.04,0.03922322702763681,0.0,0.0,0.0,0.03779644730092272,0.02156655464068768,0.0,0.02948839123097943,0.0,0.0,0.0,0.02208630521496931,0.0,0.0,0.0,0.0,0.0,0.0,0.0,0.0,0.0,0.0,0.42485291572496003,0.4170288281141495,0.04,0.02,0.12,0.02,0.0,0.07071067811865475,0.0,0.0,0.0,0.0,0.39999999999999997,0.0,0.0,0.0,0.0,0.0,0.04040610178208843,0.023570226039551584,0.0,0.0,0.0254000254000381,0.39999999999999997,0.44376015698018334,0.0,0.0,0.38,0.0,0.0,0.0,0.06172133998483677,0.03333333333333334,0.9999999999999999,0.0,0.0,0.43546484316145395,0.0,0.0,0.023570226039551584,0.0,0.0,0.18856180831641267,0.0,0.0,0.0,0.0,0.0,0.0,0.020851441405707476,0.0,0.0,0.0,0.0,0.060609152673132646,0.0,0.0,0.03333333333333334,0.04264014327112209,0.0,0.0,0.03162277660168379,0.08164965809277261,0.0,0.3300547988028139,0.0,0.02948839123097943,0.0,0.0,0.0,0.0,0.0,0.0,0.5330017908890261,0.0,0.0,0.04,0.0,0.0,0.0,0.36232865092627065,0.0,0.021081851067789197,0.0,0.0,0.0,0.0,0.0,0.0,0.0,0.0,0.2672612419124244,0.0,0.0,0.0,0.0,0.18,0.12939932784412608,0.39755349386944766,0.0,0.0,0.02,0.03162277660168379,0.0,0.0,0.0,0.3,0.0,0.09045340337332908,0.0,0.0,0.0,0.0,0.030151134457776358,0.02,0.0,0.0,0.06,0.0,0.3810317377662722,0.02886751345948129,0.0,0.0,0.0,0.05163977794943222,0.4302652729749463,0.0,0.0,0.08728715609439695,0.0,0.0,0.0,0.0,0.02461829819586655,0.04170288281141495,0.0,0.33999999999999997,0.0,0.0,0.0,0.04649905549752771,0.02294157338705618,0.0,0.0,0.0,0.0,0.0,0.0,0.0,0.0,0.0,0.021320071635561044,0.0,0.0,0.0,0.03651483716701107,0.0,0.0,0.0,0.04170288281141495,0.0,0.0508000508000762,0.0,0.0,0.0,0.0,0.3,0.0,0.0,0.0,0.0,0.3,0.39999999999999997,0.32,0.0,0.02,0.32324881425670743,0.0,0.0,0.0,0.0,0.1,0.0,0.021320071635561044,0.0,0.0,0.4264014327112209,0.0,0.0,0.0,0.0,0.0,0.0,0.0,0.02,0.0,0.0,0.02,0.03333333333333334,0.0,0.0,0.0,0.0,0.0,0.0,0.0,0.12000000000000001,0.0,0.04850712500726659,0.0,0.0,0.0,0.0,0.03922322702763681,0.0,0.08,0.0,0.023249527748763855,0.08,0.10504514628777804,0.0,0.0565685424949238,0.0,0.42,0.0,0.13764944032233706,0.0,0.02581988897471611,0.0,0.0,0.04040610178208843,0.07385489458759964,0.0,0.0,0.0,0.0,0.0,0.0,0.354474503897027,0.0
herb135,0.07504691899113898,0.08697707640712563,0.0,0.0,0.16539535392599136,0.04125684985035174,0.0,0.030414953233623677,0.0,0.0,0.2042109880970524,0.09784921095801634,0.3183035070396152,0.0,0.061885274775527604,0.0,0.0416757118565413,0.0,0.13193984914006274,0.023662426214015053,0.0,0.061885274775527604,0.08897681066002582,0.0,0.13315591032282686,0.0,0.11990028442779209,0.0,0.05326236412913074,0.0425531914893617,0.02062842492517587,0.0,0.061885274775527604,0.10479250341244922,0.0,0.0,0.0,0.0879598994267085,0.022244202665006454,0.0,0.0,0.0,0.0,0.02062842492517587,0.0,0.08251369970070348,0.12632278815997786,0.32616403652672105,0.0,0.06523280730534423,0.024310831916315757,0.061885274775527604,0.0,0.0,0.06918984060216639,0.02062842492517587,0.0,0.055131784641997125,0.0,0.18641827445195758,0.0,0.0,0.0,0.0,0.05239625170622461,0.061885274775527604,0.10314212462587935,0.0,0.0842151921066519,0.07293249574894728,0.030414953233623677,0.0,0.0,0.09724332766526303,0.15718875511867383,0.0,0.0,0.0,0.11531640100361064,0.10753309840483506,0.1856558243265828,0.0,0.08251369970070348,0.08251369970070348,0.0,0.0,0.08125934677318297,0.3346372407051273,0.0,0.10314212462587935,0.061885274775527604,0.0,0.021506619680967013,0.0,0.06673260799501936,0.0,0.0,0.07293249574894728,0.0,0.031098520678556143,0.05239625170622461,0.0,0.0,0.026198125853112306,0.0,0.0,0.09784921095801634,0.0,0.0,0.0,0.0,0.0,0.9999999999999999,0.0,0.0280717307022173,0.2122647413031675,0.0,0.0,0.0,0.03346372407051273,0.0,0.12439408271422457,0.038984058779272523,0.04210759605332595,0.03766217885773547,0.06366070140792304,0.09549105211188456,0.0,0.04612656040144426,0.0,0.0,0.0,0.2708921270675184,0.0,0.0,0.0,0.0,0.0,0.0,0.0,0.0,0.0,0.0,0.10039117221153819,0.0,0.0,0.09549105211188456,0.217689644749893,0.0,0.0,0.0,0.021989974856677124,0.0,0.0,0.02062842492517587,0.0,0.0,0.038984058779272523,0.0,0.0,0.0,0.07989354619369611,0.0,0.030414953233623677,0.0,0.0,0.0,0.12136700910941023,0.04125684985035174,0.0,0.1823312393723682,0.0,0.03766217885773547,0.04125684985035174,0.0,0.0,0.022780284450075735,0.0,0.0,0.061885274775527604,0.03261640365267211,0.0,0.03183035070396152,0.0,0.0,0.07098727864204515,0.1554926033927807,0.09549105211188456,0.0,0.09549105211188456,0.0,0.0,0.02062842492517587,0.0,0.0,0.02062842492517587,0.02062842492517587,0.0,0.08932370012631206,0.08251369970070348,0.0,0.0,0.0,0.0,0.0,0.02062842492517587,0.022507456830317185,0.05417289784878865,0.0,0.0,0.02306328020072213,0.0,0.043013239361934026,0.0,0.0,0.0,0.12136700910941023,0.2042109880970524,0.047960113771116836,0.0,0.038984058779272523,0.0,0.10652472825826148,0.12136700910941023,0.021053798026662976,0.0,0.0,0.0,0.0,0.0,0.0,0.0,0.0,0.0,0.0,0.0,0.11442591353812462,0.0,0.20227834851568371,0.0,0.029172998299578912,0.02663118206456537,0.023357091793352585,0.0,0.02062842492517587,0.0,0.0,0.0,0.0,0.0,0.0,0.0,0.16539535392599136,0.0,0.02083785592827065,0.021506619680967013,0.15207476616811838,0.0,0.05326236412913074,0.04125684985035174,0.0,0.0,0.0,0.0,0.0,0.0,0.0561434614044346,0.2831896879219572,0.0,0.0,0.0,0.0,0.08251369970070348,0.0,0.0879598994267085,0.061885274775527604,0.0,0.0,0.025391835805951283,0.0,0.0,0.13837968120433278,0.0,0.0,0.061885274775527604,0.0,0.025015639663712994,0.0,0.0,0.0,0.0,0.0,0.0,0.08251369970070348,0.03346372407051273,0.0,0.02062842492517587,0.1083457956975773,0.0,0.11669199319831565,0.0,0.0,0.0,0.0,0.0,0.10652472825826148,0.021506619680967013,0.02062842492517587,0.0,0.0,0.0,0.0,0.0,0.0,0.0,0.0,0.06451985904290104,0.0
herb136,0.0,0.0,0.0,0.600245047998781,0.0,0.0,0.0,0.0,0.0,0.10050378152592121,0.0,0.0,0.0,0.5400617248673217,0.0,0.0,0.0,0.08333333333333333,0.0,0.0,0.02817180849095055,0.0,0.050832856777534886,0.0,0.0,0.04714045207910317,0.05479966243511909,0.0,0.0,0.14586499149789456,0.0,0.0,0.04714045207910317,0.0,0.0,0.0,0.0,0.0,0.0,0.0,0.0,0.6479515952918624,0.0,0.04714045207910317,0.0,0.40069384267237695,0.0,0.0,0.041666666666666664,0.0,0.0,0.0,0.0,0.026028960314767677,0.5533985905294665,0.04714045207910317,0.0,0.0,0.25,0.0,0.0,0.0,0.0,0.0,0.0,0.07071067811865475,0.0,0.0,0.22452510468485443,0.0,0.0,0.0,0.16343011261515333,0.0,0.0,0.0,0.0,0.0,0.0,0.04914731871829904,0.0,0.0,0.07071067811865475,0.0,0.041666666666666664,0.0,0.18569533817705186,0.0,0.0,0.0,0.0,0.07071067811865475,0.0,0.0,0.0,0.0,0.5238095238095237,0.0,0.6998677123677121,0.0,0.0,0.05892556509887895,0.06537204504606134,0.0,0.0,0.11785113019775792,0.0,0.21821789023599236,0.0,0.0,0.0,0.0,0.0,1.0,0.0,0.0,0.0,0.0,0.2581988897471611,0.0,0.0,0.0,0.0,0.0,0.0,0.21821789023599236,0.21821789023599236,0.09829463743659808,0.0,0.0,0.0,0.0,0.0,0.0,0.24759378423606915,0.0,0.0,0.0,0.0,0.0,0.0,0.0314970394174356,0.024310831916315757,0.0,0.06950480468569159,0.0,0.036369648372665396,0.03553345272593507,0.6172133998483678,0.0,0.0,0.17588161767036212,0.0,0.0629940788348712,0.0,0.0,0.034752402342845795,0.0,0.16012815380508713,0.0,0.0,0.0,0.0,0.0,0.0,0.0,0.03553345272593507,0.0,0.0,0.0,0.0,0.0,0.0,0.6599663291074442,0.0,0.0,0.10411584125907071,0.0,0.0,0.1414213562373095,0.0,0.6390096504226936,0.0,0.0,0.023570226039551584,0.0,0.21320071635561041,0.0,0.4714045207910316,0.0,0.0,0.0,0.0,0.0,0.0,0.0,0.0,0.19245008972987523,0.0,0.07071067811865475,0.0,0.0,0.0,0.053376051268362375,0.0,0.0,0.0,0.0,0.0,0.6061032181989395,0.0,0.0,0.0,0.5914961748546858,0.4714045207910316,0.0,0.0,0.0,0.5753964555687505,0.0,0.0,0.0,0.0,0.0,0.5532940079733913,0.0,0.0,0.0,0.0,0.0,0.0,0.0,0.0,0.0,0.0,0.0,0.0,0.0,0.0,0.0,0.0,0.0,0.0,0.048112522432468816,0.0,0.0,0.0,0.0,0.0,0.04714045207910317,0.09428090415820634,0.0,0.0,0.0,0.047619047619047616,0.0,0.0,0.0,0.0,0.11785113019775792,0.13699915608779772,0.6281486345370074,0.0,0.0,0.15075567228888181,0.0,0.0,0.0,0.0,0.0,0.0,0.03553345272593507,0.4949747468305832,0.24759378423606915,0.0,0.0,0.0,0.0,0.0,0.05270462766947299,0.0,0.05270462766947299,0.0,0.0,0.09428090415820634,0.0,0.0,0.0,0.0,0.0,0.0,0.0,0.0,0.023570226039551584,0.0,0.08219949365267865,0.0,0.2166445612065605,0.0,0.03333333333333333,0.0,0.0,0.0,0.16222142113076254,0.0,0.0,0.0,0.6599663291074442,0.0,0.0,0.0,0.0,0.0,0.0,0.6027962867863101,0.0,0.0,0.0
herb137,0.0,0.0,0.0,0.0,0.0,0.05443310539518174,0.45400348307133254,0.0,0.0,0.0,0.0,0.04303314829119352,0.0,0.0,0.0,0.0,0.4673787893439828,0.0,0.1160517706371319,0.0,0.0,0.4082482904638631,0.05869672708837492,0.0,0.0,0.0,0.03163859985841663,0.0,0.07027283689263066,0.0842151921066519,0.0,0.0,0.02721655269759087,0.0,0.03849001794597506,0.0,0.0,0.0,0.0,0.15396007178390023,0.0,0.0,0.0,0.05443310539518174,0.0,0.16329931618554522,0.0,0.0,0.0,0.0,0.0,0.02721655269759087,0.0,0.0,0.060858061945018464,0.0,0.0,0.0,0.0,0.07027283689263066,0.0,0.0,0.0,0.0,0.0,0.0,0.0,0.030055654488914414,0.0,0.06415002990995841,0.0,0.0,0.03774256780481986,0.0,0.06913011298202835,0.0,0.0,0.0,0.48686449556014766,0.45400348307133254,0.0,0.0,0.02721655269759087,0.0,0.0,0.0,0.0,0.0,0.0,0.04536092116265145,0.43546484316145395,0.0,0.0,0.0,0.0,0.0,0.13746434980705374,0.0,0.0,0.0,0.0,0.5103103630798287,0.566138517072298,0.0,0.0,0.4082482904638631,0.0,0.0,0.0,0.0,0.0,0.43546484316145395,0.0280717307022173,0.0,1.0,0.0,0.0,0.0,0.0,0.0,0.0,0.08206099398622181,0.0,0.0,0.0,0.0,0.0,0.0,0.0,0.0,0.0,0.0,0.02749286996141075,0.0,0.0,0.04536092116265145,0.0,0.0,0.0,0.0,0.0,0.0,0.561434614044346,0.0,0.0,0.0,0.0,0.0,0.0,0.0,0.0,0.4642070825485276,0.0,0.0,0.0,0.0,0.0,0.0,0.030816677568068284,0.0,0.0,0.0,0.0,0.08025723539051281,0.0,0.02721655269759087,0.0,0.10675210253672476,0.02721655269759087,0.07273929674533079,0.09622504486493763,0.0,0.0,0.0,0.32659863237109044,0.0,0.4808904718226306,0.0,0.0,0.0,0.04303314829119352,0.0,0.0,0.0,0.3810317377662722,0.0,0.041030496993110906,0.0,0.0,0.0,0.0,0.0,0.0,0.0,0.0,0.02721655269759087,0.0,0.03703703703703704,0.0,0.0,0.0,0.0,0.0,0.4930668410890925,0.0,0.0,0.0,0.07147416898918632,0.0,0.12171612389003693,0.0,0.0,0.0,0.0,0.5443310539518175,0.0,0.0,0.0,0.03163859985841663,0.0,0.0,0.0,0.07027283689263066,0.0,0.0,0.0,0.0,0.0,0.0,0.0,0.0,0.0,0.0,0.0,0.0,0.0,0.0,0.028375217691958287,0.21350420507344955,0.0,0.0,0.0,0.0,0.0,0.4082482904638631,0.04536092116265145,0.0,0.0,0.0,0.3810317377662722,0.43546484316145395,0.4082482904638631,0.036369648372665396,0.0,0.4123930494211613,0.0,0.0,0.0,0.0,0.02721655269759087,0.0,0.029012942659282975,0.0,0.0,0.4642070825485276,0.0,0.07407407407407408,0.0,0.0,0.0,0.0,0.0,0.0,0.0,0.0,0.0,0.0,0.0,0.0,0.0,0.0,0.0,0.0,0.0,0.02721655269759087,0.0,0.0,0.0,0.0,0.0,0.0,0.0,0.0,0.10886621079036347,0.0,0.0,0.0,0.10721125348377948,0.030429030972509232,0.0,0.0,0.4082482904638631,0.0,0.0,0.0,0.0,0.056750435383916574,0.0,0.0,0.033501260508640406,0.0,0.0,0.0,0.0,0.0,0.0,0.42562826537937426,0.0
herb138,0.0,0.397705839334203,0.30492478930832245,0.0,0.09166984970282112,0.034299717028501764,0.0,0.0,0.0,0.0,0.1455213750217998,0.0,0.05292561240249632,0.2619684159977919,0.24009801919951235,0.0,0.24253562503633297,0.0,0.0,0.39344473768231686,0.0,0.13719886811400706,0.036986336072765455,0.26843774609657967,0.0,0.034299717028501764,0.15949044456578,0.0,0.0,0.0,0.24009801919951235,0.034299717028501764,0.17149858514250882,0.3484854734952257,0.0,0.0,0.0,0.0,0.29589068858212364,0.0,0.0,0.0,0.33295604590814587,0.13719886811400706,0.0,0.0,0.0,0.0,0.4244373438135827,0.0,0.04042260417272216,0.17149858514250882,0.0,0.2651439066774996,0.0,0.2743977362280141,0.0,0.0,0.0,0.0,0.0,0.0,0.3208444739598739,0.0,0.0,0.24009801919951235,0.0,0.03787770095392851,0.0,0.32338083338177726,0.4045773899393389,0.0,0.0,0.0,0.3484854734952257,0.0,0.0,0.0,0.0,0.0,0.0,0.0,0.0,0.0,0.0,0.0,0.04503773491110449,0.0,0.0,0.0,0.17149858514250882,0.034299717028501764,0.2860794159408606,0.0,0.07397267214553091,0.0,0.0,0.08084520834544431,0.0,0.0,0.0,0.0,0.0,0.0,0.0,0.0,0.05423261445466404,0.0,0.0,0.10585122480499264,0.0,0.0,0.2122647413031675,0.0,0.0,1.0,0.3704792868174742,0.0,0.0,0.4451319072597258,0.2829582292090551,0.0,0.0,0.0,0.6262242910851494,0.42340489921997054,0.0,0.0,0.0,0.0,0.0,0.0,0.2078876786025711,0.0,0.0,0.0,0.0,0.0,0.0,0.0,0.0,0.0,0.0,0.16692446522239715,0.0,0.0,0.0,0.0,0.0,0.24009801919951235,0.0,0.0,0.0,0.0,0.24009801919951235,0.04356068418690321,0.05057217374241736,0.0,0.0,0.0,0.0,0.0,0.0,0.05057217374241736,0.0,0.0,0.05170876899950191,0.0,0.20579830217101058,0.0,0.0,0.23008949665421113,0.6888467201936644,0.0,0.0,0.0,0.0,0.0,0.0,0.24009801919951235,0.0,0.0,0.42340489921997054,0.0,0.0,0.0,0.0,0.21170244960998527,0.0,0.0,0.24009801919951235,0.0,0.034299717028501764,0.0,0.27185747308321606,0.24009801919951235,0.24009801919951235,0.0,0.0,0.20579830217101058,0.0,0.0,0.0,0.0,0.0,0.2743977362280141,0.0,0.0,0.0,0.0,0.0,0.0,0.0,0.0,0.0,0.0,0.0,0.38805700005813276,0.0,0.0,0.7130240959073808,0.0,0.0,0.1345345587992625,0.0700140042014005,0.3152641443777314,0.13750477455423168,0.0,0.2530855341217656,0.0,0.0,0.0,0.06726727939963124,0.0,0.0,0.0,0.04756514941544941,0.0,0.0,0.0,0.38805700005813276,0.3542459542160381,0.31069425495224695,0.0,0.20579830217101058,0.40016336533252067,0.0,0.0,0.0,0.0,0.0,0.0,0.04583492485141056,0.034299717028501764,0.2771835714700948,0.2860794159408606,0.0,0.27185747308321606,0.04428074427700476,0.0,0.27910827799011495,0.0,0.0,0.33954987505086615,0.0,0.0,0.32673201960653564,0.269069117598525,0.0,0.0,0.3704792868174742,0.05170876899950191,0.0,0.0,0.0,0.034299717028501764,0.05716619504750295,0.09701425001453319,0.04222003309207491,0.0,0.08318903308077029,0.0,0.0,0.0,0.0,0.0,0.0,0.0,0.0,0.0,0.0,0.0,0.0,0.034299717028501764,0.4451319072597258,0.0,0.24009801919951235,0.0,0.26843774609657967,0.048507125007266595,0.0,0.0,0.29554023164452436,0.039344473768231684,0.0,0.17712297710801905,0.0,0.24009801919951235,0.0,0.0,0.0,0.33295604590814587,0.2754113163776218,0.0,0.0,0.0,0.0,0.3704792868174742
herb139,0.0,0.26024001945294223,0.2743516305843672,0.0,0.0,0.030860669992418384,0.0,0.0,0.0,0.0,0.0,0.0,0.0,0.2357022603955159,0.2160246899469287,0.0,0.24939187455541986,0.0,0.0,0.2831969301619155,0.0,0.0,0.03327791628198609,0.2760262237369417,0.0,0.030860669992418384,0.0,0.0,0.0,0.0,0.2160246899469287,0.030860669992418384,0.12344267996967354,0.2743516305843672,0.0,0.0,0.04761904761904762,0.0,0.26622333025588873,0.0,0.0,0.0,0.29957234475763905,0.09258200997725514,0.0,0.0,0.0,0.0,0.4364357804719848,0.0,0.036369648372665396,0.12344267996967354,0.0,0.2726392706363988,0.0,0.2160246899469287,0.0,0.0,0.0,0.0,0.0,0.0,0.28867513459481287,0.0,0.0,0.1851640199545103,0.0,0.03407990882954985,0.0,0.2545875386086578,0.3640126041546321,0.0,0.0,0.0,0.35273781075132926,0.0,0.0,0.0,0.0,0.0,0.0,0.0,0.0,0.0,0.0,0.0,0.08104408984731078,0.0,0.0,0.0,0.06172133998483677,0.030860669992418384,0.22522130823072545,0.0,0.06655583256397218,0.0,0.0,0.07273929674533079,0.0,0.0,0.0,0.0,0.0,0.0,0.0,0.0,0.04879500364742666,0.04761904761904762,0.0,0.14285714285714288,0.0,0.0,0.0,0.0,0.0,0.3704792868174742,1.0,0.0,0.0,0.40050093945740706,0.29095718698132317,0.0,0.0,0.0,0.3944053188733077,0.33333333333333337,0.0,0.03217447260438935,0.0,0.0,0.0,0.0,0.062347968638854966,0.0,0.04052204492365539,0.0,0.0,0.0,0.0,0.0,0.0,0.0,0.0,0.0,0.0,0.0,0.0,0.0,0.0,0.24688535993934707,0.0,0.0,0.0,0.0,0.1851640199545103,0.03919309008348103,0.04550157551932901,0.0,0.0,0.0,0.0,0.0,0.0,0.04550157551932901,0.060522753266880246,0.0,0.04652421051992354,0.0,0.18516401995451032,0.0,0.0,0.0,0.3944053188733077,0.0,0.0,0.0,0.0,0.0,0.0,0.2160246899469287,0.0,0.0,0.33333333333333337,0.0,0.0,0.0,0.0,0.0,0.0,0.0,0.27774602993176545,0.0,0.0,0.0,0.2795426231258449,0.1851640199545103,0.1851640199545103,0.0,0.0,0.1851640199545103,0.0,0.0,0.0,0.0,0.0,0.24688535993934707,0.0,0.0,0.0,0.0,0.0,0.0,0.0,0.0,0.0,0.0,0.0,0.3055050463303894,0.0,0.0,0.4082482904638631,0.0,0.0,0.12104550653376049,0.06299407883487121,0.2836543144655877,0.12371791482634838,0.0,0.39036002917941337,0.0,0.07715167498104596,0.0,0.060522753266880246,0.0,0.0,0.09759000729485331,0.0,0.0,0.0,0.0,0.3055050463303894,0.2788866755113585,0.24459979523511427,0.0,0.1543033499620919,0.3600411499115478,0.0,0.0,0.0,0.0,0.030860669992418384,0.0,0.0,0.030860669992418384,0.2182178902359924,0.2895702534395041,0.0,0.2795426231258449,0.03984095364447979,0.0,0.46637240216721393,0.0,0.0,0.34914862437758787,0.0,0.0,0.2939723678960657,0.0,0.0,0.0,0.5714285714285715,0.04652421051992354,0.0,0.04052204492365539,0.0657951694959769,0.030860669992418384,0.051434449987363975,0.08728715609439697,0.0,0.0,0.11227217828476795,0.0,0.0,0.051434449987363975,0.0,0.0,0.0,0.0,0.0,0.0,0.0,0.0,0.0,0.0,0.3504383220252312,0.0,0.1851640199545103,0.0,0.2760262237369417,0.0,0.0,0.0,0.26590801173915524,0.07079923254047887,0.0,0.0,0.0,0.3703280399090206,0.0,0.0,0.0,0.29957234475763905,0.2831969301619155,0.0,0.0,0.0,0.0,0.33333333333333337
herb140,0.2858309752375147,0.0,0.0,0.08574929257125441,0.0,0.023570226039551584,0.0,0.20851441405707477,0.0,0.0,0.0,0.0,0.0,0.0,0.0,0.0,0.0,0.0,0.0,0.027036903521793755,0.0,0.0,0.0,0.0,0.1217161238900369,0.023570226039551584,0.0,0.15075567228888181,0.1217161238900369,0.12155415958157881,0.11785113019775792,0.3299831645537222,0.023570226039551584,0.0,0.0,0.0,0.036369648372665396,0.0,0.0,0.0,0.0,0.28171808490950545,0.0,0.023570226039551584,0.30429030972509225,0.0,0.0,0.0,0.0,0.0,0.027777777777777776,0.023570226039551584,0.04042260417272216,0.0,0.0,0.04714045207910317,0.0,0.0,0.0,0.0,0.0445435403187374,0.0,0.0,0.034752402342845795,0.029934217004462485,0.0,0.0,0.052057920629535355,0.0,0.13888888888888887,0.034752402342845795,0.0,0.09805806756909201,0.1111111111111111,0.0,0.0,0.15294382258037448,0.5163977794943222,0.0,0.02457365935914952,0.04714045207910317,0.023570226039551584,0.04714045207910317,0.023570226039551584,0.0,0.16666666666666666,0.0,0.0,0.0,0.0,0.0,0.0,0.0,0.0,0.10166571355506977,0.7071067811865475,0.0,0.0,0.0,0.03553345272593507,0.11973686801784994,0.0,0.0,0.0,0.4472135954999579,0.023570226039551584,0.0,0.0,0.04042260417272216,0.0,0.0,0.023570226039551584,0.0,0.0,0.0,0.0,0.0,0.9999999999999998,0.0,0.0,0.027777777777777776,0.0,0.0,0.0,0.0,0.0,0.0,0.04914731871829904,0.0,0.0,0.2703102529506447,0.0,0.0,0.17677669529663687,0.0,0.15713484026367724,0.050251890762960605,0.0,0.0,0.0,0.09622504486493763,0.0,0.0,0.11470786693528086,0.3127716210856122,0.0,0.0,0.0,0.0,0.0,0.6333333333333333,0.0,0.0,0.0,0.0,0.0,0.0,0.0,0.0,0.0,0.0,0.0,0.6009252125773316,0.27801921874276636,0.0,0.0,0.14213381090374028,0.0,0.0,0.0,0.0,0.0,0.0,0.282842712474619,0.023570226039551584,0.0,0.0,0.2041241452319315,0.0,0.0,0.0,0.0,0.0,0.37688918072220456,0.0,0.0,0.0,0.0,0.09428090415820634,0.0,0.0,0.0,0.0,0.14547859349066158,0.0,0.023570226039551584,0.0,0.0,0.0,0.0,0.0,0.04042260417272216,0.030429030972509225,0.026688025634181187,0.0,0.3064129385141706,0.025717224993681984,0.0,0.0,0.0,0.05270462766947299,0.08703882797784893,0.0,0.28288947493050187,0.0,0.0,0.0,0.0,0.08219949365267865,0.0,0.0,0.0,0.1217161238900369,0.0,0.09622504486493764,0.0,0.0944911182523068,0.0,0.024845199749997663,0.050251890762960605,0.0,0.0,0.0,0.21516574145596756,0.3481553119113957,0.0,0.0,0.04914731871829904,0.0,0.0,0.0,0.0,0.053376051268362375,0.0,0.0,0.0,0.0,0.0,0.3333333333333333,0.0,0.0,0.0,0.0,0.0,0.023809523809523808,0.02457365935914952,0.0,0.0,0.0,0.07071067811865475,0.0,0.0,0.0,0.13333333333333333,0.0,0.0,0.0,0.0,0.0,0.30429030972509225,0.07273929674533079,0.14213381090374028,0.023570226039551584,0.0,0.0,0.0,0.07856742013183862,0.0,0.2901294265928297,0.0,0.0,0.0,0.0,0.23570226039551584,0.023570226039551584,0.0,0.057166195047502935,0.0,0.19641855032959654,0.0,0.3600411499115478,0.554700196225229,0.3822764257713037,0.04714045207910317,0.0,0.13699915608779775,0.023570226039551584,0.0,0.0,0.03333333333333333,0.0,0.44783429475148,0.0,0.0,0.17376201171422898,0.06085806194501845,0.04914731871829904,0.0,0.0,0.1160517706371319,0.0,0.0,0.0,0.1911797782254681,0.0,0.0,0.0982946374365981,0.0
herb142,0.0,0.0,0.0,0.30996520993903326,0.0,0.0,0.0,0.0,0.0,0.0,0.0,0.05773502691896257,0.0,0.19920476822239894,0.03651483716701107,0.0,0.0,0.0,0.0,0.0837707816583391,0.04364357804719847,0.0,0.039374961547907886,0.0,0.0,0.0,0.0,0.0778498944161523,0.04714045207910316,0.2636352520041483,0.0,0.0,0.07302967433402215,0.046373889576016826,0.0,0.051639777949432225,0.0,0.0,0.0,0.051639777949432225,0.0,0.2618614682831908,0.0,0.07302967433402215,0.0,0.1460593486680443,0.0,0.0,0.0,0.0,0.043033148291193514,0.0,0.0,0.0,0.2041241452319315,0.07302967433402215,0.0,0.0,0.9036961141150639,0.0,0.0,0.039374961547907886,0.0,0.0,0.0,0.10954451150103323,0.03651483716701107,0.04032389192727559,0.29814239699997197,0.0,0.0,0.0,0.2531848417709166,0.0,0.0,0.0,0.0,0.0,0.0,0.03806934938134405,0.0,0.0,0.0,0.0,0.12909944487358055,0.0,0.2876779808912304,0.0,0.0,0.0,0.0,0.10954451150103323,0.0,0.0,0.0,0.04564354645876383,0.18442777839082936,0.0,0.28284271247461895,0.0,0.0,0.0,0.0,0.0,0.0,0.10954451150103323,0.05773502691896257,0.5634361698190111,0.0,0.0,0.0,0.0,0.0,0.2581988897471611,0.0,0.0,0.0,0.0,0.9999999999999998,0.0,0.0,0.0,0.0,0.0,0.0,0.5634361698190111,0.3380617018914066,0.0,0.0,0.0,0.0,0.0,0.0,0.0,0.2876779808912304,0.0,0.0,0.0,0.05504818825631802,0.0,0.0,0.0,0.03766217885773547,0.0,0.0,0.0,0.0563436169819011,0.0,0.23904572186687872,0.0,0.0,0.19462473604038072,0.0,0.0,0.0,0.0,0.053838190205816545,0.0,0.24806946917841688,0.0,0.0,0.0,0.0,0.0,0.0,0.03651483716701107,0.0,0.0,0.0,0.0,0.0,0.0,0.0,0.1460593486680443,0.03651483716701107,0.0,0.0,0.0,0.0,0.21908902300206645,0.0,0.23570226039551578,0.1126872339638022,0.0,0.0,0.0,0.3302891295379081,0.0,0.1460593486680443,0.0,0.0,0.0,0.0,0.0,0.0,0.0,0.0,0.29814239699997197,0.05270462766947299,0.10954451150103323,0.0,0.06262242910851494,0.0,0.0,0.0,0.0,0.0,0.0,0.0,0.2449489742783178,0.0,0.0,0.0,0.23904572186687872,0.1460593486680443,0.0,0.0,0.0,0.2122381799890044,0.0,0.0,0.0,0.0,0.0,0.223606797749979,0.0,0.0,0.0,0.0,0.0,0.0,0.0,0.0,0.0,0.04494665749754947,0.0,0.0,0.0,0.0,0.0,0.0,0.0,0.0,0.0,0.0,0.0,0.0,0.0,0.0,0.03651483716701107,0.1460593486680443,0.0,0.0,0.0,0.03688555567816587,0.0,0.0,0.0,0.0,0.0,0.38202872398020793,0.27247463045653303,0.0,0.0,0.23354968324845687,0.043033148291193514,0.0,0.0,0.0,0.0,0.0,0.0,0.18257418583505536,0.2876779808912304,0.0,0.0,0.06085806194501846,0.0,0.08989331499509894,0.0,0.0,0.0,0.08606629658238703,0.0,0.10954451150103323,0.0,0.0,0.0,0.0,0.0,0.0,0.0,0.0,0.0,0.0,0.0,0.0,0.23973165074269204,0.0,0.0,0.0,0.03651483716701107,0.0,0.2513123449750173,0.0,0.0,0.0,0.18257418583505536,0.0,0.0,0.0,0.0,0.0,0.0,0.2122381799890044,0.0,0.0,0.0
herb143,0.0,0.2393949488198693,0.2884299752006152,0.0,0.0,0.29199855803537256,0.0,0.0,0.0,0.0,0.0,0.0,0.0,0.24779731389167603,0.22710998958306752,0.0,0.4916051440083466,0.0,0.0,0.33494531740415406,0.0,0.0,0.03498557142706597,0.5441071875825088,0.0,0.064888568452305,0.0,0.0,0.0,0.0,0.4866642633922875,0.0324442842261525,0.16222142113076252,0.32963425737213164,0.0,0.0,0.0,0.0,0.2798845714165278,0.0,0.0,0.0,0.3149448894660933,0.12977713690461,0.0,0.0324442842261525,0.0,0.0512989176042577,0.4014775342734831,0.0,0.03823595564509362,0.16222142113076252,0.0,0.25080102736500653,0.0,0.25955427380922,0.0,0.0,0.0,0.0,0.0,0.0,0.3034884893334419,0.0,0.0,0.22710998958306752,0.0,0.3224584637550083,0.04415107856883479,0.611775290321498,0.3826918985879519,0.0,0.0,0.0,0.6592685147442633,0.0,0.0,0.0,0.0,0.0,0.0324442842261525,0.0,0.09733285267845751,0.0,0.0,0.0,0.042601432284230495,0.0,0.0,0.0,0.0324442842261525,0.0324442842261525,0.5412080731933906,0.0,0.06997114285413195,0.0,0.0,0.07647191129018724,0.0,0.0,0.0,0.0,0.0,0.0,0.0,0.0,0.0512989176042577,0.0,0.0,0.10012523486435176,0.0,0.0,0.03346372407051273,0.0,0.0,0.4451319072597258,0.40050093945740706,0.0,0.0,0.9999999999999998,0.30588764516074896,0.0,0.0,0.0,0.4738791022072738,0.40050093945740706,0.0,0.0,0.0,0.0,0.0,0.0,0.06554735253444621,0.0,0.0,0.0,0.0,0.0,0.0,0.0,0.0,0.0,0.0,0.0,0.0,0.0,0.0,0.0,0.0,0.22710998958306752,0.0,0.0,0.0,0.0,0.22710998958306752,0.041204282171516456,0.047836487323493986,0.0,0.0,0.0,0.0,0.0,0.0,0.047836487323493986,0.0,0.25955427380922,0.04891159880445184,0.0,0.25955427380922,0.0,0.0,0.0,0.4738791022072738,0.0,0.0,0.0,0.0,0.0,0.0,0.22710998958306752,0.0,0.0,0.40050093945740706,0.0,0.0,0.0,0.04891159880445184,0.0,0.0,0.0,0.22710998958306752,0.0,0.09733285267845751,0.0,0.5510387687779837,0.25955427380922,0.22710998958306752,0.0,0.0,0.19466570535691502,0.0,0.0,0.0,0.0,0.0,0.25955427380922,0.0,0.34081145827384396,0.0,0.0,0.0,0.0,0.0,0.0,0.0,0.0,0.0,0.3670651741928988,0.0,0.0,0.49051147158797265,0.0,0.0,0.12725695259515554,0.06622661785325219,0.29821002598961344,0.13006649542861798,0.0,0.512989176042577,0.0,0.0,0.0,0.06362847629757777,0.0,0.0,0.0,0.0,0.0,0.0,0.0,0.3670651741928988,0.6701662532667126,0.293887343348258,0.0,0.38933141071383004,0.37851664930511253,0.0,0.0,0.0,0.0,0.0,0.0,0.04335549847620599,0.0324442842261525,0.26218941013778485,0.3044295411712822,0.0,0.293887343348258,0.04188539082916955,0.0,0.26401000024165,0.0,0.0,0.32118202741878643,0.0,0.0,0.30905754998184354,0.0,0.0,0.0,0.3504383220252312,0.04891159880445184,0.0,0.0,0.0,0.0324442842261525,0.05407380704358751,0.0917662935482247,0.0,0.0,0.07868894753646336,0.0,0.0,0.0,0.0,0.5078333750770081,0.03934447376823168,0.0,0.0,0.0,0.0,0.0,0.0,0.0324442842261525,0.4210526315789473,0.0,0.25955427380922,0.0,0.25391668753850405,0.0,0.0,0.0,0.5990422978731539,0.03721614637823934,0.0,0.0,0.0,0.22710998958306752,0.0,0.3194892255323487,0.0,0.3149448894660933,0.2605130246476754,0.0,0.0,0.0,0.0,0.3504383220252312
herb144,0.0,0.17391639824998364,0.20953951903123738,0.0,0.0,0.21213203435596426,0.0,0.10425720702853739,0.0,0.0,0.0,0.0,0.0,0.1800205749557739,0.35355339059327373,0.0,0.19047619047619047,0.24999999999999997,0.0,0.3785166493051126,0.0,0.0,0.2541642838876744,0.5270462766947299,0.0,0.07071067811865475,0.0,0.0,0.0,0.0,0.40069384267237695,0.21213203435596426,0.09428090415820634,0.20953951903123738,0.06666666666666667,0.0,0.0,0.0,0.5083285677753488,0.0,0.0,0.0,0.22880215766121467,0.07071067811865475,0.0,0.023570226039551584,0.0,0.03726779962499649,0.29166666666666663,0.0,0.25,0.1414213562373095,0.0,0.18220272220337375,0.0,0.2592724864350674,0.0,0.0,0.0,0.0,0.0445435403187374,0.0,0.2204792759220492,0.034752402342845795,0.0,0.1414213562373095,0.0,0.33837648409197985,0.032075014954979206,0.19444444444444445,0.27801921874276636,0.0,0.0,0.0,0.23947373603569988,0.0,0.11470786693528086,0.0,0.0,0.02457365935914952,0.023570226039551584,0.0,0.04714045207910317,0.0,0.08333333333333333,0.08333333333333333,0.12379689211803457,0.0,0.0,0.0,0.04714045207910317,0.023570226039551584,0.17201561551404665,0.0,0.1270821419438372,0.05892556509887895,0.0,0.05555555555555555,0.09128709291752768,0.0,0.0,0.0,0.0,0.0,0.0,0.0,0.03726779962499649,0.0,0.0,0.10910894511799618,0.0,0.18856180831641267,0.0,0.0,0.0,0.2829582292090551,0.29095718698132317,0.027777777777777776,0.0,0.30588764516074896,0.9999999999999999,0.0,0.0,0.0,0.3012320380383546,0.2545875386086578,0.0,0.0,0.0,0.0,0.04914731871829904,0.0,0.047619047619047616,0.0,0.0,0.0,0.050251890762960605,0.0,0.0,0.0,0.09622504486493763,0.0,0.0,0.0,0.10425720702853739,0.0,0.0,0.0,0.0,0.44783429475148007,0.0,0.0,0.16666666666666666,0.0,0.1414213562373095,0.029934217004462485,0.034752402342845795,0.0,0.0,0.0,0.0,0.0,0.0,0.10425720702853739,0.0,0.0,0.03553345272593507,0.0,0.3064129385141706,0.0,0.0,0.0,0.3012320380383546,0.0,0.0,0.0,0.0,0.0,0.0,0.1649915822768611,0.0,0.0,0.363696483726654,0.0,0.0,0.0,0.03553345272593507,0.036369648372665396,0.0,0.0,0.4714045207910317,0.0,0.04714045207910317,0.0,0.5337605126836238,0.1649915822768611,0.1414213562373095,0.0,0.0,0.1414213562373095,0.0,0.12126781251816647,0.030429030972509225,0.0,0.0,0.1649915822768611,0.0,0.0,0.0,0.0,0.07905694150420949,0.0,0.0,0.0,0.0,0.0,0.0,0.23333333333333334,0.0,0.08111071056538127,0.31180478223116176,0.0,0.06085806194501845,0.09245003270420485,0.048112522432468816,0.2166445612065605,0.34646743359179155,0.0,0.1987615979999813,0.025125945381480302,0.0,0.0,0.1849000654084097,0.043033148291193514,0.08703882797784893,0.0,0.0,0.0,0.0,0.0,0.23333333333333334,0.21300321680756457,0.4803844614152614,0.048112522432468816,0.23570226039551584,0.3142696805273545,0.0,0.0,0.06666666666666667,0.07071067811865475,0.04714045207910317,0.0,0.0314970394174356,0.11785113019775792,0.16666666666666666,0.49147318718299043,0.0,0.5070724870494426,0.030429030972509225,0.023570226039551584,0.21919864974047637,0.0,0.0,0.26666666666666666,0.0,0.0,0.22452510468485445,0.0,0.0,0.06085806194501845,0.29095718698132317,0.3198010745334156,0.07071067811865475,0.0,0.0,0.04714045207910317,0.3928371006591931,0.13333333333333333,0.05802588531856595,0.0,0.14291548761875733,0.0,0.1111111111111111,0.0,0.04714045207910317,0.0,0.22866478019001174,0.0,0.0,0.0,0.0,0.09245003270420485,0.10425720702853739,0.0,0.2676516895156553,0.027399831217559546,0.21213203435596426,0.0,0.4743416490252569,0.1,0.0,0.04714045207910317,0.20309059861498083,0.3514797457833188,0.0,0.030429030972509225,0.0,0.18856180831641267,0.0,0.0,0.0,0.22880215766121467,0.4596273598704939,0.0,0.0,0.0,0.0,0.2545875386086578
herb145,0.1462544848254261,0.0,0.0,0.10969086361906957,0.0,0.09045340337332908,0.0,0.0,0.0,0.0,0.0,0.0,0.04652421051992354,0.09869275424396534,0.0,0.0,0.09137173558097589,0.0,0.12856486930664499,0.0,0.0,0.09045340337332908,0.22758963106682423,0.0,0.0,0.0,0.0,0.0,0.11677484162422842,0.09329556203566843,0.0,0.0,0.0,0.0,0.0,0.0,0.0,0.0,0.0,0.0,0.20515248496555455,0.0,0.0,0.1507556722888818,0.03892494720807614,0.12060453783110543,0.0,0.0,0.0,0.0,0.0,0.030151134457776358,0.0,0.0,0.16854996561581048,0.0,0.0,0.24174688920761406,0.0,0.11677484162422842,0.0,0.19507682662870648,0.12087344460380703,0.0,0.0,0.0,0.030151134457776358,0.03329635791060134,0.0,0.10660035817780521,0.0,0.1484539238050411,0.0,0.14213381090374028,0.1531679162134967,0.0,0.0,0.0,0.0,0.0,0.030151134457776358,0.0,0.030151134457776358,0.030151134457776358,0.0,0.0,0.0,0.0,0.1914598952668709,0.050251890762960605,0.0,0.030151134457776358,0.0,0.0,0.03251280443811775,0.0,0.0,0.0,0.0,0.0,0.03829197905337418,0.0,0.0,0.0,0.0,0.0,0.0,0.0,0.0,0.0,0.0,0.0,0.12439408271422457,0.0,0.08206099398622181,0.0,0.0,0.0,0.0,0.0,0.0,0.9999999999999999,0.0,0.0,0.0,0.0,0.0,0.0,0.0,0.0,0.0,0.0,0.030457245193658628,0.0,0.15836151649297914,0.0,0.0,0.1818181818181818,0.45454545454545453,0.0,0.0,0.16116459280507603,0.0,0.0,0.0,0.0,0.0,0.04545454545454545,0.03289758474798845,0.0,0.0,0.0,0.0,0.0,0.12060453783110543,0.0,0.0,0.1709408646894569,0.0,0.1818181818181818,0.0,0.0,0.0,0.08891084489487741,0.0,0.1507556722888818,0.0,0.23652495839563303,0.060302268915552716,0.0,0.10660035817780521,0.0,0.0,0.0,0.0,0.0,0.0,0.0,0.0,0.060302268915552716,0.04767312946227961,0.11677484162422842,0.0,0.0,0.12060453783110543,0.27668578554642986,0.0,0.18609684207969415,0.0,0.0,0.0,0.0,0.030151134457776358,0.0,0.0,0.0,0.21105794120443452,0.0,0.04351941398892446,0.030151134457776358,0.0,0.0,0.0,0.0,0.04891159880445184,0.0,0.0,0.11877113736973435,0.0,0.0,0.0,0.0,0.0,0.0,0.0,0.0,0.0,0.0,0.10514994558491725,0.0,0.0,0.0,0.19462473604038072,0.0,0.030772872744833184,0.0,0.0,0.0,0.0,0.0,0.0,0.0,0.0,0.0,0.0,0.0,0.2508726030021272,0.03143473067309657,0.0,0.4212117695871159,0.0,0.0,0.0,0.0,0.030151134457776358,0.050251890762960605,0.3481553119113957,0.0,0.0,0.1507556722888818,0.0,0.1507556722888818,0.08058229640253801,0.0,0.0,0.0,0.0,0.0,0.19462473604038072,0.0,0.1752499093081954,0.0,0.0,0.17056057308448835,0.0,0.0,0.12309149097933272,0.0,0.0,0.0,0.0,0.0,0.0,0.15836151649297914,0.0,0.0,0.0,0.0,0.0,0.0,0.0,0.0,0.0,0.0,0.0,0.0,0.03656362120635653,0.20683507599800763,0.0,0.0,0.0,0.0,0.0,0.060302268915552716,0.0,0.0,0.0,0.15836151649297914,0.0337099931231621,0.0,0.0,0.0,0.0,0.0,0.0,0.0,0.06286946134619315,0.030151134457776358,0.0,0.0,0.1818181818181818,0.0,0.0,0.0,0.0,0.20683507599800763,0.0,0.18609684207969415
herb146,0.13750477455423168,0.0,0.0,0.09166984970282112,0.0,0.0,0.0,0.0,0.0668153104781061,0.0,0.0,0.0,0.0,0.0,0.11338934190276817,0.0,0.0,0.0668153104781061,0.0,0.0,0.0,0.0,0.0,0.0,0.0,0.0,0.0,0.0,0.0,0.0,0.0,0.0,0.07559289460184544,0.0,0.053452248382484885,0.0,0.0,0.0,0.0,0.053452248382484885,0.15430334996209194,0.0,0.0,0.0,0.09759000729485331,0.0,0.0,0.0,0.0668153104781061,0.11952286093343936,0.0,0.11338934190276817,0.0,0.08347838711296822,0.1267731382092775,0.03779644730092272,0.0,0.20203050891044214,0.0,0.0,0.0,0.0,0.10101525445522107,0.0,0.0,0.11338934190276817,0.0,0.0,0.0,0.0,0.0,0.0,0.0,0.1336306209562122,0.0,0.0,0.0,0.0,0.0,0.0,0.03779644730092272,0.0,0.0,0.0,0.0,0.0,0.0,0.0,0.048001536073731935,0.12598815766974242,0.0,0.03779644730092272,0.0,0.0,0.04075695729696112,0.0,0.038180177416060626,0.0,0.0,0.0,0.0,0.0,0.0,0.0,0.0,0.0,0.0,0.0,0.0,0.0,0.18898223650461363,0.0,0.038984058779272523,0.0,0.0,0.0,0.0,0.0,0.0,0.0,0.0,0.0,1.0,0.07715167498104597,0.0,0.0,0.11664236870396087,0.0,0.0,0.0,0.0,0.11952286093343936,0.0,0.0,0.0,0.0,0.0,0.0,0.05698028822981897,0.0,0.0,0.10101525445522107,0.0,0.0,0.0,0.0,0.058321184351980436,0.0,0.08247860988423225,0.0,0.0,0.0,0.0,0.10101525445522107,0.11338934190276817,0.0,0.0,0.14285714285714288,0.0,0.0,0.0,0.04879500364742666,0.0,0.0,0.07412493166611013,0.0,0.0,0.0,0.0,0.0,0.2004459314343183,0.0,0.0,0.0,0.03779644730092272,0.0,0.0,0.0,0.0,0.03779644730092272,0.0,0.09759000729485331,0.0,0.0,0.0,0.0,0.0,0.0,0.0,0.0,0.0,0.05698028822981897,0.0,0.0,0.0,0.03779644730092272,0.11338934190276817,0.0,0.0,0.03779644730092272,0.0,0.0,0.0,0.0,0.0,0.03779644730092272,0.0,0.0,0.0,0.0,0.0,0.0,0.0,0.0,0.0,0.0,0.07412493166611013,0.0,0.0,0.0,0.0,0.0,0.0,0.0,0.0,0.0,0.0,0.0,0.0,0.0,0.0,0.0,0.0,0.13801311186847084,0.0,0.0,0.0,0.0,0.0,0.0,0.0,0.0,0.0,0.0,0.0,0.0,0.0,0.05976143046671968,0.0,0.0,0.0,0.07559289460184544,0.0,0.07559289460184544,0.0,0.0,0.0,0.0,0.0,0.0,0.08787495503274936,0.0,0.0,0.0,0.0,0.0890870806374748,0.0,0.0,0.0,0.0,0.0,0.0,0.0,0.0,0.0,0.03779644730092272,0.0,0.053452248382484885,0.0,0.0,0.09166984970282112,0.08451542547285167,0.0,0.0,0.0,0.0,0.0,0.12964074471043288,0.0,0.0,0.0,0.0,0.0,0.0,0.06131393394849658,0.0,0.03779644730092272,0.0,0.0,0.0,0.0,0.0,0.0,0.0,0.0,0.0,0.0,0.07559289460184544,0.0,0.0,0.0,0.0,0.0,0.0,0.0,0.12964074471043288,0.0,0.11664236870396087
herb147,0.0,0.0,0.0,0.0,0.0,0.0,0.0,0.0,0.0,0.0,0.05773502691896259,0.0,0.06299407883487121,0.0,0.0,0.0,0.0,0.0,0.0,0.0,0.0,0.0,0.0,0.0,0.0,0.0,0.0,0.0,0.0,0.0,0.0,0.0,0.0,0.0,0.0,0.0,0.0,0.0,0.0,0.0,0.0,0.0,0.0,0.0,0.0,0.0,0.0,0.0,0.0,0.0,0.0,0.0,0.0,0.0,0.0,0.0,0.0,0.1091089451179962,0.0,0.0,0.0,0.0,0.0,0.0,0.0,0.0,0.0,0.0,0.0,0.0,0.0,0.0,0.0,0.0,0.05184758473652127,0.0,0.0,0.0,0.0,0.0,0.040824829046386304,0.0,0.0,0.0,0.0,0.0,0.0,0.0,0.0,0.0,0.0,0.0,0.0,0.0,0.0,0.0,0.0,0.0,0.0,0.0,0.05184758473652127,0.0,0.0,0.0,0.0,0.0,0.0,0.0,0.0,0.0,0.0,0.0,0.04210759605332595,0.0,0.0,0.0,0.0,0.0,0.0,0.0,0.0,0.0,0.07715167498104597,1.0000000000000002,0.0,0.0,0.0,0.0,0.0,0.0,0.0,0.0,0.04123930494211613,0.0,0.0,0.0,0.0,0.0,0.0,0.0,0.0,0.0,0.0,0.0,0.0,0.0,0.0,0.06154574548966637,0.0,0.0,0.0,0.0,0.0,0.0,0.0,0.0,0.0,0.0,0.0,0.0,0.0,0.0,0.0,0.0,0.0,0.0,0.0,0.0,0.0,0.0,0.0,0.0,0.0,0.0,0.0,0.0,0.0,0.0,0.0,0.0,0.0,0.0,0.0,0.0,0.0,0.0,0.0,0.0,0.0,0.0,0.0,0.0,0.0,0.0,0.0,0.0,0.0,0.0,0.058925565098878974,0.0,0.0,0.0,0.0,0.0,0.0,0.0,0.0,0.0,0.0,0.0,0.0,0.0,0.0,0.0,0.0,0.0,0.0,0.0,0.0,0.0,0.0,0.0,0.0,0.0,0.0,0.0,0.0,0.0,0.0,0.0,0.0,0.0,0.0,0.0,0.0,0.0,0.0,0.0,0.0,0.0,0.0,0.0,0.0,0.0,0.0,0.0,0.0,0.0,0.0,0.0,0.0,0.0,0.0,0.0,0.0,0.0,0.0,0.0,0.052704627669472995,0.0,0.0,0.0,0.0,0.0,0.0,0.0,0.0,0.0,0.0,0.0,0.0,0.0,0.0,0.0,0.0,0.0,0.0,0.0,0.0,0.0,0.0,0.0,0.0,0.0,0.0,0.0,0.0,0.0,0.0,0.0,0.0,0.0,0.0,0.0,0.0,0.0,0.0,0.05360562674188975,0.0,0.0,0.0,0.0,0.0,0.0,0.0,0.0,0.0,0.0,0.0,0.0,0.0,0.0,0.0,0.0,0.0,0.0,0.0,0.0
herb148,0.0,0.26943012562182533,0.32461722703211776,0.0,0.0,0.03651483716701107,0.0,0.0,0.0,0.0,0.0,0.0,0.0,0.2788866755113585,0.2556038601690775,0.0,0.2581988897471611,0.0,0.0,0.460739299120865,0.0,0.0,0.039374961547907886,0.2857738033247041,0.0,0.03651483716701107,0.0,0.0,0.0,0.0,0.2556038601690775,0.03651483716701107,0.18257418583505536,0.3709911166081346,0.0,0.0,0.0,0.0,0.3149996923832631,0.0,0.0,0.0,0.35445877847928325,0.1460593486680443,0.0,0.0,0.0,0.0,0.4518480570575319,0.0,0.043033148291193514,0.18257418583505536,0.0,0.28226724349092913,0.0,0.2921186973360886,0.0,0.0,0.0,0.0,0.0,0.0,0.34156502553198653,0.0,0.0,0.2556038601690775,0.0,0.04032389192727559,0.0,0.3442651863295481,0.43070552164653236,0.0,0.0,0.0,0.3709911166081346,0.0,0.0,0.0,0.0,0.0,0.0,0.0,0.0,0.0,0.0,0.0,0.047946330148538406,0.0,0.0,0.0,0.03651483716701107,0.03651483716701107,0.3045547950507524,0.0,0.07874992309581577,0.0,0.0,0.08606629658238703,0.0,0.0,0.0,0.0,0.0,0.0,0.0,0.0,0.05773502691896257,0.0,0.0,0.1126872339638022,0.0,0.0,0.03766217885773547,0.0,0.0,0.6262242910851494,0.3944053188733077,0.0,0.0,0.4738791022072738,0.3012320380383546,0.0,0.0,0.0,0.9999999999999998,0.4507489358552088,0.0,0.0,0.0,0.0,0.0,0.0,0.07377111135633174,0.0,0.0,0.0,0.23354968324845687,0.0,0.0,0.0,0.0,0.0,0.0,0.0,0.0,0.0,0.0,0.0,0.0,0.2556038601690775,0.0,0.0,0.0,0.0,0.2556038601690775,0.046373889576016826,0.053838190205816545,0.0,0.0,0.0,0.0,0.0,0.0,0.053838190205816545,0.0,0.0,0.05504818825631802,0.0,0.21908902300206642,0.0,0.0,0.3265986323710904,0.9333333333333331,0.0,0.0,0.0,0.0,0.0,0.0,0.2556038601690775,0.0,0.0,0.4507489358552088,0.0,0.0,0.12565617248750865,0.0,0.0,0.0,0.0,0.2556038601690775,0.0,0.03651483716701107,0.0,0.28941438070815306,0.2556038601690775,0.2556038601690775,0.0,0.0,0.21908902300206642,0.0,0.0,0.0,0.0,0.0,0.2921186973360886,0.0,0.0,0.0,0.0,0.0,0.0,0.0,0.0,0.0,0.0,0.0,0.41311822359545775,0.0,0.0,0.8970852271450606,0.0,0.0,0.14322297480788657,0.07453559924999299,0.33562431103976886,0.14638501094227996,0.0,0.26943012562182533,0.0,0.0,0.0,0.07161148740394328,0.0,0.0,0.0,0.0,0.0,0.0,0.0,0.41311822359545775,0.3771236166328253,0.3307592922378892,0.0,0.21908902300206642,0.42600643361512924,0.0,0.0,0.0,0.0,0.0,0.0,0.04879500364742665,0.03651483716701107,0.29508444542532697,0.3045547950507524,0.0,0.28941438070815306,0.04714045207910316,0.0,0.29713345198460617,0.0,0.0,0.36147844564602555,0.0,0.0,0.3478327964999673,0.0,0.0,0.0,0.3944053188733077,0.05504818825631802,0.0,0.0,0.0,0.03651483716701107,0.06085806194501846,0.10327955589886445,0.0,0.0,0.08856148855400951,0.0,0.0,0.0,0.0,0.0,0.0,0.0,0.0,0.0,0.0,0.0,0.0,0.03651483716701107,0.4738791022072738,0.0,0.2556038601690775,0.0,0.2857738033247041,0.0,0.0,0.0,0.3146266024828463,0.04188539082916955,0.0,0.0,0.0,0.2556038601690775,0.0,0.0,0.0,0.35445877847928325,0.29319773580418684,0.0,0.0,0.0,0.0,0.3944053188733077
herb149,0.0,0.22771001702132443,0.2743516305843672,0.18712029714127992,0.0,0.030860669992418384,0.0,0.0,0.0,0.0,0.0,0.0,0.0,0.4040610178208843,0.2160246899469287,0.0,0.2182178902359924,0.0,0.0,0.2831969301619155,0.03688555567816587,0.0,0.09983374884595828,0.24152294576982397,0.0,0.030860669992418384,0.0,0.0,0.0,0.19098210422376913,0.21602468994692867,0.06172133998483677,0.21602468994692867,0.3135447206678482,0.0,0.0,0.0,0.0,0.26622333025588873,0.0,0.0,0.22131333406899523,0.34236839400873037,0.1851640199545103,0.0,0.12344267996967354,0.0,0.0,0.3818813079129867,0.0,0.07273929674533079,0.1543033499620919,0.0,0.23855936180684897,0.17251638983558854,0.27774602993176545,0.0,0.0,0.545544725589981,0.0,0.0,0.0,0.28867513459481287,0.0,0.03919309008348103,0.3086066999241838,0.0,0.03407990882954985,0.25197631533948484,0.29095718698132317,0.40951417967396114,0.0,0.21398024625545647,0.0,0.3135447206678482,0.0,0.0,0.0,0.0,0.03217447260438935,0.030860669992418384,0.0,0.0,0.0,0.0,0.0,0.28365431446558775,0.0,0.0,0.0,0.030860669992418384,0.12344267996967354,0.2573957808351148,0.0,0.06655583256397218,0.0,0.15586992159713742,0.07273929674533079,0.23904572186687872,0.0,0.0,0.0,0.0,0.0,0.0,0.09258200997725516,0.04879500364742666,0.523809523809524,0.0,0.09523809523809525,0.0,0.0,0.06366070140792304,0.21821789023599236,0.0,0.42340489921997054,0.33333333333333337,0.0,0.5634361698190111,0.40050093945740706,0.2545875386086578,0.0,0.0,0.0,0.4507489358552088,1.0000000000000002,0.28571428571428575,0.0,0.0,0.0,0.0,0.0,0.062347968638854966,0.0,0.24313226954193234,0.0,0.0,0.0,0.0,0.0,0.0,0.0,0.0,0.0,0.0,0.0,0.0,0.0,0.20203050891044216,0.2160246899469287,0.0,0.16448792373994225,0.0,0.0,0.21602468994692867,0.03919309008348103,0.09100315103865803,0.0,0.20965696734438366,0.0,0.0,0.0,0.0,0.04550157551932901,0.0,0.0,0.04652421051992354,0.0,0.21602468994692867,0.0,0.0,0.0,0.4507489358552088,0.12344267996967354,0.0,0.0,0.0,0.0,0.0,0.40118870990143896,0.0,0.19920476822239894,0.380952380952381,0.0,0.0,0.0,0.27914526311954124,0.0,0.12344267996967354,0.0,0.2160246899469287,0.0,0.030860669992418384,0.0,0.24459979523511427,0.27774602993176545,0.21602468994692867,0.25197631533948484,0.0,0.27774602993176545,0.0,0.0,0.0,0.0,0.0,0.24688535993934707,0.0,0.04052204492365539,0.0,0.20701966780270625,0.03450327796711771,0.0,0.03217447260438935,0.20203050891044216,0.12344267996967354,0.0,0.0,0.34914862437758787,0.17937400083354382,0.0,0.4665694748158435,0.0,0.0,0.12104550653376049,0.25197631533948484,0.2836543144655877,0.12371791482634838,0.0,0.22771001702132443,0.0,0.0,0.0,0.060522753266880246,0.0,0.0,0.0,0.0,0.0,0.0,0.0,0.34914862437758787,0.35856858280031806,0.2795426231258449,0.0,0.21602468994692867,0.3600411499115478,0.0,0.0,0.0,0.0,0.12344267996967354,0.0,0.041239304942116126,0.06172133998483677,0.24939187455541986,0.28957025343950415,0.0,0.24459979523511427,0.03984095364447979,0.0,0.5739968026673402,0.19738550848793068,0.04761904761904762,0.3055050463303894,0.19738550848793068,0.036369648372665396,0.2939723678960657,0.0,0.0,0.0,0.33333333333333337,0.04652421051992354,0.15430334996209194,0.24313226954193234,0.0,0.030860669992418384,0.051434449987363975,0.08728715609439697,0.0,0.0,0.07484811885651196,0.0,0.0,0.0,0.09258200997725516,0.0,0.03742405942825598,0.0,0.0,0.0,0.0,0.0,0.0,0.030860669992418384,0.40050093945740706,0.0,0.24688535993934704,0.20261022461827694,0.24152294576982397,0.043643578047198484,0.0,0.0,0.26590801173915524,0.24779731389167606,0.0,0.03984095364447979,0.03217447260438935,0.3703280399090206,0.0,0.0,0.0,0.29957234475763905,0.24779731389167606,0.0,0.17937400083354382,0.0,0.0,0.33333333333333337
herb150,0.26196841599779186,0.0,0.0,0.26196841599779186,0.0,0.0,0.0,0.0,0.0,0.0,0.13093073414159545,0.29277002188455997,0.1904761904761905,0.1683587574253685,0.2160246899469287,0.0,0.0,0.0,0.0,0.0,0.03688555567816587,0.0,0.0,0.0,0.0,0.0,0.0,0.0,0.11952286093343936,0.25464280563169217,0.0,0.0,0.12344267996967354,0.19596545041740515,0.0,0.0,0.0,0.0657951694959769,0.0,0.043643578047198484,0.08399210511316162,0.22131333406899523,0.0,0.06172133998483677,0.07968190728895957,0.15430334996209194,0.314970394174356,0.04879500364742666,0.0545544725589981,0.0,0.0,0.09258200997725516,0.0,0.0,0.3105295017040594,0.0,0.30261376633440124,0.1649572197684645,0.3273268353539886,0.0,0.0,0.0,0.08247860988423225,0.0,0.0,0.15430334996209194,0.0,0.0,0.41996052556580804,0.0,0.0,0.0,0.21398024625545647,0.29095718698132317,0.0,0.0,0.0,0.0,0.0,0.03217447260438935,0.1851640199545103,0.0,0.030860669992418384,0.0,0.0545544725589981,0.0,0.4457424941602093,0.0,0.0,0.46291004988627577,0.030860669992418384,0.09258200997725516,0.0,0.0,0.0,0.0,0.15586992159713742,0.32732683535398854,0.23904572186687872,0.0,0.07838618016696206,0.0,0.0,0.0,0.0,0.12344267996967354,0.19518001458970663,0.28571428571428575,0.0,0.0,0.10286889997472795,0.0,0.09549105211188456,0.21821789023599236,0.0,0.0,0.0,0.0,0.3380617018914066,0.0,0.0,0.0,0.11664236870396087,0.0,0.0,0.28571428571428575,1.0000000000000002,0.0643489452087787,0.0,0.0,0.0,0.0,0.12469593727770993,0.07715167498104596,0.28365431446558775,0.10286889997472795,0.0,0.0,0.0,0.0,0.0,0.1649572197684645,0.0,0.20025046972870353,0.0,0.0,0.1904761904761905,0.04652421051992354,0.30304576336566325,0.0,0.0,0.16448792373994225,0.0,0.0,0.09258200997725516,0.0,0.09100315103865803,0.1749635530559413,0.20965696734438366,0.0,0.0,0.03984095364447979,0.0,0.0,0.0,0.0,0.0,0.0,0.0,0.0,0.2182178902359924,0.0,0.0,0.15430334996209194,0.0,0.0,0.0,0.0,0.0,0.18516401995451032,0.0,0.2788866755113585,0.0,0.0,0.0,0.14159846508095775,0.32566947363946475,0.0,0.12344267996967354,0.1904761904761905,0.0,0.18609684207969415,0.0,0.0,0.0,0.0,0.09258200997725516,0.25197631533948484,0.0,0.12344267996967354,0.0,0.0,0.0,0.0,0.0,0.0,0.0,0.0,0.0545544725589981,0.20701966780270625,0.0,0.0,0.0,0.20203050891044216,0.12344267996967354,0.0,0.18156825980064073,0.0,0.2869984013336701,0.14159846508095775,0.0,0.0,0.03984095364447979,0.24209101306752098,0.25197631533948484,0.0,0.0,0.0,0.0,0.0,0.07715167498104596,0.08908708063747481,0.0,0.1690308509457033,0.0,0.0,0.08559209850218259,0.0,0.0,0.0,0.043643578047198484,0.0,0.0,0.0,0.0,0.0,0.0,0.0,0.0,0.0,0.12344267996967354,0.06172133998483677,0.041239304942116126,0.0,0.0,0.0,0.04550157551932901,0.0,0.0,0.0,0.25112360116696136,0.296078262731896,0.0,0.0,0.23028309323591914,0.0,0.0,0.18156825980064073,0.0,0.0,0.0,0.0,0.24688535993934707,0.28365431446558775,0.1315903389919538,0.09258200997725516,0.0,0.0,0.03798685881987932,0.0,0.0,0.0,0.0,0.0,0.2160246899469287,0.0,0.0,0.15877683720748895,0.0,0.0563436169819011,0.0,0.0,0.0,0.0,0.0,0.0,0.0,0.24313226954193234,0.0,0.0,0.0,0.0,0.0,0.21239769762143662,0.0,0.03984095364447979,0.0,0.24688535993934707,0.0,0.0,0.0,0.0,0.0,0.0,0.21524880100025257,0.15877683720748895,0.1286978904175574,0.14285714285714288
herb151,0.0,0.0,0.0,0.0,0.0,0.0,0.021739130434782608,0.0,0.0,0.1333662673423161,0.08846517369293828,0.2637521893583148,0.0,0.0,0.0,0.0,0.0,0.11058146711617285,0.0,0.07175473098524099,0.07476671794188401,0.020851441405707476,0.06745406256199318,0.0,0.0,0.12510864843424485,0.21815377450367382,0.0,0.1884336657203579,0.1720529574477361,0.020851441405707476,0.0,0.12510864843424485,0.0,0.0,0.0,0.09652341781316803,0.0,0.0,0.0,0.028375217691958287,0.0,0.0,0.020851441405707476,0.0,0.1668115312456598,0.0,0.0,0.036860489038724284,0.0,0.0,0.1668115312456598,0.0,0.023026564952925203,0.0,0.0834057656228299,0.12267912301642961,0.0,0.07372097807744857,0.026919095102908273,0.0,0.022484687520664393,0.0,0.0,0.026481357066618805,0.04170288281141495,0.0,0.09210625981170081,0.0,0.0,0.0,0.0,0.0,0.0,0.0,0.0,0.0,0.0,0.0,0.0,0.20851441405707474,0.020851441405707476,0.16681153124565978,0.0,0.0,0.07372097807744857,0.054758567819339354,0.0,0.0,0.0,0.06255432421712243,0.0,0.0,0.0,0.0,0.0,0.02106313659355673,0.14744195615489714,0.0,0.0,0.18536949946633163,0.20851441405707474,0.11566298639324805,0.0,0.2637521893583148,0.0834057656228299,0.0,0.0643489452087787,0.0,0.03217447260438935,0.0,0.020851441405707476,0.0,0.09829463743659808,0.0,0.0,0.03217447260438935,0.04914731871829904,0.0,0.0,0.0,0.0,0.0,0.0,0.0,0.0,0.0643489452087787,1.0,0.0,0.16912752287293456,0.0,0.0,0.04212627318711346,0.0,0.10951713563867871,0.27801921874276636,0.0,0.0,0.0,0.0,0.0,0.0,0.043013239361934026,0.06765100914917382,0.12297509238026914,0.0,0.0,0.03143473067309657,0.022750787759664503,0.0,0.0,0.044455422447438706,0.0,0.05572782125753528,0.020851441405707476,0.0,0.030743773095067286,0.0,0.0,0.0,0.0,0.026919095102908273,0.0,0.0,0.16357216402190614,0.0,0.06286946134619315,0.0,0.0,0.0,0.0,0.0,0.0,0.1876629726513673,0.06255432421712243,0.0,0.0690796948587756,0.0,0.0,0.0834057656228299,0.0,0.0,0.0,0.0,0.020851441405707476,0.0,0.0,0.0,0.0,0.09652341781316803,0.04170288281141495,0.18860838403857944,0.0,0.0,0.0,0.020851441405707476,0.020851441405707476,0.0,0.12038585308576923,0.0,0.0,0.0,0.0,0.09443843292997713,0.0,0.0,0.0,0.027379283909669677,0.036860489038724284,0.06993786061802354,0.023312620206007845,0.0,0.0,0.09100315103865801,0.020851441405707476,0.11959121830873498,0.0,0.0,0.0,0.14350946197048198,0.0,0.0,0.0,0.0,0.042562826537937436,0.0,0.0,0.0,0.0,0.0,0.15638581054280606,0.0,0.0,0.0,0.0,0.1978141420187361,0.028915746598312014,0.0,0.0,0.0,0.0,0.0,0.0,0.0,0.0,0.0,0.0,0.03296902366978935,0.0,0.04170288281141495,0.0834057656228299,0.0,0.0,0.0,0.04212627318711346,0.0,0.0,0.0,0.0,0.2919201796799047,0.024239308278185982,0.22227711223719354,0.0,0.0,0.022227711223719353,0.0,0.0,0.0,0.0,0.0,0.0,0.0,0.06255432421712243,0.10951713563867871,0.044455422447438706,0.10425720702853739,0.034752402342845795,0.0,0.0,0.04662524041201569,0.0,0.04662524041201569,0.0,0.3127716210856122,0.20851441405707477,0.0,0.025286086871208677,0.03575992699260758,0.0,0.0,0.0,0.0,0.0,0.06255432421712243,0.0,0.0,0.06255432421712243,0.054758567819339354,0.0,0.0,0.0,0.0,0.0,0.04783648732349399,0.030743773095067286,0.026919095102908273,0.0,0.04170288281141495,0.0,0.0,0.0,0.0,0.0,0.0,0.0,0.0,0.021739130434782608,0.0
herb153,0.0,0.0,0.0,0.0,0.0,0.0,0.0,0.5275043787166296,0.0,0.0,0.0632455532033676,0.0,0.0,0.0,0.0,0.0,0.0,0.0,0.09534625892455924,0.0,0.0,0.0,0.0,0.0,0.0,0.0,0.0,0.0,0.0,0.0,0.0,0.0,0.0,0.0,0.0,0.0,0.0,0.09534625892455924,0.0,0.0,0.0,0.0,0.0,0.0,0.0,0.0,0.0,0.07071067811865475,0.0,0.0,0.0,0.0,0.0,0.0,0.0,0.0,0.0,0.0,0.0,0.0,0.08451542547285167,0.0,0.0,0.0,0.0,0.0,0.0,0.0,0.0,0.0,0.0,0.0,0.0,0.10540925533894598,0.0,0.0,0.0,0.0,0.0,0.0,0.1341640786499874,0.0,0.0,0.0,0.0,0.0,0.0,0.14509525002200233,0.0,0.0,0.0,0.0,0.0,0.0,0.0,0.0,0.0,0.10540925533894598,0.0,0.6741998624632419,0.0,0.0,0.0,0.5111656508223583,0.0,0.0,0.0,0.0,0.0,0.0,0.0,0.0,0.04612656040144426,0.0,0.0,0.0,0.0,0.0,0.0,0.0,0.0,0.0,0.0,0.0,0.0,0.0,0.0,0.0,1.0,0.07254762501100116,0.0,0.0,0.09035079029052512,0.0,0.0,0.0,0.0,0.0,0.0,0.0,0.0,0.0,0.0,0.0,0.0,0.0,0.0,0.0,0.0,0.0,0.0,0.0,0.0,0.0,0.0,0.0,0.0,0.08451542547285167,0.0,0.0,0.0,0.0,0.0,0.0,0.0,0.0,0.0,0.0,0.0,0.0,0.07905694150420949,0.0,0.0,0.0,0.0,0.0,0.0,0.0,0.0,0.0,0.0,0.0,0.0,0.0,0.0,0.0,0.1348399724926484,0.0,0.0,0.0,0.0,0.0,0.0,0.0,0.0,0.0,0.0,0.0,0.12909944487358058,0.0,0.0,0.0,0.0,0.0,0.0,0.0,0.43915503282684,0.0,0.0,0.0,0.44999999999999996,0.0,0.41962716370814124,0.0,0.0,0.0,0.08770580193070293,0.1264911064067352,0.0,0.051298917604257706,0.0,0.0,0.057735026918962574,0.0,0.0,0.0,0.0,0.0,0.0,0.0,0.0,0.0,0.0,0.0,0.0,0.0,0.12403473458920847,0.3263766828841098,0.0,0.0,0.0,0.0,0.3038218101251,0.0,0.0,0.0,0.0,0.0,0.0,0.0,0.0,0.0,0.11952286093343936,0.0,0.0,0.0,0.0,0.0,0.0,0.0,0.0,0.0,0.0,0.0,0.0,0.0,0.3042903097250923,0.0,0.0,0.0,0.0,0.0,0.0,0.0,0.0,0.0,0.0,0.0,0.0,0.0,0.0,0.0,0.0,0.0,0.0,0.0,0.0,0.0,0.0,0.0,0.0,0.0,0.0,0.0,0.0,0.0,0.0,0.0,0.0,0.0,0.0,0.0,0.0,0.0,0.0,0.0,0.3263766828841098,0.0,0.0,0.0,0.0,0.0,0.0,0.0,0.0,0.0,0.0,0.0
herb154,0.0,0.03419927840283847,0.0,0.0,0.0,0.0,0.0,0.0,0.057353933467640436,0.0,0.0,0.1025978352085154,0.0,0.03539961627023943,0.0,0.0,0.0,0.0,0.0,0.0,0.0,0.0,0.0,0.0,0.0837707816583391,0.0,0.0,0.0,0.0837707816583391,0.0,0.064888568452305,0.0,0.0,0.0,0.0,0.0,0.0,0.0,0.0,0.0,0.0,0.0,0.0,0.0,0.0,0.0,0.0,0.0,0.0,0.0,0.0,0.0,0.0,0.0,0.0,0.0,0.0,0.0,0.0,0.0837707816583391,0.06131393394849658,0.0,0.0,0.0,0.0,0.0,0.0,0.0,0.0,0.0,0.0,0.0,0.0,0.0,0.0,0.0,0.42105263157894723,0.0,0.07254762501100116,0.0,0.0324442842261525,0.0,0.064888568452305,0.0,0.057353933467640436,0.0,0.0,0.05263157894736841,0.0,0.0,0.0,0.0,0.03382550457458691,0.0,0.0,0.0,0.0,0.0,0.0,0.04891159880445184,0.0,0.0,0.0,0.041204282171516456,0.0,0.0,0.0,0.0,0.0,0.0,0.05407380704358751,0.0,0.0,0.0,0.0,0.0,0.0,0.0,0.0,0.0,0.0,0.0,0.0,0.0,0.0,0.0,0.0,0.16912752287293456,0.07254762501100116,0.9999999999999998,0.2706040365966953,0.0,0.0,0.0,0.0,0.0,0.0,0.0,0.0,0.4103913408340616,0.0,0.0,0.0,0.0,0.0,0.0,0.0,0.0,0.0,0.0,0.0,0.0,0.0,0.0,0.0,0.0,0.0,0.0,0.0,0.0,0.06839855680567694,0.04188539082916955,0.0,0.0,0.0,0.0,0.0,0.0,0.0,0.0,0.0,0.0,0.0,0.0,0.0,0.0,0.0,0.0,0.0,0.0324442842261525,0.0512989176042577,0.0,0.0,0.0,0.0,0.0,0.0,0.0,0.0,0.0,0.0,0.0,0.12977713690461,0.0,0.0,0.0,0.0,0.0,0.0,0.0324442842261525,0.0,0.0,0.3350831266333564,0.0,0.0,0.0,0.03539961627023943,0.0,0.0,0.0,0.03627381250550058,0.0,0.03382550457458691,0.0,0.0,0.48380990291711146,0.0,0.0,0.0,0.07443229275647868,0.0,0.0,0.0,0.0,0.0,0.0,0.0,0.0,0.0,0.0,0.0,0.0,0.0,0.0,0.0,0.0,0.0,0.03382550457458691,0.0,0.0,0.0,0.0,0.0,0.0,0.0,0.0,0.0,0.0,0.0,0.0,0.0,0.0,0.04335549847620599,0.0,0.0,0.0,0.047836487323493986,0.0,0.0,0.0,0.0,0.0,0.0,0.0,0.0,0.0,0.04415107856883479,0.0,0.0,0.0,0.0,0.0,0.0,0.0,0.0,0.19466570535691502,0.0,0.0,0.0,0.0,0.0,0.0,0.0,0.0,0.0324442842261525,0.0,0.0,0.0,0.0,0.059234887775909226,0.0,0.0,0.0,0.0,0.0,0.3017257145618857,0.0,0.0,0.0,0.0,0.40050093945740706,0.0,0.0,0.0,0.0,0.0,0.03382550457458691,0.0,0.26218941013778485,0.0,0.0,0.0,0.0,0.0,0.0,0.0,0.0,0.0
herb158,0.1264304343560434,0.0,0.0,0.07585826061362604,0.0,0.10425720702853739,0.0,0.09223131928520185,0.0,0.0,0.0,0.0,0.0,0.0,0.0,0.0,0.0,0.0,0.0,0.0,0.0,0.0,0.0,0.0,0.10767638041163309,0.020851441405707476,0.0,0.0,0.10767638041163309,0.08602647872386805,0.16681153124565978,0.16681153124565978,0.0,0.0,0.0,0.05897678246195886,0.0643489452087787,0.0,0.0,0.0,0.0,0.2492223931396134,0.0,0.0,0.26919095102908275,0.0,0.0,0.0,0.0,0.0,0.0,0.0,0.35759926992607577,0.0,0.0,0.0834057656228299,0.0,0.0,0.0,0.0,0.0,0.0,0.0,0.0,0.0,0.0,0.10425720702853739,0.04605312990585041,0.0,0.1474419561548971,0.0,0.0,0.08674723979493604,0.0982946374365981,0.0,0.0,0.4735570640442168,0.1522773975253762,0.0,0.0,0.0,0.10425720702853739,0.06255432421712243,0.06255432421712243,0.07372097807744857,0.0,0.0,0.0,0.0,0.0,0.020851441405707476,0.0,0.0,0.03143473067309657,0.08993875008265757,0.3649002245998809,0.0,0.0,0.053838190205816545,0.0,0.10592542826647522,0.0,0.0,0.0,0.08791739645277159,0.020851441405707476,0.16484511834894675,0.0,0.03575992699260758,0.0,0.0,0.0,0.0,0.0,0.0,0.0,0.0,0.2703102529506447,0.0,0.0,0.04914731871829904,0.0,0.0,0.0,0.0,0.0,0.0,0.0,0.0,0.2706040365966953,1.0,0.0,0.0,0.15638581054280606,0.0,0.13900960937138318,0.0,0.0,0.0,0.3956282840374722,0.0,0.0,0.0,0.10147651372376074,0.06148754619013457,0.0,0.0,0.0,0.0,0.12510864843424485,0.3243723035407737,0.0,0.14744195615489714,0.0,0.0,0.13240678533309402,0.0,0.0,0.0,0.0,0.0,0.026919095102908273,0.20446520502738266,0.30743773095067284,0.0,0.0,0.1257389226923863,0.0,0.14596008983995232,0.0,0.0,0.0,0.0,0.0834057656228299,0.0,0.022484687520664393,0.0,0.18057877962865385,0.0659380473395787,0.0,0.0,0.0,0.0643489452087787,0.11113855611859677,0.0,0.0,0.0,0.0,0.0834057656228299,0.0,0.0,0.0,0.1876629726513673,0.1286978904175574,0.1180480411624714,0.020851441405707476,0.0,0.0,0.0,0.04170288281141495,0.0,0.07151985398521515,0.3230291412348993,0.0,0.0,0.20851441405707474,0.0,0.027379283909669677,0.0,0.0,0.18650096164806276,0.10266540046786908,0.021739130434782608,0.22750787759664498,0.0,0.21526419295572297,0.0,0.0,0.07271792483455794,0.04783648732349399,0.0,0.0,0.053838190205816545,0.0,0.08512565307587487,0.0,0.0,0.17349447958987207,0.13187609467915742,0.0,0.0,0.0,0.08178608201095307,0.1522773975253762,0.07699905035090181,0.0,0.0,0.021739130434782608,0.0,0.0,0.0,0.0,0.04721921646498856,0.0,0.0,0.0,0.0,0.0,0.3833490860027325,0.04170288281141495,0.0,0.0,0.0,0.0,0.0,0.10869565217391304,0.0,0.0,0.0,0.020851441405707476,0.0,0.0,0.0,0.11795356492391772,0.0,0.0,0.0,0.0,0.0,0.34994823633780764,0.0,0.1257389226923863,0.04170288281141495,0.0,0.0,0.0,0.0,0.0,0.3336625515205745,0.27975144247209416,0.0,0.0,0.09829463743659808,0.13900960937138318,0.0,0.0,0.025286086871208677,0.0,0.034752402342845795,0.0,0.136504726557987,0.4089304100547653,0.215206411665471,0.020851441405707476,0.0,0.29087169933823176,0.0,0.0,0.0,0.0,0.3860936712526722,0.27106873827419714,0.12833175058483634,0.0,0.12297509238026914,0.026919095102908273,0.021739130434782608,0.0,0.2948839123097942,0.23099715105270544,0.0,0.0,0.19134594929397597,0.0,0.0,0.0,0.08695652173913043,0.0
herb160,0.0,0.0,0.0,0.0,0.0,0.0,0.0,0.0,0.0,0.0,0.0,0.0,0.0,0.0,0.0,0.0,0.0,0.0,0.0,0.0,0.0,0.0,0.0,0.0,0.0,0.0,0.0,0.0,0.0,0.0,0.0,0.0,0.0,0.0,0.0,0.0,0.0,0.0,0.0,0.0,0.0,0.0,0.0,0.0,0.0,0.0,0.0,0.0,0.0,0.0,0.0,0.0,0.0,0.0,0.0,0.0,0.0,0.0,0.0,0.0,0.0,0.0,0.0,0.0,0.0,0.0,0.0,0.0,0.0,0.0,0.0,0.0,0.0,0.0,0.0,0.0,0.0,0.0,0.0,0.0,0.0,0.0,0.0,0.0,0.0,0.0,0.0,0.0,0.0,0.0,0.0,0.0,0.0,0.0,0.0,0.0,0.0,0.0,0.0,0.0,0.0,0.0,0.0,0.0,0.0,0.0,0.0,0.0,0.0,0.0,0.0,0.0,0.0,0.0,0.0,0.0,0.0,0.0,0.0,0.0,0.0,0.0,0.11952286093343936,0.0,0.0,0.0,0.0,0.0,0.0,0.0,0.0,0.9999999999999999,0.0,0.0,0.0,0.0,0.0,0.0,0.0,0.0,0.0,0.0,0.06523280730534423,0.0,0.0,0.0,0.0,0.0,0.0,0.0,0.0,0.0,0.0,0.0,0.0,0.0,0.0,0.0,0.0,0.0,0.0,0.0,0.0,0.0,0.0,0.0,0.0,0.0,0.0,0.0,0.0,0.0,0.0,0.0,0.0,0.0,0.0,0.0,0.0,0.0,0.0,0.0,0.0,0.0,0.0,0.0,0.0,0.0,0.0,0.0,0.0,0.0,0.0,0.0,0.0,0.0,0.0,0.0,0.0,0.0,0.0,0.0,0.0,0.0,0.0,0.0,0.0,0.0,0.0,0.0,0.0,0.0,0.0,0.0,0.0,0.0,0.0,0.0,0.0,0.0,0.0,0.0,0.0,0.0,0.0,0.0,0.0,0.0,0.0,0.0,0.0,0.0,0.0,0.0,0.0,0.0,0.0,0.0,0.0,0.0,0.0,0.0,0.0,0.0,0.0,0.10540925533894599,0.0,0.0,0.0,0.0,0.0,0.0,0.0,0.0,0.0,0.0,0.0,0.0,0.0,0.0,0.0,0.0,0.0,0.08944271909999159,0.0,0.0,0.0,0.0,0.0,0.0,0.0,0.0,0.0,0.0,0.0,0.0,0.0,0.0,0.0,0.0,0.0,0.0,0.0,0.0,0.0,0.0,0.0,0.0,0.0,0.0,0.0,0.0,0.0,0.0,0.0,0.0,0.0,0.0,0.0,0.0,0.0,0.0,0.0,0.0,0.0,0.0,0.0,0.0,0.0,0.0,0.0,0.0,0.0,0.0,0.0,0.0,0.0,0.0
herb161,0.09799919151000504,0.12777531299998798,0.07697370086861782,0.0,0.0,0.0,0.02106313659355673,0.05957554687344993,0.0,0.0,0.34285714285714286,0.15971914124998499,0.21821789023599236,0.044086671417740544,0.12121830534626528,0.0,0.04081632653061224,0.0,0.0430730492253948,0.046348977465932154,0.024147264420814756,0.08081220356417686,0.0,0.04517539514526256,0.0,0.1414213562373095,0.2818268353806125,0.0,0.02608202654786505,0.06251356778481196,0.020203050891044214,0.0,0.08081220356417686,0.1796053020267749,0.08571428571428572,0.02857142857142857,0.0,0.0861460984507896,0.1742840803801196,0.05714285714285714,0.0,0.0,0.056033181468052584,0.04040610178208843,0.0,0.020203050891044214,0.16495721976846453,0.06388765649999399,0.07142857142857142,0.0,0.0,0.060609152673132646,0.0,0.04462107482531602,0.04517539514526256,0.04040610178208843,0.03962144258751637,0.05399492471560388,0.0,0.0,0.0,0.02178551004751495,0.05399492471560388,0.0893633203101749,0.0,0.1414213562373095,0.0,0.0,0.13746434980705374,0.047619047619047616,0.05957554687344993,0.02486823656509969,0.0,0.19047619047619047,0.12828950144769635,0.0,0.0,0.0,0.04517539514526256,0.04212627318711346,0.22223355980148635,0.0,0.10101525445522107,0.0,0.0,0.0,0.13263952726932277,0.06554735253444621,0.0,0.13468700594029479,0.282842712474619,0.1414213562373095,0.1895682293420106,0.0,0.23964061052266444,0.0,0.02040816326530612,0.3571428571428571,0.0,0.060914490387317256,0.07697370086861782,0.0,0.0,0.051315800579078544,0.021295885499998,0.1414213562373095,0.15971914124998499,0.0,0.0,0.24939187455541986,0.0,0.060609152673132646,0.2708921270675184,0.0,0.02749286996141075,0.2078876786025711,0.062347968638854966,0.0,0.0,0.06554735253444621,0.047619047619047616,0.030457245193658628,0.0,0.04123930494211613,0.07377111135633174,0.062347968638854966,0.12469593727770993,0.04212627318711346,0.09035079029052512,0.0,0.0,0.0,0.9999999999999999,0.0,0.0,0.033671751485073696,0.1722921969015792,0.0,0.0,0.0,0.0,0.02699746235780194,0.02083785592827065,0.13109470506889243,0.0,0.0,0.09352195295828244,0.060914490387317256,0.0,0.18182745801939793,0.0,0.06460957383809221,0.0,0.0,0.020203050891044214,0.025657900289539272,0.029787773436724965,0.038180177416060626,0.04575090108716775,0.0,0.021295885499998,0.0,0.0,0.029787773436724965,0.0,0.0,0.030457245193658628,0.0,0.060609152673132646,0.10798984943120776,0.10714285714285714,0.0,0.07377111135633174,0.0,0.0,0.02178551004751495,0.04462107482531602,0.0,0.0,0.060609152673132646,0.031943828249996996,0.0,0.062347968638854966,0.0,0.0,0.09269795493186431,0.15228622596829314,0.12469593727770993,0.0,0.12469593727770993,0.16162440712835371,0.030457245193658628,0.0,0.0,0.04575090108716775,0.060609152673132646,0.020203050891044214,0.0549857399228215,0.1458029608799511,0.020203050891044214,0.0,0.0,0.02608202654786505,0.06862635163075162,0.0,0.04040610178208843,0.044086671417740544,0.0,0.0,0.02258769757263128,0.04517539514526256,0.02486823656509969,0.0631894097806702,0.022043335708870272,0.060609152673132646,0.046348977465932154,0.15848577035006547,0.11428571428571428,0.09394227846020416,0.023174488732966077,0.07636035483212125,0.0,0.0521640530957301,0.5150787536377128,0.1855768722395226,0.0530558109077291,0.05399492471560388,0.0,0.042591770999996,0.0,0.0,0.0,0.03962144258751637,0.0,0.0,0.0,0.08404977220207888,0.02106313659355673,0.0,0.0,0.05714285714285714,0.0521640530957301,0.04575090108716775,0.0,0.020203050891044214,0.06734350297014739,0.0,0.0,0.0,0.0,0.10101525445522107,0.0,0.08099238707340582,0.1414213562373095,0.04081632653061224,0.04212627318711346,0.0,0.04575090108716775,0.07824607964359515,0.1414213562373095,0.04697113923010208,0.0215365246126974,0.0,0.05714285714285714,0.1722921969015792,0.0,0.0549857399228215,0.3565929832876473,0.0,0.0,0.062347968638854966,0.0,0.0,0.0,0.0861460984507896,0.22223355980148635,0.0,0.22857142857142856,0.0,0.0,0.19599838302001008,0.0,0.0,0.0,0.18182745801939793,0.0,0.04899959575500252,0.0,0.0,0.0,0.0,0.0,0.0,0.0,0.06554735253444621,0.0,0.020203050891044214,0.07958371636159366,0.18070158058105024,0.0,0.0,0.04040610178208843,0.04973647313019938,0.0,0.0,0.1043281061914602,0.0,0.04040610178208843,0.0,0.04973647313019938,0.0,0.056033181468052584,0.046348977465932154,0.0,0.14091341769030624,0.0,0.08425254637422692,0.062347968638854966
herb162,0.1819017187772497,0.0,0.0,0.1819017187772497,0.0,0.0,0.0,0.0,0.0,0.10660035817780521,0.0,0.0,0.0,0.0,0.0,0.0,0.0,0.0,0.0,0.0,0.0,0.0,0.0,0.0,0.19364916731037082,0.0,0.0,0.0,0.2581988897471611,0.154713186938819,0.0,0.15,0.049999999999999996,0.06350006350009525,0.0,0.0,0.0,0.0,0.0,0.0,0.0,0.17928429140015903,0.0,0.0,0.19364916731037082,0.0,0.10206207261596575,0.0,0.0,0.0,0.0,0.0,0.0,0.0,0.05590169943749474,0.049999999999999996,0.0,0.0,0.0,0.0,0.0,0.0,0.0,0.0,0.06350006350009525,0.0,0.049999999999999996,0.0,0.0,0.0,0.0,0.0,0.20801257358446093,0.2357022603955158,0.0,0.0,0.0,0.273861278752583,0.0,0.0,0.0,0.049999999999999996,0.049999999999999996,0.049999999999999996,0.0,0.0,0.06565321642986127,0.0,0.0,0.08333333333333333,0.0,0.049999999999999996,0.0,0.0,0.1617491598051576,0.18749999999999997,0.05050762722761053,0.17677669529663687,0.0,0.0,0.19050019050028574,0.0,0.0,0.0,0.15811388300841897,0.0,0.0,0.0,0.0,0.0,0.0,0.0,0.0,0.0,0.0,0.0,0.0,0.17677669529663687,0.0,0.0,0.0,0.0,0.0,0.0,0.0,0.0,0.07715167498104596,0.0,0.0,0.0,0.15638581054280606,0.0,0.0,0.9999999999999999,0.06565321642986127,0.25,0.0,0.0,0.0,0.0,0.0,0.06681531047810609,0.0,0.24333213169614376,0.0,0.0,0.07715167498104596,0.2261335084333227,0.0,0.0,0.21213203435596426,0.0,0.0,0.0,0.0,0.0,0.07372097807744857,0.0944911182523068,0.0,0.0,0.0,0.06454972243679027,0.294174202707276,0.2211629342323457,0.0,0.0,0.22613350843332267,0.0,0.0,0.0,0.0,0.0,0.0,0.19999999999999998,0.049999999999999996,0.0,0.0,0.21650635094610968,0.0,0.0,0.0,0.0,0.0,0.1599005372667078,0.0,0.0,0.0,0.0,0.15,0.0,0.0,0.0,0.049999999999999996,0.23145502494313785,0.0,0.0,0.0,0.0,0.0,0.0,0.0,0.0,0.0,0.05661385170722978,0.0,0.15,0.0,0.0,0.08838834764831843,0.0,0.0,0.0,0.052128603514268686,0.16366341767699427,0.0,0.0,0.0,0.0,0.1743714581157289,0.0,0.0,0.0,0.12909944487358055,0.0,0.15309310892394865,0.0,0.0,0.0,0.0,0.0,0.3749999999999999,0.14433756729740646,0.0,0.273861278752583,0.0,0.0,0.06933752452815364,0.0,0.0,0.0,0.07071067811865475,0.0,0.0,0.0,0.0,0.0,0.0,0.0,0.21213203435596426,0.0,0.0,0.0,0.06681531047810609,0.0,0.0,0.0,0.07372097807744857,0.0,0.0,0.0,0.0,0.053300179088902604,0.0,0.21213203435596426,0.1599005372667078,0.0,0.0,0.0,0.0,0.19364916731037082,0.0,0.22613350843332267,0.049999999999999996,0.06565321642986127,0.0,0.049999999999999996,0.0,0.0,0.24618298195866548,0.0,0.0,0.0,0.0,0.25,0.0,0.0,0.0,0.0,0.0,0.0,0.16366341767699427,0.294174202707276,0.2211629342323457,0.049999999999999996,0.0,0.1743714581157289,0.0,0.06565321642986127,0.0,0.0,0.0,0.15,0.0,0.0,0.07372097807744857,0.0,0.0,0.0,0.0,0.1846372364689991,0.0,0.0,0.0,0.0,0.1743714581157289,0.0,0.15638581054280606,0.0
herb164,0.0,0.0,0.0,0.15923243882462046,0.0,0.0,0.027379283909669677,0.0,0.0,0.11197850219117086,0.0,0.0,0.04052204492365539,0.1432670637653132,0.0,0.0,0.0,0.09284766908852593,0.0,0.0,0.03138824102871722,0.2363515791475006,0.0,0.0,0.0,0.0,0.0,0.0,0.06780635036208103,0.16251869354636594,0.0,0.0,0.07878385971583353,0.06670373459650701,0.0,0.0,0.12156613477096617,0.0,0.0,0.0,0.03573708449459316,0.18832944617230332,0.03641785203646149,0.05252257314388902,0.0,0.10504514628777804,0.05360562674188975,0.0,0.0,0.0,0.0,0.0,0.0,0.0,0.14680505487867584,0.0,0.0,0.0,0.32496684180984076,0.0,0.0,0.1132730943577198,0.0,0.0,0.0,0.07878385971583353,0.0,0.0,0.21442250696755896,0.0,0.0,0.0,0.18208926018230742,0.06189844605901729,0.0,0.0,0.0,0.0,0.0,0.027379283909669677,0.02626128657194451,0.0,0.0,0.0,0.0,0.0,0.37931034482758624,0.0,0.0,0.08753762190648172,0.05252257314388902,0.07878385971583353,0.0,0.0,0.0,0.0,0.13263952726932277,0.030949223029508643,0.20341905108624309,0.0,0.0,0.0,0.0,0.0,0.0,0.07878385971583353,0.0,0.3241763593892431,0.0,0.04052204492365539,0.0,0.0,0.0,0.24759378423606915,0.0,0.0,0.04052204492365539,0.0,0.2876779808912304,0.0,0.0,0.15836151649297914,0.0,0.0,0.0,0.24313226954193234,0.28365431446558775,0.10951713563867871,0.0,0.0,0.0,0.0,0.0,0.06565321642986127,0.9999999999999999,0.0,0.0,0.0,0.15836151649297914,0.0,0.0,0.17546560158589908,0.0,0.0,0.0,0.0,0.08104408984731078,0.039590379123244784,0.22922730202450112,0.0,0.0,0.1399731277389636,0.0,0.07018624063435963,0.0,0.0,0.15488061853247326,0.049629166698546515,0.17841031003501578,0.0,0.0,0.06780635036208103,0.0,0.0,0.15450786078738143,0.2363515791475006,0.0,0.0,0.0,0.0,0.0,0.0,0.0,0.15756771943166706,0.02626128657194451,0.0,0.0,0.0,0.0,0.21009029257555606,0.0,0.16951587590520256,0.0,0.0,0.0,0.1204950466257556,0.2375422747394687,0.0,0.10504514628777804,0.0,0.05252257314388902,0.0,0.0,0.0,0.0,0.02626128657194451,0.07878385971583353,0.21442250696755896,0.0,0.07878385971583353,0.0,0.0,0.0,0.0,0.0,0.0,0.0,0.0,0.09284766908852593,0.17616606585441102,0.0,0.0,0.0,0.17192047651837583,0.10504514628777804,0.0,0.0,0.0,0.1526406277181659,0.0,0.0,0.0,0.0,0.0,0.16081688022566926,0.0,0.0,0.0,0.0,0.027994625547792716,0.2626128657194451,0.07580980435789035,0.0,0.0,0.0,0.2491364395612199,0.21850711221876892,0.0,0.0,0.13340746919301402,0.07427813527082075,0.0,0.0,0.0,0.0,0.0,0.0,0.0,0.0,0.0,0.18382900600361157,0.0,0.07018624063435963,0.0,0.0,0.0,0.07744030926623663,0.0,0.0,0.05252257314388902,0.18316875326179904,0.19596237883454898,0.0,0.0,0.19596237883454898,0.030949223029508643,0.0,0.0,0.0,0.0,0.0,0.0,0.18382900600361157,0.9310344827586207,0.05598925109558543,0.05252257314388902,0.0,0.0,0.0323254091917618,0.0,0.0,0.058722021951470346,0.0,0.17507524381296344,0.07878385971583353,0.0,0.0,0.0,0.0,0.0,0.0,0.0,0.0,0.0,0.0,0.0,0.02626128657194451,0.24137931034482757,0.0,0.037139067635410375,0.0,0.0,0.0,0.2711138549079501,0.0,0.06780635036208103,0.0,0.13130643285972254,0.0,0.0,0.0,0.03641785203646149,0.0,0.0,0.18316875326179904,0.0,0.0,0.0
herb165,0.16169041669088866,0.0,0.0,0.12126781251816648,0.0,0.0,0.0,0.0,0.0,0.0,0.0,0.47434164902525694,0.0,0.0,0.0,0.0,0.0,0.0,0.0,0.0,0.0,0.0,0.0,0.0,0.21516574145596762,0.03333333333333334,0.0,0.0,0.47336463120312877,0.37818779029489097,0.0,0.13333333333333336,0.0,0.0,0.0,0.0,0.051434449987363975,0.0,0.0,0.0,0.0,0.15936381457791915,0.0,0.0,0.1721325931647741,0.20000000000000004,0.0,0.0,0.0,0.0,0.0,0.0,0.0,0.0,0.0,0.0,0.19611613513818404,0.0,0.0,0.04303314829119352,0.0,0.03594425773447948,0.0,0.0,0.0,0.0,0.0,0.0,0.0,0.0,0.0,0.0,0.13867504905630731,0.19641855032959654,0.0,0.0,0.05407380704358751,0.2434322477800738,0.0,0.0,0.2333333333333334,0.0,0.03333333333333334,0.0,0.0,0.0,0.0,0.0,0.0,0.0,0.0,0.0,0.0,0.0,0.1437770309379179,0.16666666666666666,0.0,0.23570226039551584,0.12909944487358055,0.0,0.46566713233403184,0.0,0.0,0.0,0.24595492912420727,0.0,0.0,0.0,0.05716619504750295,0.0,0.0,0.03333333333333334,0.0,0.0,0.04536092116265145,0.0,0.0,0.15713484026367724,0.0,0.0,0.0,0.0,0.0,0.0,0.0,0.0,0.10286889997472795,0.27801921874276636,0.0,0.0,0.13900960937138318,0.0,0.033671751485073696,0.25,0.0,1.0000000000000002,0.0,0.0,0.0,0.0,0.0,0.0,0.03438070820862645,0.32444284226152503,0.0,0.0,0.0,0.0,0.0,0.0,0.1885618083164127,0.0,0.0,0.0,0.0,0.0,0.0,0.0,0.0,0.0,0.0,0.0,0.2614881801842454,0.14744195615489716,0.0,0.0,0.251259453814803,0.0,0.0,0.0,0.0,0.0,0.0,0.13333333333333336,0.0,0.0,0.0,0.24056261216234412,0.0,0.13333333333333336,0.0,0.0,0.0,0.1421338109037403,0.0,0.0,0.0,0.0,0.13333333333333336,0.0,0.0,0.30151134457776363,0.0,0.20573779994945593,0.0,0.0,0.0,0.0,0.1924500897298753,0.0,0.0,0.0,0.0,0.0,0.0,0.13333333333333336,0.0,0.0,0.0,0.0,0.0,0.0,0.0,0.1454785934906616,0.0,0.0,0.0,0.0,0.15499685165842572,0.2294157338705618,0.0,0.0,0.0,0.0,0.23814483610392012,0.0,0.0,0.0,0.07027283689263066,0.0,0.0,0.0,0.0,0.3651483716701107,0.0,0.0,0.0,0.0,0.0,0.0,0.0,0.0,0.0,0.0,0.0,0.0,0.0,0.0,0.1885618083164127,0.0,0.0,0.0,0.0,0.0,0.0,0.0,0.0,0.0,0.0,0.03333333333333334,0.0,0.31980107453341566,0.0,0.1885618083164127,0.0,0.0,0.0,0.0,0.0,0.1721325931647741,0.0,0.20100756305184242,0.16666666666666669,0.0,0.0,0.0,0.0,0.0,0.16412198797244368,0.0,0.0,0.0,0.0,0.27777777777777785,0.13333333333333336,0.0,0.0,0.0,0.055555555555555566,0.0,0.1454785934906616,0.2614881801842454,0.19658927487319622,0.06666666666666668,0.0,0.15499685165842572,0.0,0.0,0.0,0.0,0.0,0.13333333333333336,0.0,0.0,0.0,0.0,0.0,0.0,0.0,0.16412198797244368,0.0,0.0,0.0,0.0,0.0,0.0,0.17376201171422898,0.0
herb166,0.0,0.0,0.0,0.0,0.0,0.0,0.0,0.0,0.0,0.0,0.18090680674665818,0.0,0.0,0.0,0.0,0.0,0.0,0.0,0.0,0.04891159880445185,0.0,0.0,0.0,0.0,0.0,0.0,0.19827263883864388,0.0,0.0,0.0,0.0,0.0,0.0,0.0,0.0,0.0,0.0,0.0,0.0,0.0,0.0,0.0,0.0,0.0,0.0,0.0,0.0,0.0,0.0,0.0,0.0,0.04264014327112209,0.0,0.0,0.0,0.0,0.0,0.0,0.0,0.0,0.08058229640253803,0.0,0.0,0.06286946134619315,0.0,0.0,0.0,0.047088160934801115,0.0,0.0,0.0,0.0,0.0,0.0,0.0,0.0,0.0,0.0,0.0,0.044455422447438706,0.0,0.0,0.04264014327112209,0.0,0.0,0.15075567228888181,0.0,0.0,0.0,0.0,0.0,0.0,0.0,0.0,0.0,0.0,0.0,0.0,0.0,0.0,0.0,0.0,0.0,0.0,0.0,0.0,0.0,0.0,0.0,0.0,0.0,0.04264014327112209,0.0,0.0,0.0,0.0,0.0,0.050251890762960605,0.0,0.0,0.050251890762960605,0.0,0.0,0.0,0.23354968324845687,0.0,0.0,0.0,0.0,0.0,0.0,0.0,0.1722921969015792,0.0,0.0,0.0,1.0000000000000002,0.0,0.0,0.0,0.17407765595569785,0.0,0.0,0.0,0.0,0.0,0.0,0.0,0.0,0.0,0.0,0.0,0.0,0.0,0.0,0.0,0.0,0.0,0.0,0.0,0.0,0.0,0.0,0.0,0.0,0.0,0.0,0.0,0.0,0.0,0.0,0.0,0.23354968324845687,0.0,0.0,0.0,0.0,0.0,0.0,0.0,0.0,0.0,0.0,0.0,0.0,0.14673479641335557,0.0,0.0,0.0,0.0,0.0,0.0,0.0,0.0,0.0,0.0,0.0,0.0,0.0,0.0,0.0,0.0,0.05504818825631803,0.0,0.0,0.0,0.0,0.0,0.0,0.0,0.0,0.0,0.0,0.0,0.0,0.0,0.0,0.0,0.0,0.0,0.24174688920761409,0.0,0.0,0.0,0.0,0.11197850219117086,0.0,0.0,0.0,0.045454545454545456,0.0,0.0,0.0,0.0778498944161523,0.0,0.0,0.0,0.0,0.0,0.0,0.0,0.0,0.0,0.0,0.0,0.0,0.0,0.0,0.0,0.0,0.0,0.0,0.0,0.0,0.0,0.0,0.0,0.0,0.0,0.04264014327112209,0.0,0.0,0.0,0.0,0.0,0.0,0.0,0.0,0.0,0.0,0.0,0.0,0.0,0.0,0.0,0.0,0.07106690545187015,0.0,0.0,0.0,0.0,0.0,0.0,0.0,0.04264014327112209,0.0,0.051708768999501914,0.0,0.0,0.0,0.0,0.08362420100070908,0.0,0.0,0.0,0.04956815970966097,0.0,0.0,0.0,0.06030226891555273,0.0,0.0,0.0,0.0,0.0,0.05504818825631803,0.0,0.0,0.0,0.0,0.0,0.0,0.0,0.0,0.19827263883864388,0.0,0.0,0.0
herb167,0.2559453484444957,0.09534625892455922,0.0,0.10969086361906957,0.0,0.0,0.0,0.0,0.0,0.0,0.0,0.0,0.0,0.09869275424396534,0.030151134457776358,0.04891159880445184,0.0,0.0,0.0,0.0,0.0,0.0,0.16256402219058874,0.0,0.0,0.0,0.0,0.0,0.0,0.031098520678556143,0.0,0.0,0.0,0.0,0.04264014327112209,0.0,0.04652421051992354,0.0,0.0,0.04264014327112209,0.20515248496555455,0.0,0.0,0.1507556722888818,0.0,0.030151134457776358,0.0,0.0,0.0,0.0,0.0,0.0,0.0,0.0,0.1011299793694863,0.030151134457776358,0.0,0.24174688920761406,0.0,0.0,0.0,0.2926152399430597,0.12087344460380703,0.0,0.03829197905337418,0.0,0.030151134457776358,0.0,0.0,0.0,0.0,0.25979436665882194,0.0,0.17766726362967533,0.0,0.0,0.0,0.0,0.0,0.0,0.030151134457776358,0.030151134457776358,0.0,0.0,0.0,0.0,0.0,0.0,0.26804385337361925,0.0,0.0,0.030151134457776358,0.0,0.0,0.0,0.0,0.0,0.07106690545187014,0.0,0.0,0.0,0.0,0.0,0.3063358324269934,0.0,0.0,0.0,0.0,0.05170876899950191,0.0,0.0,0.0,0.0,0.0,0.0,0.0,0.0,0.0,0.0,0.0,0.0,0.1818181818181818,0.0,0.0,0.0,0.0,0.0,0.0,0.0,0.0,0.0,0.0,0.0,0.0,0.0,0.0,0.0,1.0,0.04545454545454545,0.0,0.0,0.32232918561015206,0.0,0.0,0.0,0.0,0.0,0.0,0.03289758474798845,0.0,0.0,0.0,0.0,0.0,0.1507556722888818,0.03829197905337418,0.0,0.1709408646894569,0.0,0.49999999999999994,0.0,0.03892494720807614,0.0,0.0,0.0,0.09045340337332908,0.0,0.0,0.0,0.0,0.0,0.0,0.0,0.0,0.030151134457776358,0.0,0.0,0.0,0.04767312946227961,0.0,0.0,0.15569978883230456,0.0,0.0,0.1507556722888818,0.17292861596651865,0.0,0.23262105259961768,0.0,0.0,0.0,0.0,0.0,0.0,0.0,0.1507556722888818,0.1507556722888818,0.0,0.0,0.030151134457776358,0.0,0.0,0.0,0.0,0.0,0.0,0.2631806779839076,0.0,0.0,0.0,0.0,0.0,0.2514778453847726,0.0,0.0,0.0,0.0,0.0,0.10514994558491725,0.0,0.0,0.0,0.11677484162422842,0.0,0.0,0.0,0.0,0.0,0.0,0.25712973861328997,0.0,0.0,0.0,0.0,0.0,0.0,0.0,0.0,0.0,0.22975187432024508,0.0,0.07784989441615228,0.0,0.0,0.0,0.0,0.4351941398892446,0.0,0.0,0.1507556722888818,0.0,0.3919647479510927,0.04029114820126901,0.0,0.0,0.0,0.0,0.0,0.5060243137049899,0.030151134457776358,0.10514994558491725,0.0,0.04652421051992354,0.25584085962673253,0.0,0.03553345272593507,0.0,0.0,0.0,0.0,0.09304842103984708,0.0,0.0,0.0,0.0,0.0,0.0,0.0,0.0,0.0,0.03656362120635653,0.0,0.0,0.0,0.0,0.0,0.0,0.25854384499750954,0.0,0.0,0.0,0.0,0.1333662673423161,0.030151134457776358,0.0,0.0,0.030151134457776358,0.0,0.0,0.0,0.0,0.0,0.0,0.0,0.0,0.0,0.220043114711676,0.0,0.30457245193658633,0.0,0.1818181818181818,0.0,0.0,0.0,0.0,0.20683507599800763,0.03143473067309657,0.18609684207969415
herb168,0.10969086361906957,0.0,0.0,0.0,0.0,0.0,0.0,0.0,0.0,0.0,0.0,0.04767312946227961,0.0,0.0,0.09045340337332908,0.0,0.0,0.0,0.0,0.06917144638660747,0.0,0.09045340337332908,0.09753841331435326,0.0,0.0,0.0,0.0,0.0,0.03892494720807614,0.18659112407133685,0.0,0.0,0.030151134457776358,0.22975187432024508,0.08528028654224418,0.25584085962673253,0.0,0.0,0.0,0.21320071635561044,0.16412198797244362,0.0,0.04181210050035454,0.09045340337332908,0.15569978883230456,0.0,0.0,0.0,0.0,0.0,0.2132007163556104,0.030151134457776358,0.0,0.03329635791060134,0.0,0.18090680674665816,0.0,0.0,0.053300179088902604,0.0,0.0,0.260102435504942,0.0,0.0,0.0,0.060302268915552716,0.09045340337332908,0.03329635791060134,0.0,0.0,0.0,0.037113480951260276,0.0,0.10660035817780521,0.0,0.0,0.0,0.0,0.0,0.0,0.0,0.0,0.0,0.030151134457776358,0.0,0.0,0.0,0.0,0.1531679162134967,0.0,0.0,0.060302268915552716,0.0,0.0,0.0650256088762355,0.0,0.030457245193658628,0.0,0.0,0.0,0.0,0.0,0.0,0.0,0.0,0.0,0.04767312946227961,0.0,0.0,0.0,0.10050378152592121,0.0,0.0,0.0,0.0,0.0,0.0,0.0,0.05504818825631802,0.0,0.0,0.45454545454545453,0.05698028822981897,0.0,0.0,0.0,0.0,0.0,0.0,0.0,0.0,0.0,0.0,0.0,0.15836151649297914,0.0,0.0,0.04545454545454545,0.9999999999999999,0.0,0.0,0.16116459280507603,0.031098520678556143,0.0,0.0,0.0,0.13957263155977062,0.0,0.03289758474798845,0.0,0.0,0.0,0.0,0.0,0.09045340337332908,0.0,0.0,0.0,0.0,0.0,0.0,0.07784989441615228,0.0,0.0,0.0,0.18090680674665816,0.0,0.0,0.0,0.0,0.0,0.0,0.0,0.0,0.09045340337332908,0.0,0.0,0.0,0.0,0.060302268915552716,0.0,0.0,0.27914526311954124,0.0,0.030151134457776358,0.17292861596651865,0.0,0.18609684207969415,0.0,0.0,0.0,0.0909090909090909,0.030151134457776358,0.0,0.0,0.060302268915552716,0.18090680674665816,0.0,0.04351941398892446,0.09045340337332908,0.0,0.25854384499750954,0.0,0.0,0.09782319760890368,0.060302268915552716,0.0,0.0,0.0,0.0,0.0,0.0,0.0,0.0,0.0,0.0,0.05913123959890826,0.0,0.0,0.0,0.0,0.0,0.0,0.0,0.0,0.0,0.0,0.0,0.0,0.0,0.0,0.0,0.0,0.0,0.07422696190252055,0.0,0.2508726030021272,0.0,0.0,0.3063358324269934,0.0,0.0,0.0,0.0,0.0,0.0,0.08703882797784893,0.09534625892455922,0.0,0.060302268915552716,0.0,0.060302268915552716,0.0,0.060302268915552716,0.030457245193658628,0.0,0.0,0.0,0.07784989441615228,0.0,0.07009996372327816,0.032141217326661246,0.0,0.04264014327112209,0.0,0.10660035817780521,0.0,0.0,0.0,0.0,0.0,0.0,0.0,0.15836151649297914,0.0,0.060302268915552716,0.050251890762960605,0.08528028654224418,0.22268088570756164,0.0,0.03656362120635653,0.0,0.07106690545187014,0.0,0.0,0.0,0.0,0.05170876899950191,0.0,0.0,0.0,0.0,0.0,0.0,0.09782319760890368,0.0,0.060302268915552716,0.0,0.0,0.0,0.0,0.0,0.0,0.0,0.0,0.0,0.0,0.0,0.0,0.0,0.0,0.04181210050035454,0.0,0.0,0.0,0.0,0.0,0.0
herb169,0.0,0.0,0.0,0.0,0.0,0.0,0.0,0.0,0.0,0.0,0.0,0.049999999999999996,0.0,0.0,0.0,0.0,0.0,0.0,0.0,0.0,0.0,0.0,0.0,0.0,0.0,0.0,0.0,0.0,0.0408248290463863,0.0,0.06324555320336758,0.0,0.0,0.08032193289024989,0.0,0.0,0.0,0.0,0.0,0.0,0.0,0.0,0.0,0.0,0.0,0.0,0.0,0.0,0.0,0.0,0.07453559924999298,0.0,0.21693045781865616,0.0,0.0,0.12649110640673517,0.0,0.0,0.0,0.0,0.0,0.034099716973523674,0.0,0.0,0.0,0.0,0.0,0.0,0.0,0.0,0.0,0.0,0.0,0.0,0.0,0.0,0.4103913408340616,0.0,0.1414213562373095,0.1318760946791574,0.0,0.0,0.06324555320336758,0.03162277660168379,0.0,0.0,0.0,0.0,0.0,0.0,0.03162277660168379,0.0,0.0,0.0,0.0,0.0,0.0,0.0,0.0,0.0,0.0,0.0,0.0,0.0,0.0,0.0,0.049999999999999996,0.0,0.0,0.0,0.0,0.03162277660168379,0.0,0.0,0.0,0.0,0.0,0.0,0.0,0.0,0.0,0.0,0.0,0.0,0.0,0.0,0.0,0.0,0.0,0.4103913408340616,0.3956282840374722,0.0,0.0,0.0,0.0,0.0,0.0,0.0,0.0,1.0,0.0,0.0,0.03261640365267211,0.0,0.09325048082403138,0.0,0.0,0.0,0.0,0.0,0.0,0.0,0.0,0.0,0.0,0.0,0.0,0.0,0.0,0.0,0.13333333333333333,0.0,0.0,0.0,0.0,0.0,0.0,0.0,0.0,0.0,0.0,0.0,0.0,0.0,0.0,0.1363988678940947,0.0,0.0,0.0,0.0,0.0,0.0,0.0,0.0,0.0,0.0,0.0,0.0,0.0,0.0,0.0,0.0,0.12649110640673517,0.0,0.0,0.03162277660168379,0.0,0.0,0.0,0.03162277660168379,0.1860521018838127,0.16269784336399212,0.6531972647421808,0.0,0.0,0.0,0.13801311186847084,0.0,0.0,0.0,0.0,0.3113995776646092,0.1318760946791574,0.0,0.0,0.29019050004400465,0.0,0.0,0.0,0.03627381250550058,0.0,0.0,0.0,0.0,0.0,0.0,0.0,0.0,0.0,0.0,0.0,0.0,0.0,0.0,0.0,0.0,0.0,0.0,0.0,0.0,0.0,0.0,0.0,0.0,0.0,0.0,0.0,0.0,0.0,0.0,0.03162277660168379,0.0,0.0,0.0,0.0,0.0,0.0,0.0,0.0,0.0,0.0,0.033709993123162106,0.0,0.0,0.13483997249264842,0.03726779962499649,0.0,0.06201736729460423,0.0,0.0,0.0,0.0,0.0,0.0,0.06741998624632421,0.0,0.0,0.0,0.0,0.0,0.0,0.0,0.0,0.0,0.03162277660168379,0.0,0.0,0.0,0.0,0.0,0.0,0.0,0.0,0.0,0.0,0.2940858488375231,0.0,0.0,0.0,0.0,0.5855400437691199,0.03162277660168379,0.0,0.0,0.0,0.0,0.0,0.0,0.25555062599997597,0.1556997888323046,0.0,0.0,0.0,0.0,0.0,0.0,0.1318760946791574,0.0
herb170,0.0,0.0,0.0,0.0,0.0,0.0,0.0,0.0,0.0,0.0,0.0,0.0,0.0,0.0,0.0,0.0,0.0,0.0,0.0,0.09365858115816941,0.0,0.0,0.0,0.0,0.0,0.0,0.09491579957524991,0.0,0.0,0.0,0.0,0.0,0.0,0.0,0.0,0.0,0.0,0.0,0.0,0.0,0.0,0.0,0.0,0.0,0.0,0.0,0.0,0.0,0.0,0.0,0.0,0.08164965809277261,0.0,0.0,0.0,0.0,0.0,0.0,0.0,0.0,0.15430334996209194,0.0,0.0,0.12038585308576923,0.0,0.0,0.0,0.09016696346674324,0.0,0.0,0.0,0.0,0.0,0.0,0.0,0.0,0.0,0.0,0.0,0.08512565307587487,0.0,0.0,0.08164965809277261,0.0,0.0,0.2886751345948129,0.0,0.0,0.0,0.0,0.0,0.0,0.0,0.0,0.0,0.0,0.0,0.0,0.0,0.0,0.10369516947304254,0.0,0.0,0.0,0.08606629658238706,0.0,0.0,0.0,0.0,0.0,0.0,0.08164965809277261,0.0,0.0,0.0,0.0,0.0,0.09622504486493763,0.0,0.0,0.09622504486493763,0.0,0.0,0.0,0.0,0.0,0.0,0.0,0.0,0.0,0.0,0.0,0.0,0.0,0.0,0.0,0.17407765595569785,0.0,0.0,0.0,1.0000000000000002,0.0,0.0,0.0,0.0,0.0,0.0,0.0,0.0,0.0,0.0,0.0,0.0,0.0,0.0,0.0,0.0,0.0,0.0,0.0,0.0,0.0,0.0,0.0,0.0,0.0,0.0,0.0,0.0,0.0,0.0,0.0,0.0,0.0,0.0,0.0,0.0,0.0,0.0,0.0,0.0,0.0,0.0,0.0,0.0,0.0,0.0,0.0,0.16329931618554522,0.0,0.0,0.0,0.0,0.0,0.0,0.0,0.0,0.0,0.0,0.0,0.0,0.0,0.10540925533894599,0.0,0.0,0.0,0.0,0.0,0.0,0.0,0.0,0.0,0.0,0.0,0.0,0.0,0.0,0.0,0.0,0.0,0.0,0.0,0.0,0.0,0.0,0.0,0.0,0.0,0.0,0.08703882797784893,0.0,0.0,0.0,0.14907119849998599,0.0,0.0,0.0,0.0,0.0,0.0,0.0,0.0,0.0,0.0,0.0,0.0,0.0,0.0,0.0,0.0,0.0,0.0,0.0,0.0,0.0,0.0,0.0,0.0,0.0,0.16329931618554522,0.0,0.0,0.0,0.0,0.0,0.0,0.0,0.0,0.0,0.0,0.0,0.0,0.08164965809277261,0.0,0.0,0.0,0.13608276348795437,0.0,0.0,0.0,0.0,0.0,0.0,0.0,0.08164965809277261,0.0,0.09901475429766743,0.0,0.0,0.0,0.0,0.16012815380508716,0.0,0.0,0.0,0.18983159915049982,0.0,0.0,0.0,0.11547005383792518,0.0,0.0,0.0,0.0,0.0,0.10540925533894599,0.0,0.0,0.0,0.0,0.0,0.0,0.0,0.0,0.0,0.0,0.0,0.0
herb171,0.09723055853282464,0.0,0.0,0.09723055853282464,0.0,0.0,0.0,0.0,0.0,0.0,0.03779644730092272,0.042257712736425826,0.08247860988423225,0.029160592175990215,0.08017837257372731,0.0,0.0,0.14173667737846019,0.0,0.0,0.0,0.08017837257372731,0.0,0.0,0.0,0.0,0.0,0.0,0.034503277967117704,0.027565892320998563,0.0,0.0,0.05345224838248487,0.1018266349953196,0.0,0.0,0.0,0.05698028822981897,0.0,0.03779644730092272,0.14547859349066158,0.03194382824999699,0.0,0.0,0.10350983390135311,0.026726124191242435,0.1091089451179962,0.042257712736425826,0.0,0.0,0.0,0.05345224838248487,0.0,0.0,0.08964214570007953,0.0,0.0,0.14285714285714282,0.0,0.0,0.0,0.345834250622541,0.07142857142857141,0.0,0.0,0.05345224838248487,0.0,0.0,0.036369648372665396,0.0,0.0,0.0,0.0,0.1259881576697424,0.0,0.0,0.0,0.0,0.0,0.0,0.05345224838248487,0.0,0.0,0.0,0.0944911182523068,0.0,0.07018624063435963,0.0,0.0,0.22271770159368698,0.026726124191242435,0.0,0.0,0.0,0.0,0.0,0.02699746235780194,0.1259881576697424,0.034503277967117704,0.0,0.0,0.0,0.0,0.4751909633114914,0.0,0.0,0.042257712736425826,0.0,0.0,0.0,0.1336306209562122,0.0,0.0,0.0314970394174356,0.0,0.0,0.0,0.0,0.0,0.0,0.0,0.16116459280507603,0.10101525445522107,0.0,0.0,0.0,0.1649572197684645,0.0,0.0,0.0,0.0,0.0,0.02699746235780194,0.06681531047810609,0.17546560158589908,0.0,0.0,0.32232918561015206,0.16116459280507603,0.0,0.0,0.9999999999999998,0.0,0.04335549847620599,0.0,0.0,0.1649572197684645,0.04029114820126901,0.11664236870396086,0.0,0.0,0.0,0.0,0.0,0.05345224838248487,0.0,0.03940552031195503,0.1515228816828316,0.0,0.28203803740888306,0.0,0.06900655593423541,0.0,0.0,0.0,0.18708286933869706,0.12087344460380703,0.0,0.0,0.0,0.0944911182523068,0.0,0.0,0.05345224838248487,0.026726124191242435,0.0,0.029514066805047763,0.0,0.0,0.0,0.0,0.13801311186847082,0.0,0.0,0.0,0.18394180184548975,0.04029114820126901,0.0,0.026726124191242435,0.041239304942116126,0.0,0.0,0.0,0.0,0.0,0.1336306209562122,0.16035674514745463,0.0,0.0,0.0,0.0,0.0,0.0,0.0,0.0,0.0,0.2332847374079217,0.0,0.0472455591261534,0.08964214570007953,0.0,0.0,0.39009474880274697,0.029160592175990215,0.026726124191242435,0.0,0.052414241836095915,0.0,0.06213697660012,0.0,0.0,0.0,0.0,0.052414241836095915,0.02727723627949905,0.0,0.0,0.0,0.0,0.3988620176087328,0.06681531047810609,0.07715167498104596,0.0,0.0975900072948533,0.0,0.0,0.22237479499833035,0.0,0.0,0.16971105832553268,0.03779644730092272,0.0,0.0,0.1091089451179962,0.0,0.0,0.0,0.0,0.0,0.0,0.0,0.2939873661036668,0.07142857142857141,0.0,0.0,0.0,0.03940552031195503,0.0,0.2760262237369417,0.05345224838248487,0.06213697660012,0.05698028822981897,0.0,0.0,0.028490144114909487,0.0,0.0,0.0,0.0,0.0,0.0,0.0,0.08017837257372731,0.17546560158589908,0.0,0.0,0.0,0.0,0.03289758474798845,0.0,0.0,0.0,0.0,0.0,0.026726124191242435,0.0,0.0,0.09166984970282112,0.0,0.0,0.0,0.0,0.0,0.0,0.0,0.09320546490018,0.0,0.035093120317179816,0.0,0.11338934190276817,0.0,0.0,0.0,0.0,0.0,0.0,0.19504737440137349,0.13363062095621217,0.3779644730092272,0.0,0.0,0.0,0.0,0.0,0.06213697660012,0.09166984970282112,0.02786391062876764,0.08247860988423225
herb172,0.0,0.0,0.0,0.0,0.0,0.0,0.3225992952145052,0.0,0.0,0.0,0.0,0.09784921095801634,0.03183035070396152,0.0,0.02062842492517587,0.0,0.3125678389240597,0.0,0.21989974856677125,0.023662426214015053,0.0,0.309426373877638,0.04448840533001291,0.11531640100361064,0.0,0.12377054955105521,0.07194017065667525,0.0,0.07989354619369611,0.06382978723404255,0.0,0.0,0.02062842492517587,0.026198125853112306,0.029172998299578912,0.029172998299578912,0.0,0.0,0.0,0.2042109880970524,0.0,0.024655683636076894,0.0,0.04125684985035174,0.0,0.24754109910211045,0.04210759605332595,0.0,0.03646624787447364,0.0,0.024310831916315757,0.02062842492517587,0.0,0.022780284450075735,0.0,0.04125684985035174,0.0,0.0,0.03646624787447364,0.02663118206456537,0.0,0.13346521599003872,0.0,0.0,0.0,0.0,0.02062842492517587,0.0,0.0,0.0,0.0,0.0,0.028606478384531155,0.0,0.0,0.0,0.0,0.0,0.36901248321155405,0.3441059148954722,0.0,0.0,0.02062842492517587,0.0,0.0,0.0,0.0,0.0,0.0,0.0,0.3300547988028139,0.0,0.0,0.0,0.0,0.0,0.2500542711392478,0.0,0.0,0.0,0.026198125853112306,0.43835402965998715,0.4863101325370297,0.0,0.0,0.3300547988028139,0.06523280730534423,0.0,0.0,0.0,0.0,0.3300547988028139,0.0,0.024310831916315757,0.561434614044346,0.0,0.0,0.0,0.03766217885773547,0.0,0.0,0.0,0.0,0.0,0.0,0.0,0.0,0.043013239361934026,0.0,0.0,0.0,0.06523280730534423,0.02083785592827065,0.0,0.0,0.03438070820862645,0.0,0.0,0.031098520678556143,0.03261640365267211,0.0,0.0,0.9999999999999999,0.0,0.030414953233623677,0.0,0.03183035070396152,0.0,0.0,0.0,0.0,0.37382957256351107,0.0,0.0,0.0,0.0,0.0,0.0,0.023357091793352585,0.0,0.0,0.0,0.0,0.0,0.0,0.02062842492517587,0.0,0.0,0.0,0.055131784641997125,0.0,0.0,0.0,0.02062842492517587,0.26816952402728633,0.0,0.36448455120121176,0.0,0.0,0.0,0.03261640365267211,0.0,0.03183035070396152,0.021989974856677124,0.28879794895246214,0.11831213107007527,0.031098520678556143,0.0,0.02062842492517587,0.1591517535198076,0.0,0.0,0.0,0.0,0.0,0.02062842492517587,0.0,0.0280717307022173,0.029774566708770687,0.0,0.0,0.0707549137677225,0.0,0.3970705604869939,0.0,0.0,0.0,0.0,0.0,0.13837968120433278,0.0,0.0,0.0,0.022507456830317185,0.3919400735783415,0.0,0.0,0.0,0.023980056885558418,0.0,0.0,0.0,0.0,0.0,0.0,0.0,0.0,0.0,0.0,0.0,0.0,0.0,0.0,0.0,0.025391835805951283,0.0,0.0,0.0,0.16182267881254697,0.0,0.0,0.0,0.0,0.0,0.28879794895246214,0.03438070820862645,0.0,0.0,0.0,0.309426373877638,0.3300547988028139,0.309426373877638,0.0,0.0,0.4584328304219542,0.0,0.0,0.0,0.02663118206456537,0.04125684985035174,0.0,0.19790977371009413,0.0,0.029172998299578912,0.351839597706834,0.048621663832631515,0.0,0.04045566970313674,0.23063280200722128,0.0,0.0,0.0,0.02062842492517587,0.0,0.0,0.0,0.03438070820862645,0.0,0.025391835805951283,0.04612656040144426,0.0,0.0,0.048621663832631515,0.0,0.02062842492517587,0.0,0.0,0.17688728441930623,0.0,0.0,0.022507456830317185,0.0,0.0,0.12377054955105521,0.0,0.0,0.0,0.18960514247076027,0.0,0.0,0.0,0.309426373877638,0.0,0.0,0.0,0.02663118206456537,0.0,0.02062842492517587,0.0,0.025391835805951283,0.0,0.0,0.0,0.0,0.0,0.0,0.5161588723432083,0.0
herb173,0.1573778950729267,0.10259783520851541,0.0,0.11803342130469503,0.0,0.0,0.0,0.0,0.0,0.0,0.1835325870964494,0.1538967528127731,0.05006261743217588,0.03539961627023943,0.0324442842261525,0.0,0.0,0.0,0.0,0.0,0.0,0.09733285267845751,0.0,0.0,0.1675415633166782,0.0,0.11314714296070713,0.0,0.20942695414584772,0.16731862035256365,0.0,0.09733285267845751,0.0,0.041204282171516456,0.0,0.0,0.0,0.13834289277321493,0.0,0.04588314677411235,0.0,0.11633501014942217,0.0,0.0,0.12565617248750863,0.0324442842261525,0.33113308926626095,0.0512989176042577,0.0,0.0,0.15294382258037448,0.0,0.0,0.0,0.0,0.0,0.1908854288927333,0.0,0.0,0.0,0.0,0.0,0.0,0.0,0.0,0.0,0.0,0.0,0.04415107856883479,0.0,0.0,0.0,0.13497638119975425,0.1911797782254681,0.0,0.0,0.0,0.17770466332772766,0.0,0.0,0.09733285267845751,0.0,0.0,0.0,0.0,0.0,0.042601432284230495,0.0,0.0,0.05407380704358751,0.12977713690461,0.0,0.0,0.0,0.10495671428119792,0.12166606584807188,0.0,0.11470786693528086,0.0,0.0,0.3708385395436481,0.0,0.0,0.0,0.10259783520851541,0.0,0.0512989176042577,0.0,0.0,0.0,0.0,0.0,0.10039117221153819,0.0,0.0,0.16692446522239715,0.0,0.11470786693528086,0.0,0.0,0.0,0.0,0.0,0.0,0.0,0.0,0.20025046972870353,0.06765100914917382,0.0,0.0,0.10147651372376074,0.0,0.13109470506889243,0.24333213169614376,0.0,0.32444284226152503,0.0,0.0,0.0,0.0,0.0,0.04335549847620599,0.0,0.9999999999999997,0.0,0.0,0.0,0.0,0.0,0.0,0.13764944032233706,0.0,0.0,0.0,0.0,0.0,0.0,0.0,0.0,0.0,0.0,0.0,0.19088542889273333,0.14350946197048195,0.0,0.0,0.19564639521780736,0.0,0.0,0.0,0.0,0.0,0.0,0.09733285267845751,0.0,0.0,0.0,0.1873171623163388,0.0,0.0,0.0,0.0,0.0,0.1037571695799112,0.0,0.03721614637823934,0.04891159880445184,0.15018785229652765,0.09733285267845751,0.05006261743217588,0.0,0.19564639521780736,0.0,0.15018785229652765,0.0,0.0,0.0,0.0,0.1873171623163388,0.0,0.0,0.0,0.0,0.0,0.0,0.09733285267845751,0.0,0.0,0.0,0.0,0.0,0.0,0.0,0.1061988488107183,0.0,0.0,0.06362847629757777,0.0,0.18857857160117855,0.14886458551295736,0.0,0.0,0.0,0.06362847629757777,0.19867985355975656,0.0,0.0,0.0,0.03419927840283847,0.0,0.0,0.0,0.0,0.2369395511036369,0.15974461276617435,0.0,0.04499212706658475,0.0,0.0,0.0,0.0,0.0,0.0,0.0,0.0,0.0,0.0,0.0,0.13764944032233706,0.0,0.0,0.0,0.0,0.0,0.13109470506889243,0.0,0.0,0.0,0.0,0.0,0.0,0.06917144638660747,0.0,0.13764944032233706,0.0,0.0,0.0,0.19088542889273333,0.0,0.12565617248750863,0.0,0.14673479641335552,0.064888568452305,0.0,0.0,0.0,0.21629522817435004,0.1835325870964494,0.11980845957463077,0.0,0.0,0.0,0.0,0.16222142113076254,0.0324442842261525,0.0,0.0,0.0,0.0,0.0,0.1061988488107183,0.19088542889273333,0.14350946197048195,0.0,0.0,0.11314714296070713,0.0,0.0,0.0,0.0,0.0,0.09733285267845751,0.0,0.0,0.0,0.12565617248750863,0.0,0.0,0.0,0.11980845957463077,0.0,0.0,0.0,0.0,0.0,0.0,0.13530201829834765,0.0
herb174,0.0,0.0,0.0,0.0,0.0,0.05897678246195886,0.0,0.13043478260869568,0.0,0.0,0.0,0.0,0.0,0.0,0.0,0.0,0.0,0.0,0.0,0.0,0.035245368842512066,0.02948839123097943,0.09539445011233401,0.0,0.0,0.05897678246195886,0.0685591170191061,0.18860838403857944,0.0,0.030414953233623677,0.05897678246195886,0.02948839123097943,0.0,0.07490058862731383,0.0,0.0,0.04550157551932901,0.0,0.0,0.0,0.0,0.0,0.0,0.05897678246195886,0.0,0.05897678246195886,0.0,0.0,0.05212860351426869,0.0,0.06950480468569159,0.0,0.0,0.03256448045129181,0.0,0.05897678246195886,0.0,0.0,0.0,0.0,0.0,0.0,0.0,0.0,0.037450294313656915,0.02948839123097943,0.0,0.09769344135387542,0.0,0.0,0.04347826086956522,0.0,0.0,0.0,0.0,0.0,0.14350946197048195,0.0,0.0,0.0,0.0,0.0,0.02948839123097943,0.05897678246195886,0.10425720702853739,0.0,0.0,0.0,0.037450294313656915,0.0,0.0,0.0,0.0,0.0,0.0,0.18430244519362143,0.029787773436724965,0.0,0.11420804814403215,0.044455422447438706,0.0,0.07372097807744857,0.08178608201095308,0.0,0.2486679488640837,0.08846517369293828,0.0,0.0,0.0,0.0,0.049147318718299055,0.02948839123097943,0.0,0.06950480468569159,0.0,0.0,0.0,0.3127716210856122,0.0,0.0,0.10425720702853739,0.0,0.0,0.0,0.0,0.0,0.0,0.12297509238026914,0.0,0.0,0.06148754619013457,0.0,0.0,0.0,0.0,0.0,0.0,0.0,0.0,0.09325048082403138,0.0,0.0,0.030414953233623677,0.0,1.0000000000000002,0.0,0.0,0.0,0.0,0.0,0.0,0.06286946134619315,0.20851441405707477,0.0,0.0,0.0,0.0,0.0,0.0,0.0,0.0,0.0,0.0,0.08695652173913045,0.0,0.0,0.0,0.0,0.0,0.0,0.0,0.0,0.0,0.05897678246195886,0.0,0.0,0.0,0.0,0.0,0.0,0.0,0.0,0.13650472655798704,0.06286946134619315,0.05897678246195886,0.0,0.0,0.0,0.0,0.0,0.0,0.0,0.05897678246195886,0.0,0.0,0.0,0.0,0.0,0.0,0.0,0.0,0.30343304245450414,0.0,0.06677805632941779,0.0,0.0,0.0,0.0,0.0,0.0,0.1318760946791574,0.18148850216015697,0.0,0.03217447260438935,0.0,0.0,0.0,0.0,0.0,0.13530201829834768,0.0,0.0,0.0761386987626881,0.0,0.0,0.0,0.15762208124782012,0.0,0.0,0.0,0.0,0.0,0.17349447958987207,0.0,0.25408390302421974,0.0,0.0,0.030743773095067286,0.0,0.0,0.0,0.0,0.0,0.0,0.0,0.0,0.0,0.0,0.08340576562282992,0.17693034738587657,0.0,0.0,0.0,0.05897678246195886,0.05957554687344993,0.030743773095067286,0.0,0.0,0.0,0.02948839123097943,0.0,0.06286946134619315,0.0,0.0,0.03143473067309657,0.0,0.0,0.0,0.0,0.0761386987626881,0.09100315103865803,0.0,0.11795356492391772,0.0,0.06286946134619315,0.0,0.0,0.0,0.07259540086406278,0.0659380473395787,0.0,0.0,0.13900960937138318,0.09829463743659811,0.0,0.0,0.0,0.0,0.0,0.0,0.0,0.05783149319662403,0.1739130434782609,0.02948839123097943,0.0,0.0,0.0,0.11616046389935494,0.0,0.0,0.0,0.08846517369293828,0.0,0.0,0.04347826086956522,0.03806934938134405,0.030743773095067286,0.05897678246195886,0.0,0.0,0.0,0.0,0.0,0.19134594929397594,0.0,0.0,0.0,0.0
herb175,0.0,0.0,0.0,0.0,0.0,0.0,0.0,0.0,0.0,0.0,0.0,0.0,0.0,0.0,0.0,0.0,0.0,0.0,0.0,0.0,0.0,0.0,0.0,0.0,0.0,0.0,0.0,0.0,0.0,0.0,0.0,0.0,0.0,0.0,0.0,0.0,0.0,0.0,0.0,0.0,0.0,0.0,0.0,0.0,0.0,0.0,0.0,0.0,0.0,0.0,0.0,0.0,0.0,0.0,0.0,0.0,0.0,0.0,0.0,0.0,0.0,0.0,0.0,0.0,0.0,0.0,0.18973665961010275,0.0,0.0,0.0,0.0,0.0,0.0,0.0,0.0,0.0,0.0,0.0,0.0,0.0,0.06324555320336758,0.0,0.0,0.18973665961010275,0.0,0.0,0.0,0.0,0.0,0.0,0.0,0.0,0.0,0.0,0.0,0.0,0.0,0.0,0.0,0.0,0.0,0.0,0.0,0.0,0.0,0.0,0.0,0.0,0.0,0.0,0.0,0.0,0.0,0.0,0.0,0.0,0.0,0.0,0.0,0.0,0.0,0.0,0.0,0.0,0.0,0.0,0.0,0.0,0.0,0.0,0.0,0.0,0.0,0.0,0.0,0.0,0.0,0.0,0.0,0.0,0.0,0.0,0.0,0.0,0.0,0.9999999999999999,0.0,0.0,0.0,0.0,0.0,0.0,0.0,0.0,0.0,0.0,0.0,0.0,0.0,0.0,0.0,0.0,0.0,0.0,0.0,0.0,0.0,0.0,0.0,0.0,0.0,0.0,0.0,0.0,0.0,0.0,0.0,0.0,0.0,0.0,0.0,0.0,0.0,0.0,0.0,0.0,0.0,0.0,0.0,0.0,0.0,0.0,0.0,0.0,0.0,0.0,0.0,0.0,0.0,0.0,0.0,0.0,0.0,0.0,0.0,0.0,0.0,0.0,0.0,0.0,0.0,0.0,0.0,0.0,0.0,0.0,0.0,0.0,0.0,0.0,0.0,0.0,0.0,0.0,0.0,0.0,0.0,0.3508232077228117,0.0,0.0,0.0,0.0,0.0,0.0,0.0,0.0,0.0,0.0,0.0,0.0,0.0,0.0,0.0,0.0,0.0,0.0,0.0,0.0,0.0,0.0,0.0,0.0,0.0,0.0,0.0,0.0,0.0,0.0,0.0,0.0,0.0,0.0,0.0,0.0,0.0,0.0,0.0,0.0,0.0,0.0,0.0,0.0,0.0,0.0,0.0,0.0,0.0,0.0,0.0,0.0,0.0,0.0,0.0,0.0,0.0,0.0,0.0,0.0,0.0,0.0,0.0,0.0,0.0,0.0,0.0,0.0,0.0,0.0,0.0,0.0,0.0,0.0,0.0,0.0,0.0,0.0,0.0,0.0,0.0,0.0,0.0,0.0,0.0,0.0,0.0,0.0,0.0,0.0
herb176,0.18712029714127992,0.0,0.0,0.03742405942825598,0.0,0.0,0.0,0.0,0.0,0.0,0.08728715609439697,0.19518001458970663,0.14285714285714288,0.033671751485073696,0.3394673699166022,0.0,0.0,0.1636634176769943,0.0,0.07079923254047887,0.0,0.0,0.03327791628198609,0.03450327796711771,0.0,0.0,0.0,0.0657951694959769,0.07968190728895957,0.03183035070396152,0.0,0.0,0.12344267996967354,0.19596545041740515,0.21821789023599242,0.043643578047198484,0.0,0.0,0.0,0.13093073414159545,0.25197631533948484,0.03688555567816587,0.0,0.12344267996967354,0.0,0.030860669992418384,0.25197631533948484,0.0,0.0,0.0,0.036369648372665396,0.030860669992418384,0.0,0.2044794529772991,0.10350983390135313,0.12344267996967354,0.0,0.0,0.0545544725589981,0.0,0.0,0.03327791628198609,0.08247860988423225,0.0,0.0,0.18516401995451032,0.030860669992418384,0.0,0.12598815766974242,0.0,0.0,0.0,0.0,0.363696483726654,0.0,0.0,0.0,0.0,0.0,0.0,0.12344267996967354,0.0,0.030860669992418384,0.0,0.1091089451179962,0.0,0.16208817969462155,0.0,0.19596545041740515,0.2057377999494559,0.0,0.15430334996209194,0.0,0.0,0.0,0.0,0.031173984319427483,0.14547859349066158,0.03984095364447979,0.0,0.0,0.0,0.0,0.0,0.0,0.0,0.19518001458970663,0.0,0.0,0.0,0.4629100498862758,0.0,0.09549105211188456,0.036369648372665396,0.0,0.0,0.0,0.0,0.0563436169819011,0.0,0.0,0.0,0.058321184351980436,0.0,0.0,0.0,0.1904761904761905,0.0,0.0,0.0,0.0,0.0,0.09352195295828244,0.07715167498104596,0.08104408984731078,0.0,0.0,0.0,0.13957263155977062,0.0,0.0,0.1649572197684645,0.03183035070396152,0.0,0.0,0.0,1.0000000000000002,0.04652421051992354,0.033671751485073696,0.0,0.0,0.0,0.0,0.0,0.18516401995451032,0.0,0.04550157551932901,0.058321184351980436,0.0,0.0,0.0,0.23904572186687872,0.0,0.0,0.0,0.030860669992418384,0.13957263155977062,0.0,0.0,0.0,0.1636634176769943,0.0,0.0,0.06172133998483677,0.2160246899469287,0.0,0.03407990882954985,0.0,0.0,0.18516401995451032,0.0,0.03984095364447979,0.09523809523809525,0.0,0.0,0.10619884881071831,0.0,0.0,0.030860669992418384,0.1904761904761905,0.0,0.09304842103984708,0.0,0.0,0.0,0.15430334996209194,0.18516401995451032,0.0,0.044543540318737404,0.030860669992418384,0.0,0.05292561240249632,0.0,0.0,0.0,0.06172133998483677,0.0,0.0,0.2727723627949905,0.10350983390135313,0.0,0.0,0.0,0.033671751485073696,0.030860669992418384,0.0,0.30261376633440124,0.0,0.10762440050012628,0.0,0.0,0.0,0.0,0.18156825980064073,0.031497039417435604,0.0,0.0,0.0,0.0,0.0,0.07715167498104596,0.08908708063747481,0.0,0.0,0.03798685881987932,0.0,0.042796049251091296,0.0,0.0,0.0,0.043643578047198484,0.0,0.0,0.12598815766974242,0.06172133998483677,0.0,0.0,0.2927700218845599,0.0,0.0,0.0,0.0,0.08247860988423225,0.15430334996209194,0.031173984319427483,0.09652341781316803,0.04550157551932901,0.0,0.0,0.06172133998483677,0.0,0.09869275424396534,0.04761904761904762,0.0,0.03289758474798845,0.2545875386086578,0.0,0.18156825980064073,0.0,0.0,0.0,0.0,0.09258200997725516,0.04052204492365539,0.1315903389919538,0.27774602993176545,0.051434449987363975,0.21821789023599242,0.11396057645963797,0.0,0.14969623771302393,0.0,0.14547859349066158,0.0,0.09258200997725516,0.0,0.0,0.0,0.0,0.0,0.0,0.0,0.0,0.0,0.40050093945740706,0.10762440050012628,0.06172133998483677,0.04052204492365539,0.0,0.13093073414159545,0.0,0.0,0.0,0.0,0.0,0.0,0.0,0.09258200997725516,0.0,0.0,0.0,0.0,0.0,0.0,0.07174960033341753,0.0,0.09652341781316803,0.0
herb178,0.0,0.15891043154093204,0.0,0.0,0.0,0.0,0.0,0.0,0.0,0.06428243465332249,0.04264014327112209,0.0,0.09304842103984708,0.0,0.0,0.0,0.0,0.0,0.0,0.0,0.0,0.0,0.0,0.0,0.4281744192888376,0.0,0.0,0.0,0.03892494720807614,0.0,0.0,0.0,0.0,0.03829197905337418,0.0,0.0,0.0,0.0,0.0,0.0,0.0,0.0,0.0,0.0,0.0,0.060302268915552716,0.06154574548966637,0.4290581651605165,0.0,0.0,0.0,0.0,0.0,0.06659271582120269,0.0674199862463242,0.0,0.0,0.08058229640253801,0.0,0.3503245248726853,0.0,0.0,0.0,0.0,0.22975187432024508,0.0,0.21105794120443452,0.0,0.0,0.0,0.0,0.1484539238050411,0.0,0.03553345272593507,0.07658395810674835,0.0,0.0,0.0,0.37080992435478305,0.15717365336548286,0.060302268915552716,0.0,0.0,0.18090680674665816,0.0,0.0,0.039590379123244784,0.4891159880445184,0.0,0.050251890762960605,0.0,0.0,0.0,0.0,0.0,0.0,0.030457245193658628,0.17766726362967533,0.0,0.1818181818181818,0.07658395810674835,0.0,0.0,0.0,0.0,0.0,0.0,0.0,0.0,0.0,0.0,0.0,0.217689644749893,0.03553345272593507,0.0,0.0,0.0,0.0,0.0,0.0,0.0,0.04545454545454545,0.0,0.06154574548966637,0.0,0.0,0.04652421051992354,0.03143473067309657,0.0,0.0,0.0,0.0,0.060914490387317256,0.2261335084333227,0.039590379123244784,0.0,0.0,0.0,0.0,0.0,0.0,0.04029114820126901,0.0,0.0,0.0,0.0,0.04652421051992354,0.9999999999999999,0.0,0.0,0.0,0.0,0.0,0.16116459280507603,0.0,0.0,0.044455422447438706,0.05698028822981897,0.0,0.0,0.22247460415730486,0.03892494720807614,0.0,0.0,0.0,0.0,0.0,0.0,0.0,0.0,0.053300179088902604,0.0,0.0,0.060302268915552716,0.0,0.0,0.0,0.0,0.0,0.09045340337332908,0.09534625892455922,0.0,0.0,0.0,0.0,0.0,0.0,0.0,0.0,0.0,0.0,0.0,0.0,0.0,0.0,0.0,0.0,0.0,0.08703882797784893,0.18090680674665816,0.0,0.0,0.0,0.0,0.0,0.0,0.0,0.0,0.1599005372667078,0.0,0.0,0.0,0.1257389226923863,0.0,0.0,0.0,0.0,0.3837612894400988,0.0,0.13834289277321493,0.0,0.0,0.07784989441615228,0.0,0.0,0.0,0.0,0.0,0.0,0.0,0.37688918072220445,0.2611164839335468,0.0,0.0,0.0,0.0,0.04181210050035454,0.0,0.4139186771923578,0.0,0.04264014327112209,0.0,0.0,0.0,0.0,0.0,0.0,0.0,0.0,0.0,0.0,0.0,0.32232918561015206,0.0,0.0,0.0,0.4445542244743871,0.0,0.07784989441615228,0.0,0.0,0.032141217326661246,0.0,0.0,0.09642365197998373,0.0,0.0,0.0,0.0,0.0,0.0,0.0,0.030151134457776358,0.039590379123244784,0.0,0.0,0.0,0.0,0.037113480951260276,0.0,0.0,0.0,0.0,0.0,0.0,0.0,0.0,0.0,0.0,0.05504818825631802,0.0,0.0,0.0,0.0,0.0,0.0,0.0,0.07918075824648957,0.0,0.0,0.0,0.0,0.0,0.0,0.0,0.0,0.0,0.0,0.0,0.0,0.0,0.0,0.0,0.0,0.1752499093081954,0.0,0.0,0.0
herb179,0.07938841860374446,0.0,0.0,0.6086445426287075,0.0,0.0,0.0,0.0,0.0,0.046524210519923545,0.0,0.0,0.033671751485073696,0.5000000000000001,0.06546536707079771,0.0,0.0,0.07715167498104596,0.0,0.0,0.026082026547865053,0.0,0.0,0.0,0.0,0.0,0.0,0.0,0.02817180849095055,0.1350447409819031,0.0,0.02182178902359924,0.08728715609439695,0.027713699773684666,0.0,0.0,0.0,0.0,0.0,0.0,0.059391387091649865,0.5998866106008962,0.030261376633440123,0.06546536707079771,0.1126872339638022,0.32732683535398854,0.0,0.0,0.0,0.0,0.0,0.06546536707079771,0.0,0.0,0.5611425419454066,0.0,0.0,0.11664236870396086,0.23145502494313785,0.0,0.0,0.04706208053350117,0.08748177652797065,0.0,0.0,0.10910894511799618,0.02182178902359924,0.0,0.1781741612749496,0.0,0.0,0.0,0.15130688316720062,0.10286889997472794,0.0,0.0,0.0,0.0,0.0,0.022750787759664503,0.0,0.02182178902359924,0.02182178902359924,0.02182178902359924,0.03857583749052298,0.0,0.17192047651837583,0.0,0.083141099321054,0.10910894511799621,0.0,0.08728715609439695,0.0,0.0,0.04706208053350117,0.0,0.4629100498862757,0.025717224993681984,0.6479515952918629,0.0,0.0,0.0,0.0,0.027713699773684666,0.0,0.06546536707079771,0.0,0.20203050891044216,0.0,0.0,0.0727392967453308,0.0,0.0,0.6172133998483678,0.0,0.0,0.0,0.0,0.23904572186687872,0.0,0.0,0.03289758474798845,0.08247860988423225,0.0,0.0,0.20203050891044216,0.30304576336566325,0.022750787759664503,0.0,0.0,0.0,0.0,0.0,0.0,0.22922730202450112,0.0,0.0,0.03289758474798845,0.03289758474798845,0.0,0.0,0.11664236870396086,0.0,0.0,0.0,0.0,0.033671751485073696,0.0,1.0000000000000002,0.0,0.0,0.11631052629980886,0.0,0.0,0.06546536707079771,0.0,0.0643489452087787,0.08247860988423225,0.14824986333222023,0.0,0.0,0.02817180849095055,0.0,0.0,0.0,0.06546536707079771,0.03289758474798845,0.0,0.0,0.0,0.07715167498104596,0.0,0.0,0.4800793585191832,0.0,0.0,0.09639253854237598,0.0,0.0,0.13093073414159542,0.0,0.6479515952918629,0.0,0.0,0.0,0.0,0.19738550848793068,0.0,0.4364357804719847,0.0,0.0,0.0,0.02182178902359924,0.0,0.0,0.0,0.06546536707079771,0.1781741612749496,0.0,0.1091089451179962,0.0,0.0,0.02817180849095055,0.0,0.10619884881071828,0.0,0.02380952380952381,0.02865341275306264,0.0,0.5611425419454066,0.024397501823713332,0.0,0.022750787759664503,0.5476190476190478,0.4364357804719847,0.0,0.0,0.0,0.5327136039034331,0.0,0.0,0.0,0.0,0.0,0.5122507136654803,0.0,0.0,0.0,0.0,0.023262105259961773,0.0,0.0,0.0,0.19920476822239894,0.0,0.0,0.0,0.0,0.0,0.027713699773684666,0.030860669992418384,0.0,0.0,0.044543540318737404,0.0,0.0,0.0,0.0,0.0,0.02182178902359924,0.08728715609439695,0.08728715609439695,0.029160592175990215,0.0,0.0,0.0,0.03217447260438935,0.0,0.02817180849095055,0.13093073414159542,0.17757120130114434,0.5350284209791206,0.0,0.0,0.13957263155977062,0.0,0.0,0.0,0.0,0.0,0.0,0.03289758474798845,0.4800793585191832,0.22922730202450112,0.0,0.0,0.0,0.0,0.0,0.0,0.0,0.048795003647426664,0.0,0.0363696483726654,0.08728715609439695,0.0,0.0,0.11227217828476796,0.0,0.0,0.0,0.0,0.0,0.0,0.0,0.07610194341477616,0.02182178902359924,0.17192047651837583,0.0,0.030860669992418384,0.0,0.02182178902359924,0.0,0.15018785229652767,0.0,0.0,0.0,0.5455447255899809,0.044086671417740544,0.0,0.0,0.030261376633440123,0.0,0.0,0.5580809183750252,0.11227217828476796,0.0,0.10101525445522108
herb181,0.0,0.14757295747452437,0.1778001778002667,0.0,0.0,0.28,0.0,0.0,0.0,0.0,0.0,0.0,0.0,0.1745743121887939,0.30000000000000004,0.0,0.16162440712835371,0.0,0.0,0.2064741604835056,0.0,0.0,0.19409899176618914,0.42485291572496003,0.0,0.1,0.0,0.0,0.0,0.0,0.36000000000000004,0.30000000000000004,0.12,0.1778001778002667,0.0282842712474619,0.0,0.0,0.0,0.539163866017192,0.0,0.0,0.0,0.1941450686788302,0.1,0.0,0.0,0.0,0.0,0.24748737341529162,0.0,0.21213203435596426,0.08,0.0,0.15460413650478516,0.0,0.2,0.0,0.0,0.0,0.0,0.0,0.0,0.2939873661036668,0.0,0.0,0.24,0.13999999999999999,0.1987767469347238,0.0,0.3064129385141706,0.2359071298478354,0.0,0.0,0.0,0.2032002032003048,0.0,0.0,0.0,0.0,0.0,0.0,0.16,0.0,0.06,0.0,0.0,0.18382900600361157,0.0,0.0,0.0,0.16,0.14,0.29192017967990463,0.0,0.19409899176618914,0.0,0.0,0.21213203435596426,0.0,0.030151134457776358,0.0,0.0,0.0,0.0,0.0,0.02,0.41109609582188933,0.0,0.0,0.27774602993176545,0.0,0.0,0.0,0.0,0.0,0.24009801919951235,0.24688535993934707,0.0,0.0,0.22710998958306752,0.44783429475148007,0.0,0.0,0.0,0.2556038601690775,0.2160246899469287,0.0,0.0,0.0,0.0,0.12510864843424485,0.0,0.18182745801939793,0.0,0.0,0.0,0.0,0.0,0.0,0.0,0.0,0.0,0.0,0.0,0.0,0.0,0.0,0.0,0.0,1.0,0.0,0.0,0.0,0.0,0.19999999999999998,0.40640040640060965,0.23590712984783543,0.0,0.0,0.0,0.0,0.0,0.0,0.14744195615489714,0.0,0.02,0.24120907566221086,0.0,0.4,0.0,0.0,0.0,0.2556038601690775,0.0,0.0,0.02156655464068768,0.0,0.0,0.0,0.14,0.0,0.0,0.2160246899469287,0.0,0.02,0.0,0.0,0.030860669992418384,0.0,0.0,0.5,0.0,0.12,0.0,0.6114295984380816,0.12000000000000001,0.19999999999999998,0.0,0.0,0.12000000000000001,0.0,0.0,0.0,0.0,0.0,0.30000000000000004,0.0,0.0,0.0,0.0,0.20124611797498107,0.0,0.0,0.0,0.0,0.02294157338705618,0.0,0.1979898987322333,0.0,0.0,0.264575131106459,0.0,0.0,0.3530090432487313,0.1837117307087384,0.18382900600361157,0.40089186286863654,0.16641005886756874,0.3373096170846271,0.0,0.0,0.0,0.19611613513818404,0.0,0.0,0.0,0.0,0.020851441405707476,0.0,0.0,0.1979898987322333,0.18073922282301277,0.40761973229205445,0.0,0.2,0.2666666666666667,0.0,0.0,0.0,0.0,0.14,0.0,0.05345224838248487,0.34,0.1414213562373095,0.5629889179541018,0.0,0.3849741916091625,0.12909944487358055,0.0,0.18599622199011084,0.0,0.0,0.2262741699796952,0.0,0.0,0.19051586888313607,0.0,0.0,0.0,0.24688535993934707,0.27136021011998723,0.0,0.0,0.0,0.26,0.30000000000000004,0.2545584412271571,0.0,0.2683281572999748,0.24253562503633294,0.0,0.0,0.0,0.0,0.0,0.07276068751089988,0.0,0.0,0.0,0.0,0.0,0.0,0.0,0.22710998958306752,0.0,0.14,0.0,0.5366563145999496,0.0,0.0,0.0,0.36927447293799814,0.13764944032233706,0.0,0.02581988897471611,0.0,0.16,0.12121830534626528,0.1969463855669324,0.0,0.1941450686788302,0.5276561879022921,0.0,0.0,0.0,0.0,0.2160246899469287
herb182,0.34299717028501764,0.0,0.0,0.10289915108550529,0.0,0.0,0.0,0.25021729686848976,0.0,0.0,0.0,0.0,0.0,0.0,0.0,0.0,0.0,0.0,0.0,0.0,0.0,0.0,0.0,0.0,0.1460593486680443,0.0282842712474619,0.0,0.0,0.18257418583505536,0.14586499149789456,0.1131370849898476,0.33941125496954283,0.0,0.0,0.0,0.0,0.0,0.0,0.0,0.0,0.0,0.33806170189140666,0.0,0.0,0.36514837167011077,0.0,0.0,0.0,0.0,0.0,0.0,0.0,0.048507125007266595,0.0,0.0,0.0,0.0,0.0,0.0,0.0,0.0,0.0,0.0,0.0,0.0,0.0,0.0,0.0,0.0,0.16666666666666666,0.0,0.0,0.11766968108291043,0.13333333333333333,0.0,0.0,0.22941573387056174,0.6196773353931866,0.0,0.0,0.0,0.0,0.0282842712474619,0.0,0.0,0.0,0.0,0.0,0.0,0.0,0.0,0.0,0.0,0.0,0.12199885626608374,0.6717514421272199,0.0,0.0,0.0,0.0,0.1796053020267749,0.0,0.0,0.0,0.3577708763999664,0.0,0.0,0.0,0.048507125007266595,0.0,0.0,0.0,0.0,0.0,0.0,0.0,0.0,0.6333333333333333,0.0,0.0,0.0,0.0,0.0,0.0,0.0,0.0,0.0,0.0,0.0,0.0,0.3243723035407737,0.0,0.0,0.21213203435596426,0.0,0.1885618083164127,0.0,0.0,0.0,0.0,0.0,0.0,0.0,0.13764944032233706,0.0,0.0,0.0,0.0,0.0,0.0,1.0,0.0,0.0,0.0,0.0,0.0,0.0,0.0,0.0,0.0,0.0,0.0,0.7211102550927979,0.3336230624913196,0.0,0.0,0.17056057308448835,0.0,0.0,0.0,0.0,0.0,0.0,0.33941125496954283,0.0,0.0,0.0,0.24494897427831788,0.044721359549995794,0.0,0.0,0.0,0.0,0.4221158824088691,0.0,0.0,0.0,0.0,0.1131370849898476,0.0,0.0,0.0,0.0,0.17457431218879393,0.0,0.0282842712474619,0.0,0.0,0.0,0.0,0.0,0.0,0.0,0.0,0.0,0.36769552621700474,0.0,0.0,0.0,0.0,0.0,0.0,0.0,0.3086066999241838,0.0,0.0,0.16641005886756877,0.0,0.09863939238321438,0.0,0.0,0.0,0.1460593486680443,0.0,0.11547005383792518,0.0,0.0,0.0,0.0298142396999972,0.0,0.0,0.0,0.0,0.2065591117977289,0.2088931871468374,0.0,0.0,0.0,0.0,0.0,0.0,0.0,0.06405126152203486,0.0,0.0,0.0,0.0,0.0,0.39999999999999997,0.0,0.0,0.0,0.0,0.0,0.0,0.0,0.0,0.0,0.0,0.0,0.0,0.0,0.0,0.16000000000000003,0.0,0.0,0.0,0.0,0.0,0.36514837167011077,0.0,0.17056057308448835,0.0,0.0,0.0,0.0,0.0,0.0,0.34815531191139565,0.0,0.0,0.0,0.0,0.1885618083164127,0.0,0.0,0.0,0.0,0.23570226039551587,0.0,0.46291004988627577,0.5547001962252291,0.4170288281141496,0.0282842712474619,0.0,0.13151918984428584,0.0,0.0,0.0,0.0,0.0,0.5091168824543143,0.0,0.0,0.16681153124565984,0.0,0.02948839123097943,0.0,0.0,0.1392621247645583,0.0,0.0,0.0,0.0,0.0,0.0,0.11795356492391772,0.0
herb183,0.0,0.0,0.0,0.1292719224987548,0.0,0.0,0.3556433795795097,0.0,0.0,0.0,0.0,0.0,0.0,0.11631052629980886,0.0,0.0,0.34458439380315836,0.0,0.0,0.0,0.025482359571881275,0.3411211461689767,0.06897007348075543,0.0,0.0,0.06396021490668313,0.09913631941932194,0.0,0.0,0.175919798853417,0.0,0.0,0.08528028654224418,0.0,0.18090680674665818,0.15075567228888181,0.0,0.0,0.0,0.0,0.029012942659282975,0.12741179785940637,0.0,0.08528028654224418,0.0,0.12792042981336627,0.0,0.0,0.037688918072220454,0.0,0.0,0.06396021490668313,0.0,0.023544080467400558,0.11918282365569904,0.04264014327112209,0.0,0.0,0.18844459036110228,0.0,0.0,0.11495012246792571,0.0,0.1257389226923863,0.0,0.08528028654224418,0.0,0.0,0.14506471329641488,0.0,0.0,0.1574591643244434,0.14782809899727067,0.0,0.0,0.0,0.0,0.0,0.42905816516051665,0.4000988020269484,0.021320071635561044,0.021320071635561044,0.08528028654224418,0.0,0.0,0.0,0.1399731277389636,0.0,0.0,0.0,0.40508136107565984,0.06396021490668313,0.0,0.0,0.0,0.0,0.15075567228888181,0.0,0.13762047064079508,0.0,0.0,0.4797016118001234,0.5321811563901745,0.0,0.0,0.5756419341601482,0.0,0.16448792373994225,0.0,0.0,0.0,0.5330017908890261,0.021989974856677124,0.17588161767036212,0.4642070825485276,0.0,0.0,0.0,0.19462473604038072,0.0,0.0,0.0,0.0,0.0,0.0,0.16448792373994225,0.16448792373994225,0.044455422447438706,0.0,0.0,0.0,0.0,0.06460957383809221,0.0,0.1399731277389636,0.0,0.0,0.0,0.0,0.0,0.0,0.0,0.37382957256351107,0.0,0.06286946134619315,0.0,0.0,0.0,0.11631052629980886,0.0,0.0,0.9999999999999999,0.0,0.0,0.0,0.0,0.0,0.0,0.3138229572304239,0.0,0.06741998624632421,0.0,0.0,0.0,0.0,0.0,0.0,0.0,0.0,0.1709408646894569,0.0,0.0,0.0,0.12792042981336627,0.2345207879911715,0.18392019594868114,0.42379344841321,0.0,0.0,0.10660035817780522,0.033709993123162106,0.13762047064079508,0.0,0.0,0.36244121780453775,0.0,0.22498852128662872,0.0,0.08528028654224418,0.0,0.0,0.0,0.021320071635561044,0.0,0.0,0.04264014327112209,0.0,0.3481553119113957,0.0,0.08528028654224418,0.0,0.0,0.0,0.6035056869815844,0.0,0.0,0.06978631577988531,0.0,0.0,0.14301938838683886,0.0,0.026243194054073903,0.022227711223719353,0.11631052629980886,0.44772150434678193,0.0,0.0,0.0,0.1487044791289829,0.0,0.0,0.0,0.0,0.0,0.10879853497231116,0.0,0.0,0.0,0.0,0.0,0.0,0.0,0.0,0.0,0.0,0.0,0.029565619799454133,0.044455422447438706,0.0,0.0,0.0,0.0,0.0,0.0,0.31980107453341566,0.0,0.0,0.0,0.0,0.3837612894400988,0.490361647617904,0.3411211461689767,0.0,0.0,0.38765744302855315,0.0,0.0,0.0,0.0,0.04264014327112209,0.12392039927415242,0.15909090909090912,0.03289758474798845,0.0,0.5227272727272728,0.0,0.0,0.0,0.0,0.0,0.0,0.0,0.10660035817780522,0.1399731277389636,0.0,0.0,0.0,0.0,0.0,0.04767312946227962,0.0,0.0,0.0,0.0,0.10660035817780522,0.0,0.0,0.0,0.0,0.0,0.0,0.0,0.0,0.08528028654224418,0.0,0.0,0.021320071635561044,0.2519516299301344,0.0,0.0,0.0,0.3411211461689767,0.0,0.12227899701112964,0.0,0.0,0.0,0.1492405014489273,0.0,0.052486388108147805,0.032141217326661246,0.0,0.0,0.0,0.12392039927415242,0.0,0.3556433795795097,0.0
herb184,0.0,0.0,0.0,0.08574929257125441,0.0,0.0,0.0,0.20851441405707477,0.0,0.0,0.0,0.0,0.0,0.0,0.0,0.0,0.0,0.0,0.0,0.0,0.0,0.0,0.0,0.0,0.0,0.0,0.0,0.0,0.0,0.0,0.0,0.0,0.0,0.0,0.0,0.0,0.0,0.0,0.0,0.0,0.0,0.0,0.0,0.0,0.0,0.0,0.0,0.0,0.0,0.0,0.0,0.0,0.0,0.0,0.0,0.0,0.0,0.0,0.0,0.0,0.0,0.0,0.0,0.0,0.0,0.0,0.0,0.15617376188860607,0.0,0.0,0.0,0.0,0.0,0.0,0.0,0.0,0.22941573387056174,0.0,0.0,0.0,0.0,0.0,0.0,0.0,0.25,0.0,0.0,0.0,0.0,0.0,0.0,0.0,0.0,0.0,0.0,0.17677669529663687,0.0,0.0,0.18257418583505536,0.0,0.0,0.0,0.0,0.0,0.0,0.0,0.0,0.0,0.0,0.0,0.0,0.0,0.0,0.0,0.0,0.0,0.0,0.0,0.0,0.0,0.16666666666666666,0.0,0.0,0.0,0.0,0.0,0.0,0.0,0.0,0.0,0.14744195615489714,0.0,0.0,0.0,0.0,0.0,0.0,0.0,0.0,0.0,0.0,0.0,0.0,0.0,0.20851441405707477,0.0,0.0,0.0,0.0,0.0,0.0,0.0,1.0,0.0,0.0,0.0,0.0,0.0,0.0,0.0,0.0,0.0,0.0,0.20851441405707477,0.0,0.0,0.0,0.0,0.0,0.0,0.0,0.0,0.0,0.0,0.0,0.0,0.0,0.0,0.0,0.0,0.0,0.0,0.2182178902359924,0.0,0.0,0.0,0.0,0.0,0.0,0.0,0.0,0.0,0.07071067811865475,0.0,0.0,0.0,0.0,0.0,0.0,0.0,0.0,0.24253562503633297,0.0,0.0,0.0,0.0,0.0,0.0,0.0,0.0,0.15811388300841897,0.0,0.0,0.0,0.0,0.0,0.0,0.0,0.0,0.16222142113076254,0.0,0.0,0.18257418583505536,0.0,0.0,0.0,0.0,0.0,0.0,0.0,0.0,0.0,0.2773500981126146,0.0,0.17407765595569785,0.0,0.0,0.0,0.0,0.0,0.0,0.0,0.0,0.14433756729740646,0.0,0.0,0.0,0.0,0.2,0.1414213562373095,0.0,0.0,0.0,0.0,0.0,0.0,0.0,0.0,0.0,0.0,0.0,0.0,0.0,0.0,0.0,0.0,0.0,0.0,0.0,0.18257418583505536,0.0,0.0,0.1414213562373095,0.0,0.0,0.0,0.0,0.0,0.17407765595569785,0.0,0.0,0.0,0.3333333333333333,0.0,0.0,0.0,0.0,0.0,0.0,0.0,0.0,0.0,0.20851441405707477,0.0,0.0,0.0,0.0,0.0,0.0,0.0,0.0,0.1414213562373095,0.0,0.0,0.0,0.0,0.0,0.0,0.0,0.0,0.0,0.0,0.0,0.0,0.0,0.0,0.0,0.0
herb185,0.0,0.0,0.0,0.0,0.0,0.0,0.11145564251507056,0.0,0.0944911182523068,0.0,0.0,0.0,0.0,0.0,0.0,0.0,0.0,0.1889822365046136,0.0,0.0,0.0,0.0,0.0,0.0,0.0,0.0,0.0,0.0,0.0,0.0,0.0,0.0,0.0,0.0,0.0,0.0,0.08247860988423225,0.0,0.0,0.0,0.0,0.0,0.0,0.0,0.0,0.10690449676496974,0.0,0.0,0.0944911182523068,0.0,0.0,0.0,0.0,0.0,0.17928429140015906,0.0,0.0,0.0,0.0944911182523068,0.0,0.0,0.0,0.0,0.0,0.0,0.0,0.0,0.0,0.07273929674533079,0.0,0.0,0.0,0.0,0.0,0.0,0.0,0.0,0.0,0.0,0.05572782125753528,0.05345224838248487,0.0,0.05345224838248487,0.0,0.0,0.0,0.0,0.0,0.0,0.0,0.0,0.0,0.0,0.0,0.05763904177042349,0.0,0.10798984943120776,0.1259881576697424,0.0,0.0,0.0,0.0,0.0,0.0,0.0,0.0,0.0,0.0,0.0,0.0,0.0,0.0,0.0,0.0629940788348712,0.0,0.0,0.0,0.0,0.0,0.0,0.0,0.0,0.10101525445522107,0.0,0.0,0.0,0.0,0.05572782125753528,0.0,0.0,0.0,0.0,0.0,0.0,0.07018624063435963,0.0,0.0,0.0,0.0,0.0,0.0,0.0,0.0,0.0,0.0,0.0,0.0,0.16116459280507603,0.0,0.0,0.0,0.0,0.0,0.9999999999999998,0.0,0.0,0.07881104062391006,0.0,0.0,0.0,0.0,0.0,0.0,0.0,0.20965696734438366,0.0,0.0,0.0,0.0,0.0,0.0944911182523068,0.0,0.0,0.0,0.0,0.0,0.0,0.0,0.0,0.0,0.0,0.0,0.0,0.0,0.0,0.0,0.0,0.0,0.0,0.0,0.0,0.0,0.0,0.0,0.0,0.0,0.0,0.0,0.0,0.0,0.0,0.0,0.0,0.0,0.0,0.0,0.0,0.0,0.3779644730092272,0.0,0.0,0.0,0.0,0.0,0.0,0.0,0.0,0.0,0.0,0.0,0.0,0.0,0.0,0.0,0.0,0.0,0.0,0.0,0.0,0.0,0.40089186286863654,0.3086066999241838,0.0,0.0,0.0,0.3380617018914066,0.07412493166611012,0.0,0.0,0.0,0.0,0.0,0.0,0.0,0.0,0.0,0.0,0.0,0.0,0.0,0.05345224838248487,0.0,0.0,0.0,0.0,0.0,0.0,0.0,0.0,0.05345224838248487,0.0,0.0,0.0,0.0,0.0,0.0629940788348712,0.0,0.0,0.0,0.0,0.0,0.0,0.0,0.07018624063435963,0.0,0.0,0.0,0.07559289460184544,0.0,0.0,0.0,0.0,0.0,0.0890870806374748,0.0,0.0,0.0,0.0,0.0,0.0975900072948533,0.0,0.0,0.0,0.0,0.0,0.0,0.0,0.0,0.0,0.0,0.0,0.0,0.0,0.0,0.0,0.06900655593423541,0.0,0.0,0.0,0.0,0.0,0.0,0.0,0.0,0.12427395320024,0.0,0.0,0.0
herb186,0.24253562503633294,0.1264911064067352,0.3048003048004572,0.12126781251816647,0.0,0.02,0.04170288281141495,0.0,0.035355339059327376,0.04264014327112209,0.0,0.0,0.0,0.2182178902359924,0.24,0.0,0.26263966158357477,0.035355339059327376,0.0,0.16059101370939324,0.11952286093343936,0.0,0.15096588248481377,0.1341640786499874,0.0,0.02,0.0,0.0,0.0,0.0,0.18,0.04,0.32,0.17780017780026672,0.1414213562373095,0.0,0.030860669992418384,0.0,0.15096588248481377,0.08485281374238571,0.29938207967349956,0.0,0.30508510792387605,0.32,0.05163977794943222,0.02,0.040824829046386304,0.0,0.21213203435596423,0.0,0.023570226039551584,0.24,0.06859943405700353,0.3092082730095703,0.11180339887498948,0.22,0.0,0.26726124191242434,0.0,0.0,0.0,0.04313310928137536,0.45434411125112145,0.0,0.0,0.34,0.02,0.02208630521496931,0.0,0.1649915822768611,0.206418738616856,0.12309149097933274,0.0,0.2592724864350674,0.17780017780026672,0.0,0.0,0.0,0.0,0.0,0.04,0.0,0.04,0.02,0.0,0.0,0.13130643285972254,0.0,0.254000254000381,0.06666666666666668,0.02,0.32,0.18766297265136728,0.0,0.02156655464068768,0.0,0.0,0.023570226039551584,0.0,0.0,0.0,0.024999999999999998,0.02773500981126146,0.0,0.021081851067789197,0.0,0.12649110640673517,0.0,0.0,0.030860669992418384,0.2666666666666667,0.04,0.02062842492517587,0.0,0.0,0.24009801919951235,0.1851640199545103,0.0,0.0,0.22710998958306752,0.1414213562373095,0.12060453783110543,0.11338934190276817,0.0,0.2556038601690775,0.21602468994692867,0.09258200997725516,0.020851441405707476,0.0,0.0,0.0,0.0,0.020203050891044214,0.0,0.0,0.0,0.0,0.1507556722888818,0.09045340337332908,0.0,0.0,0.05345224838248487,0.0,0.0,0.0,0.0,0.18516401995451032,0.0,0.06546536707079771,0.19999999999999998,0.0,0.0,0.0,0.0,0.9999999999999998,0.1016001016001524,0.11795356492391772,0.1889822365046136,0.0,0.12060453783110543,0.0,0.15491933384829665,0.0,0.11795356492391772,0.15689290811054724,0.0,0.12060453783110543,0.0,0.12000000000000001,0.0,0.07071067811865475,0.0,0.2556038601690775,0.0,0.16,0.02156655464068768,0.0,0.0,0.0,0.24,0.0,0.12909944487358055,0.21602468994692867,0.0,0.1,0.11470786693528089,0.0,0.1543033499620919,0.0,0.0,0.12000000000000001,0.060302268915552716,0.04,0.0,0.1358732440973515,0.36,0.86,0.0,0.02886751345948129,0.24,0.0,0.0,0.0,0.0,0.0,0.32,0.0,0.02626128657194451,0.035355339059327376,0.0,0.0,0.17232808737106584,0.0,0.0,0.0,0.0,0.11766968108291043,0.19798989873223333,0.06974858324629157,0.0,0.264575131106459,0.0,0.07745966692414832,0.03922322702763681,0.020412414523193152,0.34139672543527866,0.29398736610366677,0.0,0.2740640638812596,0.0,0.0,0.0,0.15689290811054724,0.10954451150103323,0.0,0.0,0.0,0.020851441405707476,0.0,0.20320020320030482,0.19798989873223333,0.18073922282301275,0.1585187847802434,0.0,0.16,0.2,0.2886751345948129,0.09486832980505137,0.0,0.1,0.0,0.13999999999999999,0.026726124191242435,0.18,0.1414213562373095,0.22936585546278224,0.0,0.29439202887759486,0.23237900077244497,0.06,0.2557448052364025,0.0,0.12344267996967354,0.3111269837220809,0.0,0.1649915822768611,0.16329931618554522,0.0,0.0,0.18073922282301275,0.1851640199545103,0.030151134457776358,0.0,0.0,0.0,0.18000000000000002,0.03333333333333334,0.16970562748477142,0.0,0.0,0.12126781251816647,0.0,0.0,0.0,0.04,0.0,0.04850712500726659,0.2743977362280141,0.0,0.0,0.0,0.0,0.0,0.04,0.3244428422615251,0.0,0.38,0.0,0.1341640786499874,0.0,0.0,0.04,0.24618298195866548,0.02294157338705618,0.206418738616856,0.0,0.0,0.18,0.0,0.02461829819586655,0.1507556722888818,0.36055512754639896,0.13764944032233709,0.0,0.0,0.2743977362280141,0.0,0.5246313898711125
herb187,0.0,0.0535479552601666,0.03225806451612904,0.0,0.0,0.1016001016001524,0.0,0.0,0.0,0.0,0.0,0.0,0.0,0.05542739954736933,0.20320020320030482,0.0,0.025657900289539272,0.0,0.0,0.02913582733740325,0.030358837035945812,0.0,0.0,0.028398091712353243,0.0,0.0254000254000381,0.029526929767874632,0.0,0.0,0.0,0.0254000254000381,0.15240015240022858,0.0508000508000762,0.03225806451612904,0.2514474228374849,0.0,0.0,0.0,0.027389551783238836,0.0,0.0,0.0,0.03522349768381735,0.0254000254000381,0.0,0.0,0.0,0.0,0.04490132550669373,0.0,0.0,0.0,0.0,0.08414890701798217,0.0,0.0508000508000762,0.0,0.0,0.0,0.0,0.0,0.0,0.16971105832553265,0.0,0.03225806451612904,0.0,0.1778001778002667,0.0,0.0,0.1796053020267749,0.037450294313656915,0.0,0.0,0.0,0.03225806451612904,0.0,0.0,0.046373889576016826,0.0,0.0,0.0254000254000381,0.2286002286003429,0.0254000254000381,0.1270001270001905,0.0,0.0,0.16675933649126753,0.0,0.2580645161290323,0.0,0.0,0.0,0.13240678533309402,0.0,0.027389551783238836,0.0,0.0,0.029934217004462485,0.0,0.0,0.0,0.0,0.0,0.0,0.0,0.0,0.5220925637866243,0.0,0.0,0.03919309008348103,0.0,0.0,0.0,0.0,0.0,0.04356068418690321,0.03919309008348103,0.0,0.0,0.041204282171516456,0.029934217004462485,0.0,0.0,0.0,0.046373889576016826,0.03919309008348103,0.0,0.0,0.0,0.0,0.13240678533309402,0.0,0.025657900289539272,0.0,0.0,0.0,0.0,0.03829197905337418,0.0,0.0,0.0,0.0,0.0,0.0,0.0,0.0,0.0,0.0,0.0,0.40640040640060965,0.0,0.0,0.0,0.0,0.1016001016001524,1.0000000000000002,0.33705264882291225,0.0,0.0,0.0,0.0535479552601666,0.09837387536759294,0.0,0.1872514715682846,0.0,0.0,0.3446278114803676,0.0,0.1016001016001524,0.0,0.0,0.0,0.046373889576016826,0.0,0.0254000254000381,0.05477910356647767,0.0,0.0,0.0,0.0254000254000381,0.0,0.0,0.03919309008348103,0.0,0.0,0.0,0.0,0.0,0.0,0.0,0.0254000254000381,0.0,0.15240015240022858,0.0,0.25883878884437284,0.0,0.1270001270001905,0.0,0.0,0.0,0.0,0.0,0.0,0.02875986542715254,0.0,0.2286002286003429,0.0,0.0,0.0,0.0,0.25558282541117916,0.0,0.0,0.0,0.0,0.0,0.0,0.03592106040535498,0.0,0.0,0.048001536073731935,0.0,0.0,0.049813548138671795,0.025923792368260635,0.033351867298253506,0.16971105832553265,0.17611748841908675,0.267739776300833,0.0,0.0,0.0,0.24906774069335896,0.0,0.0,0.0,0.0,0.0,0.0,0.0,0.03592106040535498,0.032791291789197645,0.05751973085430508,0.0,0.0,0.04233337566673017,0.0,0.0,0.0,0.0,0.0,0.0,0.03394221166510653,0.0254000254000381,0.025657900289539272,0.23833221359956924,0.0,0.02875986542715254,0.26233033431358116,0.0,0.029526929767874632,0.0,0.0,0.03592106040535498,0.0,0.26940795304016235,0.03456505649101418,0.0,0.0,0.0,0.03919309008348103,0.0,0.0,0.0,0.0,0.0,0.0,0.03592106040535498,0.0,0.2839809171235324,0.2464164414534789,0.0,0.0,0.0,0.07620007620011429,0.0,0.0,0.0,0.0,0.0,0.0,0.0,0.0,0.0254000254000381,0.041204282171516456,0.029526929767874632,0.0254000254000381,0.0,0.028398091712353243,0.03592106040535498,0.0,0.0,0.28138742976632514,0.0,0.0,0.032791291789197645,0.0,0.0254000254000381,0.12828950144769635,0.250122159792289,0.0,0.03522349768381735,0.1748149640244195,0.0,0.0885807893036239,0.0,0.18536949946633163,0.03919309008348103
herb188,0.0,0.03108349360801046,0.037450294313656915,0.0,0.0,0.0,0.030743773095067286,0.0,0.0,0.0,0.0,0.0,0.04550157551932901,0.0643489452087787,0.02948839123097943,0.0,0.029787773436724965,0.05212860351426869,0.0,0.03382550457458692,0.035245368842512066,0.0,0.0,0.03296902366978935,0.0,0.0,0.0,0.0,0.0761386987626881,0.030414953233623677,0.02948839123097943,0.0,0.0,0.11235088294097074,0.0,0.0,0.04550157551932901,0.0,0.03179815003744467,0.16681153124565984,0.0,0.035245368842512066,0.04089304100547654,0.0,0.0,0.05897678246195886,0.06019292654288461,0.0,0.05212860351426869,0.0,0.0,0.0,0.0,0.03256448045129181,0.0,0.02948839123097943,0.0,0.0,0.10425720702853739,0.0,0.0,0.0,0.19702760155977517,0.0,0.0,0.0,0.0,0.0,0.040128617695256406,0.034752402342845795,0.04347826086956522,0.0,0.0,0.06950480468569159,0.037450294313656915,0.0,0.0,0.0,0.0,0.030743773095067286,0.0,0.0,0.02948839123097943,0.0,0.0,0.0,0.27104108243182823,0.0,0.0,0.09829463743659811,0.0,0.0,0.030743773095067286,0.0,0.03179815003744467,0.0,0.0893633203101749,0.06950480468569159,0.03806934938134405,0.0,0.0,0.036860489038724284,0.04089304100547654,0.0,0.0,0.0,0.23312620206007845,0.04550157551932901,0.0,0.04550157551932901,0.0,0.0,0.0,0.034752402342845795,0.0,0.05057217374241736,0.04550157551932901,0.0,0.053838190205816545,0.047836487323493986,0.034752402342845795,0.0,0.0,0.0,0.053838190205816545,0.09100315103865803,0.09100315103865803,0.030743773095067286,0.0,0.0,0.0,0.0,0.029787773436724965,0.07372097807744857,0.15488061853247326,0.0,0.0,0.0,0.0,0.0,0.0,0.03940552031195503,0.0,0.0,0.0,0.0,0.04550157551932901,0.044455422447438706,0.0643489452087787,0.23590712984783543,0.0,0.0,0.0,0.07881104062391006,0.11795356492391772,0.33705264882291225,1.0000000000000002,0.05572782125753529,0.033389028164708894,0.0,0.0,0.0761386987626881,0.0,0.2173913043478261,0.05783149319662403,0.0,0.40009880202694836,0.0,0.0,0.0,0.0,0.0,0.053838190205816545,0.05897678246195886,0.0,0.0,0.0,0.0,0.0,0.05897678246195886,0.0,0.0,0.04550157551932901,0.0,0.0,0.0,0.044455422447438706,0.0,0.0,0.0,0.02948839123097943,0.0,0.0,0.0,0.033389028164708894,0.0,0.11795356492391772,0.040128617695256406,0.0,0.0,0.0,0.0,0.0,0.0,0.0,0.02948839123097943,0.0,0.0,0.10425720702853739,0.09890707100936805,0.0,0.0,0.0,0.03217447260438935,0.0,0.0,0.0,0.04170288281141496,0.0,0.0,0.05572782125753529,0.0,0.0,0.05783149319662403,0.06019292654288461,0.038720154633118314,0.19702760155977517,0.0,0.03108349360801046,0.0,0.14744195615489714,0.08512565307587487,0.28915746598312014,0.0,0.0,0.09325048082403138,0.08178608201095308,0.0,0.0,0.0,0.12510864843424488,0.03806934938134405,0.06677805632941779,0.0,0.0,0.049147318718299055,0.0,0.0,0.0,0.0,0.02948839123097943,0.0,0.07881104062391006,0.02948839123097943,0.029787773436724965,0.030743773095067286,0.08695652173913045,0.033389028164708894,0.19034674690672024,0.05897678246195886,0.03427955850955305,0.06286946134619315,0.0,0.04170288281141496,0.06286946134619315,0.0,0.040128617695256406,0.0,0.0,0.0,0.04550157551932901,0.0,0.05897678246195886,0.15488061853247326,0.0,0.0,0.0,0.04170288281141496,0.03629770043203139,0.0,0.03575992699260758,0.0,0.0,0.09829463743659811,0.11795356492391772,0.0,0.0,0.0,0.0,0.0,0.0,0.0,0.0,0.0,0.047836487323493986,0.0685591170191061,0.0,0.07744030926623663,0.03296902366978935,0.0,0.0,0.0,0.03629770043203139,0.03382550457458692,0.0,0.03806934938134405,0.0,0.02948839123097943,0.0,0.0,0.0,0.04089304100547654,0.03382550457458692,0.0,0.03427955850955305,0.0,0.0,0.04550157551932901
herb189,0.2291746242570528,0.0,0.0,0.2291746242570528,0.0,0.0,0.0,0.05572782125753529,0.0,0.0,0.053452248382484885,0.0,0.0,0.12371791482634838,0.07559289460184544,0.0,0.0,0.0,0.08058229640253803,0.0,0.0,0.0,0.12227087189088336,0.0,0.0,0.0,0.0,0.0,0.04879500364742666,0.0,0.0,0.0,0.07559289460184544,0.048001536073731935,0.0,0.0,0.0,0.08058229640253803,0.0,0.0,0.25717224993681986,0.0,0.0,0.11338934190276817,0.09759000729485331,0.0,0.07715167498104597,0.05976143046671968,0.0,0.0,0.0,0.07559289460184544,0.0,0.0,0.21128856368212917,0.0,0.0,0.5050762722761053,0.0,0.0,0.0,0.0,0.25253813613805265,0.0,0.0,0.07559289460184544,0.0,0.0,0.0,0.0,0.0,0.13957263155977065,0.0,0.3563483225498992,0.0,0.0,0.0,0.0,0.0,0.0,0.03779644730092272,0.0,0.0,0.0,0.0,0.0,0.049629166698546515,0.06131393394849658,0.14400460822119582,0.18898223650461363,0.0,0.03779644730092272,0.0,0.0,0.0,0.0,0.0,0.0445435403187374,0.0,0.05698028822981897,0.0,0.0,0.0,0.048001536073731935,0.0,0.0,0.0,0.0,0.0,0.0,0.12598815766974242,0.0,0.038984058779272523,0.0,0.0,0.0,0.0,0.0,0.0,0.0,0.0,0.1709408646894569,0.14285714285714288,0.0,0.0,0.0,0.1749635530559413,0.0,0.08451542547285167,0.0,0.0,0.0,0.038180177416060626,0.0944911182523068,0.049629166698546515,0.0,0.0,0.1709408646894569,0.0,0.0,0.0,0.1515228816828316,0.0,0.0,0.0,0.0,0.058321184351980436,0.05698028822981897,0.08247860988423225,0.0,0.0,0.0,0.0,0.0,0.1889822365046136,0.0,0.05572782125753529,1.0000000000000002,0.0,0.1709408646894569,0.0,0.04879500364742666,0.0,0.0,0.0,0.0,0.0,0.0,0.0,0.0,0.2004459314343183,0.0,0.0,0.03779644730092272,0.0,0.0,0.0,0.0,0.0,0.0,0.0,0.2439750182371333,0.0,0.0,0.11338934190276817,0.130066495428618,0.05698028822981897,0.1749635530559413,0.0,0.0,0.0,0.0,0.0,0.0,0.0,0.0,0.1889822365046136,0.0,0.054554472558998104,0.0,0.0,0.0,0.0,0.0,0.0,0.0,0.041239304942116126,0.0,0.0668153104781061,0.0,0.04225771273642583,0.0,0.03940552031195504,0.0,0.0,0.0,0.07412493166611013,0.053452248382484885,0.13181243254912406,0.0,0.0,0.0,0.19518001458970663,0.0,0.0,0.0,0.0,0.0,0.0,0.0,0.0944911182523068,0.10910894511799621,0.0,0.13801311186847084,0.0,0.0,0.15724272550828777,0.0,0.0,0.14400460822119582,0.053452248382484885,0.0,0.0,0.0,0.0,0.0,0.32732683535398865,0.0,0.0,0.11338934190276817,0.0,0.1889822365046136,0.10101525445522107,0.0,0.0,0.0,0.05572782125753529,0.0,0.14638501094227996,0.0,0.2196873875818734,0.040291148201269014,0.0,0.16035674514745465,0.040291148201269014,0.0,0.0,0.0,0.0,0.0,0.0,0.05698028822981897,0.03779644730092272,0.049629166698546515,0.0,0.0,0.0,0.0,0.04652421051992355,0.08451542547285167,0.0,0.0,0.0,0.0,0.0,0.0,0.0,0.3241018617760822,0.0,0.0,0.0,0.0,0.0,0.0,0.0,0.0,0.0,0.049629166698546515,0.0,0.0,0.0,0.0,0.0,0.0,0.0,0.0,0.0,0.07559289460184544,0.0,0.0,0.1709408646894569,0.0,0.0,0.0,0.04393747751637468,0.3241018617760822,0.0,0.2916059217599022
herb190,0.0,0.0,0.0,0.1373087590952724,0.0,0.0,0.0,0.0,0.0,0.0,0.0,0.0,0.0,0.1235415527768502,0.0,0.0,0.0,0.0,0.0,0.0,0.027066598098038335,0.0,0.024419314525275217,0.0,0.0,0.0,0.05264981264926564,0.0,0.0,0.30364219331358355,0.0,0.0,0.11322770341445958,0.0,0.06405126152203486,0.09607689228305229,0.0,0.0,0.0,0.0,0.0,0.16239958858823,0.0,0.04529108136578383,0.0,0.09058216273156766,0.0,0.0,0.0,0.0,0.0,0.04529108136578383,0.0,0.0,0.12659242088545833,0.0,0.0,0.0,0.24019223070763068,0.0,0.0,0.024419314525275217,0.0,0.16694514082354447,0.0,0.06793662204867575,0.0,0.0,0.1849000654084097,0.0,0.0,0.0,0.15701857325533192,0.0,0.0,0.0,0.0,0.0,0.05063696835418333,0.07082882469748285,0.022645540682891915,0.022645540682891915,0.09058216273156766,0.0,0.0,0.0,0.17841031003501578,0.0,0.0,0.0,0.09058216273156766,0.06793662204867575,0.0,0.0,0.0,0.0,0.20587905489225486,0.0,0.17541160386140583,0.0,0.0,0.0,0.0,0.0,0.0,0.3170375695604868,0.0,0.20965696734438366,0.0,0.0,0.0,0.36232865092627065,0.0,0.16012815380508713,0.030816677568068284,0.0,0.0,0.0,0.24806946917841688,0.0,0.0,0.0,0.0,0.0,0.0,0.20965696734438366,0.20965696734438366,0.0,0.0,0.0,0.0,0.0,0.04575090108716775,0.0,0.17841031003501578,0.0,0.0,0.0,0.0,0.0,0.0,0.0,0.023357091793352585,0.0,0.0,0.0,0.0,0.0,0.14824986333222023,0.0,0.0,0.3138229572304239,0.0,0.0,0.0,0.0,0.033389028164708894,0.0,1.0,0.0,0.0,0.0,0.0,0.0,0.0,0.0,0.0,0.0,0.0,0.36313651960128146,0.0,0.0,0.0,0.09058216273156766,0.0,0.09767725810110087,0.050015632328035534,0.0,0.0,0.1358732440973515,0.03580574370197164,0.14617633655117152,0.0,0.0,0.0,0.0,0.4779521193992432,0.0,0.09058216273156766,0.0,0.0,0.0,0.0,0.0,0.0,0.04529108136578383,0.0,0.770416939201707,0.0,0.06793662204867575,0.04441155916843275,0.0,0.0,0.23076923076923078,0.0,0.0,0.2470831055537004,0.0,0.0,0.15191090506255,0.0,0.0,0.02360960823249428,0.14824986333222023,0.11322770341445958,0.0,0.0,0.0,0.23692415692169536,0.0,0.0,0.0,0.0,0.0,0.1386750490563073,0.0,0.0,0.0,0.0,0.0,0.0,0.0,0.0,0.0,0.0,0.0,0.0,0.04721921646498856,0.0,0.0,0.0,0.0,0.0,0.0,0.0,0.0,0.0,0.0,0.0,0.0,0.1585187847802434,0.022645540682891915,0.0,0.0,0.0,0.0,0.0,0.0,0.0,0.04529108136578383,0.1316245316231641,0.14484136487558028,0.0,0.0,0.28968272975116055,0.0,0.0,0.0,0.0,0.0,0.0,0.0,0.1358732440973515,0.17841031003501578,0.0,0.0,0.0,0.0,0.0,0.0,0.0,0.0,0.0,0.0,0.1358732440973515,0.0,0.0,0.0,0.0,0.0,0.0,0.0,0.0,0.0,0.0,0.0,0.0,0.3270855683975289,0.0,0.0,0.0,0.0,0.0,0.15585730003983933,0.0,0.0,0.0,0.11322770341445958,0.0,0.055749467333806056,0.0,0.0,0.0,0.0,0.1316245316231641,0.0,0.0,0.0
herb191,0.1462544848254261,0.0,0.0,0.10969086361906957,0.0,0.060302268915552716,0.0,0.1333662673423161,0.0,0.0,0.0,0.0,0.0,0.09869275424396534,0.060302268915552716,0.0,0.0,0.0,0.0,0.0,0.0,0.0,0.130051217752471,0.0,0.0,0.0,0.0,0.0,0.0,0.031098520678556143,0.0,0.0,0.0,0.0,0.0,0.0,0.0,0.0,0.0,0.0,0.16412198797244362,0.0,0.0,0.12060453783110543,0.0,0.0,0.0,0.0,0.0,0.0,0.0,0.0,0.0,0.0,0.1011299793694863,0.0,0.05913123959890826,0.24174688920761406,0.0,0.0,0.0,0.22758963106682423,0.12087344460380703,0.0,0.0,0.0,0.0,0.0,0.0,0.0,0.0,0.1484539238050411,0.0,0.14213381090374028,0.0,0.0,0.0,0.0,0.0,0.0,0.030151134457776358,0.0,0.0,0.0,0.0,0.0,0.0,0.0,0.1531679162134967,0.0,0.0,0.030151134457776358,0.0,0.0,0.0,0.0,0.0,0.03553345272593507,0.0,0.0,0.0,0.0,0.0,0.3829197905337418,0.0,0.0,0.0,0.0,0.0,0.0,0.0,0.0,0.0,0.0,0.0,0.0,0.0,0.0,0.0,0.0,0.0,0.1818181818181818,0.0,0.0,0.0,0.0,0.0,0.0,0.0,0.0,0.0,0.0,0.0,0.0,0.0,0.0,0.0,0.49999999999999994,0.0,0.0,0.0,0.28203803740888306,0.0,0.0,0.0,0.0,0.0,0.0,0.0,0.0,0.0,0.0,0.0,0.0,0.12060453783110543,0.0,0.0,0.1709408646894569,0.0,0.9999999999999999,0.0,0.03892494720807614,0.0,0.08891084489487741,0.0,0.12060453783110543,0.0,0.0,0.0,0.0,0.0,0.0,0.0,0.0,0.030151134457776358,0.0,0.0,0.0,0.0,0.0,0.0,0.15569978883230456,0.0,0.0,0.12060453783110543,0.13834289277321493,0.0,0.18609684207969415,0.0,0.0,0.0,0.0,0.0,0.0,0.0,0.1507556722888818,0.12060453783110543,0.0,0.0,0.0,0.0,0.0,0.0,0.0,0.0,0.0,0.3289758474798845,0.0,0.0,0.0,0.0,0.0,0.220043114711676,0.0,0.0,0.0,0.0,0.0,0.10514994558491725,0.0,0.0,0.0,0.11677484162422842,0.0,0.0,0.0,0.0,0.0,0.0,0.22498852128662875,0.0,0.0,0.0,0.0,0.0,0.0,0.0,0.0,0.0,0.22975187432024508,0.0,0.0,0.0,0.0,0.0,0.0,0.3481553119113957,0.0,0.0,0.12060453783110543,0.0,0.3618136134933163,0.04029114820126901,0.0,0.0,0.0,0.0,0.0,0.4281744192888376,0.0,0.10514994558491725,0.0,0.0,0.17056057308448835,0.0,0.0,0.12309149097933272,0.0,0.0,0.0,0.0,0.0,0.0,0.0,0.12856486930664499,0.0,0.0,0.0,0.0,0.0,0.0,0.0,0.0,0.0,0.0,0.0,0.0,0.20683507599800763,0.0,0.0,0.0,0.0,0.0,0.0,0.0,0.0,0.0,0.0,0.0,0.0,0.0,0.0,0.0,0.0,0.0,0.0,0.220043114711676,0.0,0.21320071635561041,0.0,0.1818181818181818,0.0,0.0,0.0,0.0,0.20683507599800763,0.0,0.18609684207969415
herb192,0.0,0.3111111111111111,0.0,0.0,0.0,0.0,0.0,0.0,0.33541019662496846,0.0,0.0,0.13333333333333333,0.0,0.18401748249129446,0.08432740427115679,0.0,0.0,0.0,0.0,0.0,0.05039526306789696,0.0,0.0,0.0,0.32659863237109044,0.0,0.024507154069793594,0.0,0.08164965809277261,0.0,0.0,0.0,0.04216370213557839,0.0,0.0,0.2683281572999748,0.0,0.0,0.0,0.0,0.0573775310549247,0.0,0.0,0.0,0.0,0.0,0.0,0.13333333333333333,0.0,0.0,0.0,0.04216370213557839,0.0,0.046562019717971886,0.023570226039551584,0.0,0.0,0.0,0.0,0.408248290463863,0.3585685828003181,0.0,0.0,0.12433397443204185,0.21419182104066642,0.021081851067789197,0.04216370213557839,0.0,0.0,0.0,0.0,0.3373495424699934,0.20464687117164018,0.0,0.0,0.03849001794597505,0.0,0.0,0.282842712474619,0.2417728402451219,0.021081851067789197,0.23190036174568116,0.021081851067789197,0.08432740427115679,0.037267799624996496,0.0,0.0,0.17099639201419237,0.0267739776300833,0.0,0.021081851067789197,0.0,0.24177284024512188,0.0,0.0,0.0,0.0,0.0,0.0,0.12712834523274563,0.0,0.0,0.0,0.0,0.0,0.06324555320336758,0.0,0.0,0.0,0.0,0.03513641844631533,0.021081851067789197,0.0,0.0,0.0,0.0,0.0,0.0,0.0,0.0,0.0,0.0,0.0,0.0,0.0,0.0,0.0,0.0,0.0,0.06839855680567694,0.0,0.0,0.021295885499998,0.0,0.0,0.0,0.0,0.0,0.0,0.13333333333333333,0.0,0.0,0.0,0.0,0.0,0.0,0.0,0.22247460415730486,0.0,0.0,0.0,0.06741998624632421,0.0,0.0,0.0,0.0535479552601666,0.0,0.0,0.0,0.0,1.0,0.05443310539518174,0.0,0.0,0.0,0.0,0.0,0.28941438070815306,0.0,0.0,0.037267799624996496,0.0,0.0,0.0,0.08432740427115679,0.5455954715763788,0.0,0.0,0.0,0.25298221281347033,0.16666666666666666,0.0,0.0,0.0,0.021081851067789197,0.0,0.0,0.0,0.0,0.0,0.0,0.0,0.04216370213557839,0.0,0.0,0.021081851067789197,0.021081851067789197,0.0,0.0,0.16865480854231354,0.12403473458920847,0.0,0.21773242158072695,0.0,0.0,0.0,0.09200874124564723,0.0,0.0,0.0,0.023570226039551584,0.15569978883230462,0.1978141420187361,0.0,0.0,0.024182541670333724,0.0,0.1192569587999888,0.0,0.1934603333626698,0.0,0.0,0.1905158688831361,0.0,0.0,0.0,0.0,0.0,0.022222222222222223,0.0,0.0,0.0,0.0,0.0,0.0,0.0,0.02923526731023431,0.2417728402451219,0.041344911529736156,0.0,0.2086996778999804,0.0,0.0,0.0,0.0,0.07027283689263066,0.0,0.0,0.0,0.021081851067789197,0.04216370213557839,0.0,0.253546276418555,0.0,0.0,0.0,0.4662524041201569,0.0,0.0,0.0,0.0,0.0,0.03253000243161778,0.0,0.08989331499509895,0.09938079899999065,0.0,0.0,0.0,0.0,0.0,0.0,0.0,0.0,0.0,0.04216370213557839,0.0,0.0,0.0,0.0,0.0,0.0,0.0,0.0,0.10540925533894599,0.0,0.0,0.0,0.0,0.0769800358919501,0.0,0.0,0.0,0.0,0.0,0.024507154069793594,0.04216370213557839,0.0,0.0,0.0298142396999972,0.0,0.021081851067789197,0.0,0.0,0.0,0.02721655269759087,0.0219793491131929,0.0,0.0,0.10379985922153641,0.3178208630818641,0.0,0.0,0.0,0.0,0.25308553412176554,0.08791739645277159,0.0
herb193,0.06262242910851494,0.05443310539518174,0.0,0.0,0.0,0.0,0.0,0.0,0.04564354645876384,0.0,0.0,0.0816496580927726,0.11952286093343936,0.0,0.05163977794943222,0.0,0.0,0.0,0.0,0.0,0.0,0.0,0.027842302319485226,0.0,0.06666666666666665,0.05163977794943222,0.06003002251876642,0.0,0.1333333333333333,0.02663118206456537,0.0,0.05163977794943222,0.28401877872187714,0.06558258357839529,0.18257418583505536,0.03651483716701107,0.0,0.0,0.0,0.07302967433402215,0.07027283689263066,0.0,0.0,0.12909944487358055,0.0,0.0,0.052704627669472995,0.0,0.0,0.0,0.0,0.05163977794943222,0.0,0.14256648712805026,0.0,0.07745966692414832,0.0,0.0,0.0,0.06666666666666665,0.0,0.027842302319485226,0.06900655593423541,0.0,0.09837387536759293,0.18073922282301277,0.02581988897471611,0.0,0.03513641844631533,0.0,0.0,0.0,0.0,0.15214515486254612,0.0,0.0,0.0,0.0,0.057735026918962574,0.0,0.07745966692414832,0.0,0.02581988897471611,0.02581988897471611,0.0,0.0,0.03390317518104052,0.04188539082916955,0.1639564589459882,0.08606629658238704,0.0,0.15491933384829665,0.13459547551454137,0.0,0.0,0.0,0.0,0.06085806194501845,0.0,0.0,0.0,0.0,0.0,0.032791291789197645,0.0,0.02581988897471611,0.0,0.0,0.0,0.0,0.2581988897471611,0.0,0.07989354619369611,0.0,0.0,0.0,0.0,0.0,0.0,0.0,0.0,0.0,0.04879500364742666,0.0,0.0,0.0,0.03984095364447979,0.026919095102908273,0.0,0.04188539082916955,0.026919095102908273,0.0,0.0,0.06454972243679027,0.06780635036208103,0.0,0.0,0.03892494720807614,0.07784989441615228,0.0,0.0,0.06900655593423541,0.0,0.0,0.0,0.0,0.23904572186687872,0.03892494720807614,0.02817180849095055,0.0,0.0,0.0,0.0,0.0,0.15491933384829665,0.09837387536759294,0.0761386987626881,0.04879500364742666,0.0,0.03892494720807614,0.05443310539518174,0.9999999999999998,0.0,0.0,0.0,0.0,0.0,0.0,0.0,0.0,0.0,0.0,0.0,0.10327955589886444,0.18073922282301277,0.05568460463897045,0.0,0.0,0.0,0.18073922282301275,0.0816496580927726,0.0,0.0,0.0,0.02581988897471611,0.029617443887954616,0.0,0.0,0.0,0.07968190728895957,0.0,0.07784989441615228,0.02581988897471611,0.0,0.0,0.15491933384829665,0.12909944487358055,0.0,0.0,0.07745966692414832,0.0,0.0,0.0,0.0,0.0,0.05163977794943222,0.0563436169819011,0.06780635036208103,0.04564354645876384,0.0,0.08660254037844387,0.0,0.13459547551454137,0.0,0.02581988897471611,0.05923488777590923,0.15191090506255,0.0,0.0,0.05923488777590923,0.0,0.0,0.0,0.0,0.0,0.0,0.0,0.0,0.0,0.08257228238447704,0.06454972243679027,0.07453559924999299,0.0,0.0,0.0,0.0,0.03580574370197164,0.08075728530872482,0.0,0.0,0.07302967433402215,0.0,0.0,0.0,0.05163977794943222,0.0,0.0,0.2857738033247041,0.0,0.0,0.0,0.02581988897471611,0.13801311186847082,0.18073922282301277,0.02608202654786505,0.08075728530872482,0.1522773975253762,0.0,0.1333333333333333,0.2581988897471611,0.0,0.027524094128159014,0.11952286093343936,0.0,0.027524094128159014,0.21300321680756457,0.0,0.0,0.057735026918962574,0.0,0.0,0.0,0.05163977794943222,0.06780635036208103,0.05504818825631803,0.18073922282301275,0.0,0.18257418583505536,0.03178208630818641,0.057735026918962574,0.12524485821702988,0.0,0.0,0.04303314829119352,0.07745966692414832,0.0,0.0,0.04428074427700476,0.0,0.0,0.0,0.0,0.0,0.02581988897471611,0.0837707816583391,0.0,0.05163977794943222,0.06780635036208103,0.0,0.0,0.0,0.0,0.0,0.0,0.0,0.033333333333333326,0.026919095102908273,0.0,0.02608202654786505,0.0,0.03892494720807614,0.0,0.0,0.0,0.12006004503753284,0.0,0.0,0.0
herb194,0.47565149415449404,0.0,0.0,0.14269544824634822,0.0,0.0,0.0,0.34698895917974415,0.0,0.0,0.0,0.0,0.0,0.0,0.0,0.0,0.0,0.0,0.0,0.0,0.0,0.0,0.0,0.0,0.20254787341673333,0.03922322702763681,0.0,0.0,0.20254787341673333,0.16182267881254697,0.0,0.4706787243316417,0.0,0.0,0.0,0.0,0.0,0.0,0.0,0.0,0.0,0.18752289237539818,0.0,0.0,0.20254787341673333,0.0,0.0,0.0,0.0,0.0,0.0,0.0,0.0,0.0,0.0,0.0,0.0,0.0,0.0,0.0,0.0,0.0,0.0,0.0,0.0,0.0,0.0,0.0,0.0,0.23112508176051216,0.0,0.0,0.16317848796612638,0.18490006540840973,0.0,0.0,0.12725695259515554,0.8593378488473195,0.0,0.0,0.0,0.0,0.03922322702763681,0.0,0.0,0.0,0.0,0.0,0.0,0.0,0.0,0.0,0.0,0.0,0.16918197377512542,0.6373774391990981,0.0,0.0,0.0,0.0,0.19925419255468715,0.0,0.0,0.0,0.49613893835683387,0.0,0.0,0.0,0.06726727939963124,0.0,0.0,0.0,0.0,0.0,0.0,0.0,0.0,0.6009252125773316,0.0,0.0,0.0,0.0,0.0,0.0,0.0,0.0,0.0,0.0,0.0,0.0,0.20446520502738266,0.0,0.0,0.294174202707276,0.0,0.2614881801842454,0.0,0.0,0.0,0.0,0.0,0.0,0.0,0.19088542889273333,0.0,0.0,0.0,0.0,0.0,0.0,0.7211102550927979,0.0,0.0,0.0,0.0,0.0,0.0,0.0,0.0,0.0,0.0,0.0,1.0,0.17349447958987207,0.0,0.0,0.23652495839563303,0.0,0.0,0.0,0.0,0.0,0.0,0.4706787243316417,0.0,0.0,0.0,0.28306925853614895,0.0,0.0,0.0,0.0,0.0,0.5435573065046091,0.0,0.0,0.0,0.0,0.15689290811054724,0.0,0.0,0.0,0.0,0.24209101306752098,0.0,0.03922322702763681,0.0,0.0,0.0,0.0,0.0,0.0,0.0,0.0,0.0,0.5099019513592785,0.0,0.0,0.0,0.0,0.0,0.0,0.0,0.17118419700436519,0.0,0.0,0.0,0.0,0.13678822577626598,0.0,0.0,0.0,0.20254787341673333,0.0,0.16012815380508716,0.0,0.0,0.0,0.041344911529736156,0.0,0.0,0.0,0.0,0.28644594961577313,0.2896827297511606,0.0,0.0,0.0,0.0,0.0,0.0,0.0,0.04441155916843275,0.0,0.0,0.0,0.0,0.0,0.2218800784900917,0.0,0.0,0.0,0.0,0.0,0.0,0.0,0.0,0.0,0.0,0.0,0.0,0.0,0.0,0.2218800784900917,0.0,0.0,0.0,0.0,0.0,0.20254787341673333,0.0,0.23652495839563303,0.0,0.0,0.0,0.0,0.0,0.0,0.19312181983410706,0.0,0.0,0.0,0.0,0.2614881801842454,0.0,0.0,0.0,0.0,0.3268602252303068,0.0,0.5563486402641868,0.3076923076923077,0.5783149319662403,0.03922322702763681,0.0,0.18238430103502132,0.0,0.0,0.0,0.0,0.0,0.4706787243316417,0.0,0.0,0.0,0.0,0.040893041005476534,0.0,0.0,0.19312181983410706,0.0,0.0,0.0,0.0,0.0,0.0,0.16357216402190614,0.0
herb195,0.10727978097782273,0.03108349360801046,0.037450294313656915,0.10727978097782273,0.0,0.05897678246195886,0.0,0.1739130434782609,0.0,0.0,0.0,0.0,0.0,0.0643489452087787,0.02948839123097943,0.0,0.0893633203101749,0.0,0.1257389226923863,0.03382550457458692,0.0,0.0,0.06359630007488934,0.03296902366978935,0.11420804814403214,0.0,0.0,0.0,0.19034674690672024,0.15207476616811838,0.08846517369293828,0.08846517369293828,0.0,0.037450294313656915,0.0,0.0,0.0,0.0,0.03179815003744467,0.0,0.0,0.28196295074009653,0.04089304100547654,0.0,0.3045547950507524,0.05897678246195886,0.0,0.0,0.05212860351426869,0.0,0.0,0.0,0.05057217374241736,0.03256448045129181,0.0659380473395787,0.02948839123097943,0.0,0.0,0.0,0.0761386987626881,0.0,0.0,0.2364331218717302,0.0,0.0,0.0,0.0,0.09769344135387542,0.0,0.10425720702853739,0.04347826086956522,0.0,0.12267912301642962,0.10425720702853739,0.11235088294097074,0.0,0.14350946197048195,0.16151457061744964,0.0,0.0,0.0,0.0,0.0,0.0,0.10425720702853739,0.0,0.19360077316559157,0.0,0.0,0.049147318718299055,0.0,0.0,0.030743773095067286,0.0,0.12719260014977868,0.36860489038724287,0.0,0.034752402342845795,0.0761386987626881,0.0,0.11235088294097074,0.0,0.0,0.07490058862731383,0.09325048082403138,0.0,0.23312620206007845,0.0,0.0,0.04550157551932901,0.0,0.0,0.030414953233623677,0.0,0.08025723539051281,0.05057217374241736,0.04550157551932901,0.27801921874276636,0.0,0.047836487323493986,0.10425720702853739,0.08891084489487741,0.0,0.0,0.053838190205816545,0.04550157551932901,0.0,0.0,0.0,0.0,0.30743773095067284,0.0,0.029787773436724965,0.2211629342323457,0.0,0.14744195615489716,0.0,0.0,0.0,0.0,0.0,0.0,0.0,0.14350946197048195,0.08695652173913045,0.0,0.0,0.0,0.0,0.14744195615489714,0.3336230624913196,0.0,0.20851441405707477,0.0,0.11795356492391772,0.1872514715682846,0.2173913043478261,0.0,0.0,0.08891084489487741,0.0,0.0,0.17349447958987207,1.0000000000000002,0.0,0.02948839123097943,0.35564337957950964,0.11566298639324805,0.02948839123097943,0.0,0.10425720702853739,0.0,0.053838190205816545,0.08846517369293828,0.0,0.0,0.0,0.17025130615174974,0.0,0.02948839123097943,0.0,0.0,0.13650472655798704,0.09430419201928972,0.0,0.0,0.0,0.0,0.08846517369293828,0.0,0.02948839123097943,0.0,0.02948839123097943,0.13650472655798704,0.033389028164708894,0.0,0.11795356492391772,0.0,0.0,0.0,0.0,0.10114434748483472,0.0,0.0,0.0,0.11795356492391772,0.0643489452087787,0.07744030926623663,0.0,0.0,0.0659380473395787,0.0,0.0,0.2573957808351148,0.0,0.0,0.0,0.04170288281141496,0.10283867552865915,0.06765100914917384,0.05572782125753529,0.0,0.1522773975253762,0.05783149319662403,0.12038585308576923,0.038720154633118314,0.19702760155977517,0.0,0.03108349360801046,0.0,0.0,0.0,0.40482045237636816,0.16151457061744964,0.07259540086406278,0.0,0.0,0.030743773095067286,0.0,0.0,0.04170288281141496,0.03806934938134405,0.06677805632941779,0.0,0.02948839123097943,0.09829463743659811,0.0,0.0,0.41702882811414954,0.05897678246195886,0.0,0.0,0.03940552031195503,0.0,0.029787773436724965,0.030743773095067286,0.0,0.033389028164708894,0.19034674690672024,0.0,0.03427955850955305,0.0,0.0,0.16681153124565984,0.0,0.0,0.20064308847628204,0.0,0.0,0.3806934938134405,0.04550157551932901,0.1333662673423161,0.05897678246195886,0.0,0.1257389226923863,0.0,0.0,0.04170288281141496,0.36297700432031393,0.0,0.03575992699260758,0.0,0.13900960937138318,0.14744195615489716,0.0,0.0,0.0,0.0,0.0,0.0,0.1286978904175574,0.46265194557299216,0.2173913043478261,0.02948839123097943,0.047836487323493986,0.10283867552865915,0.0,0.07744030926623663,0.0659380473395787,0.0,0.0,0.29488391230979427,0.03629770043203139,0.0,0.13043478260869568,0.0,0.06148754619013457,0.02948839123097943,0.0,0.10889310129609417,0.0,0.04089304100547654,0.03382550457458692,0.0,0.0,0.0,0.09223131928520185,0.04550157551932901
herb196,0.0,0.0,0.0,0.0,0.0,0.0,0.040893041005476534,0.0,0.20801257358446093,0.08362420100070908,0.0,0.0,0.0,0.0,0.0,0.0,0.0,0.20801257358446093,0.0,0.0,0.0,0.0,0.08459098688756271,0.0,0.0,0.0,0.0,0.0,0.0,0.0,0.0,0.0,0.07844645405527362,0.0,0.0,0.0,0.18156825980064073,0.0,0.0,0.0,0.0,0.0,0.054392829322042126,0.03922322702763681,0.0,0.03922322702763681,0.08006407690254358,0.0,0.06933752452815364,0.0,0.0,0.07844645405527362,0.0,0.0,0.043852900965351466,0.03922322702763681,0.0,0.0,0.06933752452815364,0.0,0.0,0.0,0.052414241836095915,0.0,0.0,0.03922322702763681,0.0,0.0,0.0,0.0,0.0,0.0,0.0,0.0,0.0,0.0,0.0,0.0,0.0,0.0,0.15689290811054724,0.0,0.0,0.0,0.0,0.0,0.10300524052492095,0.0,0.049813548138671795,0.0,0.07844645405527362,0.0,0.0,0.0,0.042295493443781355,0.0,0.03962144258751637,0.0,0.0,0.0,0.0,0.049029033784546004,0.054392829322042126,0.0,0.041344911529736156,0.0,0.0,0.12104550653376049,0.0,0.060522753266880246,0.0,0.0,0.0,0.0,0.0,0.0,0.060522753266880246,0.0,0.0,0.0,0.0,0.0,0.07412493166611013,0.0,0.0,0.0,0.0,0.16357216402190614,0.0,0.0,0.0,0.0,0.0,0.0,0.15450786078738143,0.0,0.0,0.0,0.0,0.0,0.0,0.0,0.0,0.0,0.0,0.0,0.0,0.0,0.0,0.0,0.0,0.0,0.0,0.20965696734438366,0.15689290811054724,0.0,0.05783149319662403,0.0,0.0,0.0,0.0,0.0,0.0,0.0,1.0,0.0,0.0,0.0,0.0,0.0,0.1386750490563073,0.0,0.0,0.0,0.03922322702763681,0.0,0.0,0.0,0.0,0.0,0.0,0.0,0.0,0.0,0.0,0.0,0.0,0.0,0.0,0.0,0.07844645405527362,0.0,0.0,0.0,0.0,0.0,0.15689290811054724,0.0,0.056613851707229795,0.0,0.0,0.0,0.0,0.0,0.0,0.0,0.0,0.0,0.06933752452815364,0.0,0.0,0.0,0.0,0.0,0.0,0.0,0.0,0.0,0.0,0.0,0.0,0.0,0.0,0.0,0.0,0.0,0.0,0.0,0.0,0.0,0.294174202707276,0.0,0.0,0.0,0.0,0.3721042037676254,0.054392829322042126,0.0,0.0,0.0,0.0,0.0,0.04441155916843275,0.0,0.0,0.0,0.0,0.0,0.0,0.0,0.11766968108291043,0.0,0.0,0.03922322702763681,0.0,0.0,0.0,0.0,0.0,0.07844645405527362,0.04559607525875532,0.0,0.0,0.0,0.0,0.1386750490563073,0.0,0.0,0.0,0.0,0.0,0.0,0.0,0.15450786078738143,0.08362420100070908,0.0,0.0,0.0,0.048280454958526765,0.0,0.0,0.0,0.0,0.19611613513818404,0.07844645405527362,0.0,0.0,0.0,0.0,0.0,0.0,0.0,0.0,0.0,0.0,0.0,0.0,0.0,0.0,0.0,0.0,0.0,0.0,0.08998425413316952,0.0,0.05063696835418333,0.0,0.0,0.0,0.048280454958526765,0.0,0.10878565864408425,0.0,0.0,0.0,0.0,0.0,0.0
herb197,0.0,0.0,0.0,0.0,0.0,0.28,0.0,0.0,0.0,0.0,0.0,0.03162277660168379,0.0,0.0,0.02,0.0,0.18182745801939793,0.0,0.04264014327112209,0.04588314677411236,0.0,0.18,0.08626621856275073,0.17888543819998318,0.0,0.02,0.0,0.0,0.05163977794943222,0.04125684985035174,0.16,0.02,0.0,0.0508000508000762,0.0,0.0282842712474619,0.0,0.0,0.0,0.0282842712474619,0.02721655269759087,0.0,0.2496150883013531,0.08,0.07745966692414832,0.02,0.0,0.0,0.0,0.0,0.04714045207910317,0.0,0.0,0.0,0.022360679774997897,0.04,0.0,0.0,0.035355339059327376,0.02581988897471611,0.0,0.17253243712550143,0.0,0.0,0.0,0.0,0.04,0.3092082730095703,0.0,0.21213203435596426,0.02948839123097943,0.0,0.0,0.0,0.2286002286003429,0.0,0.0,0.0,0.0,0.0,0.02,0.02,0.08,0.02,0.0,0.0,0.0,0.0,0.0254000254000381,0.16666666666666669,0.0,0.0,0.1668115312456598,0.0,0.21566554640687682,0.0,0.0,0.0,0.0,0.030151134457776358,0.0,0.0,0.0,0.1016001016001524,0.0,0.02,0.03162277660168379,0.0,0.0,0.0,0.0,0.0,0.0,0.0,0.02721655269759087,0.0,0.0,0.0,0.03651483716701107,0.25955427380922,0.0,0.1507556722888818,0.0,0.0,0.0,0.0,0.0,0.0,0.0,0.0,0.0,0.0,0.0,0.0,0.2363515791475006,0.0,0.0,0.09045340337332908,0.18090680674665816,0.0,0.0,0.18708286933869706,0.02062842492517587,0.0,0.0,0.0,0.030860669992418384,0.0,0.06546536707079771,0.02,0.0,0.0,0.0,0.0,0.0,0.0,0.0,0.0,0.0,0.12060453783110543,0.0,0.0,0.0,0.02948839123097943,0.0,1.0000000000000002,0.0,0.03922322702763681,0.08,0.0,0.035355339059327376,0.0,0.0,0.0,0.04,0.02156655464068768,0.0,0.0,0.0,0.0,0.0,0.02581988897471611,0.030860669992418384,0.0,0.08,0.09176629354822471,0.0,0.030860669992418384,0.0,0.0,0.0,0.0,0.08,0.0,0.18116432546313532,0.08,0.06,0.0,0.02886751345948129,0.02,0.0,0.034299717028501764,0.0,0.0,0.16222142113076252,0.0,0.06546536707079771,0.2363515791475006,0.0,0.0,0.022360679774997897,0.0,0.0834057656228299,0.0,0.0,0.02294157338705618,0.0,0.0,0.0,0.0,0.0,0.0,0.02581988897471611,0.0,0.0,0.0,0.0,0.0,0.16865480854231357,0.08528028654224418,0.0,0.0,0.0,0.0,0.02461829819586655,0.0,0.08320502943378438,0.18766297265136728,0.0,0.1270001270001905,0.0,0.20655911179772887,0.0,0.0,0.16,0.13333333333333336,0.0,0.0,0.0,0.02,0.0,0.1,0.0,0.02,0.04040610178208843,0.020851441405707476,0.0,0.0,0.07745966692414832,0.0,0.0,0.021320071635561044,0.0,0.0,0.0,0.023570226039551584,0.02721655269759087,0.0,0.0,0.0,0.0,0.0,0.0,0.2363515791475006,0.0,0.0,0.06666666666666668,0.0,0.02461829819586655,0.0,0.0,0.0,0.04714045207910317,0.0,0.0,0.31304951684997057,0.0,0.0,0.0,0.0,0.0,0.0,0.0,0.02,0.0,0.0,0.0,0.02626128657194451,0.11180339887498948,0.0,0.0,0.0,0.22156468376279892,0.0,0.0,0.10327955589886444,0.0834057656228299,0.0,0.08081220356417686,0.1969463855669324,0.030151134457776358,0.2496150883013531,0.0,0.0,0.0,0.0,0.0,0.0
herb198,0.1462544848254261,0.03178208630818641,0.03829197905337418,0.1462544848254261,0.0,0.0,0.0,0.0,0.0,0.0,0.0,0.0,0.0,0.09869275424396534,0.030151134457776358,0.0,0.030457245193658628,0.1599005372667078,0.0,0.03458572319330373,0.0,0.0,0.0,0.0337099931231621,0.19462473604038072,0.030151134457776358,0.1752499093081954,0.0,0.15569978883230456,0.12439408271422457,0.030151134457776358,0.12060453783110543,0.0,0.03829197905337418,0.0,0.0,0.0,0.0,0.03251280443811775,0.0,0.0,0.18018749253911176,0.04181210050035454,0.0,0.15569978883230456,0.030151134457776358,0.0,0.0,0.053300179088902604,0.0,0.0,0.0,0.0,0.03329635791060134,0.0337099931231621,0.030151134457776358,0.0,0.0,0.0,0.0,0.0,0.0,0.20145574100634503,0.0,0.0,0.09045340337332908,0.0,0.0,0.0,0.03553345272593507,0.044455422447438706,0.0,0.1254363015010636,0.17766726362967533,0.03829197905337418,0.0,0.04891159880445184,0.22019275302527208,0.0,0.0,0.0,0.0,0.030151134457776358,0.0,0.10660035817780521,0.0,0.19795189561622392,0.0,0.0,0.0,0.0,0.0,0.03143473067309657,0.0,0.16256402219058874,0.1507556722888818,0.030457245193658628,0.03553345272593507,0.03892494720807614,0.0,0.22975187432024505,0.0,0.0,0.0,0.25425669046549126,0.0,0.23836564731139806,0.0,0.05170876899950191,0.04652421051992354,0.0,0.0,0.0,0.03553345272593507,0.0,0.05170876899950191,0.04652421051992354,0.14213381090374028,0.0,0.04891159880445184,0.03553345272593507,0.0,0.0,0.0,0.05504818825631802,0.04652421051992354,0.0,0.06286946134619315,0.0,0.0,0.1257389226923863,0.0,0.030457245193658628,0.22613350843332267,0.0,0.251259453814803,0.0,0.0,0.0,0.0,0.0,0.12087344460380703,0.0,0.19564639521780736,0.0,0.0,0.13957263155977062,0.0,0.03289758474798845,0.24120907566221086,0.17056057308448835,0.0,0.0,0.0,0.12060453783110543,0.3446278114803676,0.40009880202694836,0.0,0.0,0.0,0.0,0.0,0.23652495839563303,0.35564337957950964,0.0,0.0,0.9999999999999999,0.0,0.0,0.0,0.0,0.0,0.05504818825631802,0.1507556722888818,0.0,0.0,0.13318543164240537,0.2175970699446223,0.0,0.030151134457776358,0.0,0.03892494720807614,0.04652421051992354,0.12856486930664499,0.0,0.0,0.0,0.0,0.1507556722888818,0.0,0.030151134457776358,0.0,0.0,0.18609684207969415,0.03413943709994594,0.0,0.12060453783110543,0.0,0.0,0.0,0.11826247919781652,0.0,0.0,0.0,0.0,0.1507556722888818,0.0,0.0,0.0,0.1011299793694863,0.0,0.0,0.0,0.16448792373994225,0.030151134457776358,0.0,0.0,0.04264014327112209,0.1752499093081954,0.0,0.05698028822981897,0.0,0.0,0.05913123959890826,0.21541010921383227,0.039590379123244784,0.20145574100634503,0.0,0.09534625892455922,0.0,0.0,0.0,0.2956561979945413,0.2752409412815901,0.0,0.0,0.0,0.0,0.0,0.0,0.04264014327112209,0.03892494720807614,0.06827887419989188,0.12309149097933274,0.0,0.050251890762960605,0.0,0.0,0.17056057308448835,0.0,0.0,0.0,0.0,0.0,0.030457245193658628,0.03143473067309657,0.0,0.03413943709994594,0.19462473604038072,0.1507556722888818,0.03504998186163908,0.032141217326661246,0.0,0.21320071635561044,0.0,0.0,0.041030496993110906,0.0,0.0,0.15569978883230456,0.04652421051992354,0.1818181818181818,0.060302268915552716,0.0,0.0,0.0,0.0,0.04264014327112209,0.1484539238050411,0.0,0.03656362120635653,0.0,0.0,0.35176323534072423,0.0,0.0,0.0,0.0,0.050251890762960605,0.0,0.1315903389919538,0.23652495839563303,0.1778216897897548,0.030151134457776358,0.04891159880445184,0.24534987303147354,0.0,0.0,0.0337099931231621,0.12792042981336627,0.0,0.12060453783110543,0.037113480951260276,0.0,0.0,0.0,0.0,0.12060453783110543,0.0,0.1484539238050411,0.0,0.04181210050035454,0.03458572319330373,0.0,0.03504998186163908,0.0,0.1257389226923863,0.04652421051992354
herb199,0.0,0.28941438070815306,0.0,0.0,0.0,0.11766968108291043,0.0,0.0,0.4853626716970755,0.0,0.0,0.0,0.0,0.2567762955065478,0.15689290811054724,0.0,0.1188643277625491,0.0,0.16724840200141816,0.0,0.0,0.0,0.12688648033134406,0.0,0.0,0.0,0.0,0.0,0.15191090506255,0.12136700910941023,0.0,0.0,0.0,0.0,0.0,0.0,0.0,0.08362420100070908,0.0,0.0,0.0,0.0,0.0,0.0,0.0,0.15689290811054724,0.0,0.0,0.0,0.0,0.0,0.07844645405527362,0.0,0.0,0.1315587028960544,0.0,0.0,0.0,0.0,0.5063696835418333,0.0,0.0,0.0,0.0,0.0,0.0,0.0,0.043314808182421,0.0,0.1386750490563073,0.0,0.0,0.435142634576337,0.0,0.1494406444160154,0.07161148740394328,0.0,0.0,0.0,0.28625128703833574,0.0,0.0,0.03922322702763681,0.0,0.0,0.0,0.0,0.0,0.0,0.06537204504606135,0.0,0.0,0.28625128703833574,0.0,0.0,0.0,0.0,0.0,0.0,0.0,0.0,0.0,0.0,0.0,0.0,0.0,0.0,0.0,0.0,0.0,0.0,0.0,0.12136700910941023,0.0,0.10675210253672476,0.0,0.0,0.0,0.0,0.0,0.0,0.23652495839563303,0.0,0.0,0.0,0.0,0.0,0.0,0.0,0.0,0.0,0.0,0.0,0.0,0.0,0.0,0.0,0.0,0.0,0.0,0.0,0.0,0.0,0.0,0.0,0.0,0.0,0.0,0.0,0.0,0.0,0.0,0.0,0.0,0.0,0.0,0.0,0.0,0.0,0.0,0.28941438070815306,0.0,0.0,0.11566298639324805,0.0,0.03922322702763681,0.0,1.0,0.07844645405527362,0.0,0.1386750490563073,0.08770580193070293,0.0,0.0,0.0,0.0,0.0,0.0,0.0,0.3530090432487313,0.12403473458920845,0.0,0.0,0.0,0.0,0.0,0.0,0.0,0.0,0.0,0.0,0.0,0.0,0.0,0.0,0.0,0.0,0.0,0.0,0.11766968108291043,0.0,0.0,0.0,0.0,0.0,0.0,0.0,0.15450786078738143,0.0,0.0,0.0,0.0,0.0,0.0,0.0,0.0,0.0,0.0,0.0,0.0,0.0,0.0,0.40509574683346666,0.0,0.04003203845127179,0.0,0.0,0.0,0.0,0.0,0.0,0.0,0.0,0.0,0.0,0.0,0.0,0.040893041005476534,0.0,0.0,0.4992301766027063,0.0,0.0,0.0,0.03922322702763681,0.06537204504606135,0.0,0.0,0.0,0.0,0.0,0.0,0.10482848367219183,0.0,0.0,0.0,0.4048204523763682,0.0,0.0,0.0,0.0,0.0,0.0,0.0,0.0,0.046225016352102424,0.16012815380508716,0.0,0.0,0.0,0.0,0.0,0.0,0.0,0.0,0.0,0.0,0.0,0.0,0.0,0.0,0.0,0.0,0.0,0.0,0.0,0.047565149415449405,0.0,0.0,0.0,0.0,0.0,0.0,0.07844645405527362,0.0,0.0,0.0,0.2060104810498419,0.043852900965351466,0.0,0.0,0.0,0.0,0.0,0.0,0.0,0.08178608201095307,0.03922322702763681,0.0,0.0,0.0,0.0,0.0,0.0,0.0,0.4036036763977875,0.0,0.0
herb201,0.0,0.12649110640673517,0.1270001270001905,0.0,0.0,0.3,0.0,0.0,0.0,0.0,0.0,0.0,0.0,0.1091089451179962,0.2,0.0,0.18182745801939793,0.0,0.04264014327112209,0.2982404540317303,0.047809144373375745,0.0,0.19409899176618914,0.35777087639996635,0.0,0.12000000000000001,0.0,0.0,0.02581988897471611,0.02062842492517587,0.36,0.24,0.18,0.1524001524002286,0.0,0.0,0.0,0.0,0.3234983196103152,0.0,0.0,0.0,0.1386750490563073,0.18,0.0,0.04,0.0,0.0,0.17677669529663687,0.0,0.18856180831641267,0.16,0.0,0.11043152607484655,0.022360679774997897,0.22000000000000003,0.0,0.0,0.0,0.02581988897471611,0.0,0.0,0.13363062095621217,0.0,0.0254000254000381,0.22,0.08,0.2871219677946011,0.0,0.3535533905932738,0.17693034738587657,0.0,0.0,0.0,0.2794002794004191,0.0,0.0,0.07302967433402215,0.022360679774997897,0.0,0.02,0.08,0.08,0.1,0.0,0.0,0.02626128657194451,0.0,0.0,0.06666666666666668,0.08,0.08,0.20851441405707474,0.0,0.06469966392206304,0.024999999999999998,0.0,0.07071067811865475,0.0,0.0,0.0,0.024999999999999998,0.0,0.0,0.021081851067789197,0.02,0.12649110640673517,0.0,0.0,0.09258200997725516,0.0,0.0,0.04125684985035174,0.0,0.02721655269759087,0.20579830217101058,0.18516401995451032,0.0,0.0,0.25955427380922,0.3064129385141706,0.060302268915552716,0.0,0.0,0.21908902300206642,0.21602468994692867,0.0,0.0,0.0,0.0,0.14596008983995232,0.0,0.060609152673132646,0.0,0.0,0.0,0.0,0.0,0.0,0.0,0.0,0.0,0.0,0.0,0.0,0.0,0.0,0.0,0.0,0.4,0.0,0.0,0.0,0.0,0.12000000000000001,0.1016001016001524,0.0,0.0,0.0,0.0,0.0,0.0,0.0,0.02948839123097943,0.0,0.08,0.0,0.07844645405527362,1.0,0.0,0.035355339059327376,0.0,0.21908902300206642,0.0,0.04,0.0,0.0,0.0,0.0,0.13999999999999999,0.06324555320336758,0.0,0.1851640199545103,0.0,0.02,0.0,0.0,0.030860669992418384,0.0,0.0,0.30000000000000004,0.0,0.16,0.0,0.4076197322920544,0.16,0.12000000000000001,0.0,0.0,0.14,0.0,0.0,0.0,0.0,0.0,0.2,0.0,0.13130643285972254,0.0,0.0,0.1341640786499874,0.0,0.0,0.0,0.0,0.0,0.0,0.16970562748477142,0.0,0.0,0.2267786838055363,0.0,0.02581988897471611,0.11766968108291043,0.08164965809277261,0.13130643285972254,0.18708286933869706,0.1386750490563073,0.25298221281347033,0.0,0.0,0.0,0.0,0.0,0.0,0.0,0.0,0.04170288281141495,0.0,0.0,0.16970562748477142,0.2581988897471611,0.24910094751181105,0.0,0.32,0.23333333333333334,0.0,0.03162277660168379,0.0,0.04,0.02,0.0,0.05345224838248487,0.12000000000000001,0.12121830534626528,0.35447450389702706,0.0,0.24910094751181105,0.02581988897471611,0.0,0.13949716649258315,0.0,0.12344267996967354,0.16970562748477142,0.0,0.04714045207910317,0.16329931618554522,0.0,0.0,0.0,0.2160246899469287,0.18090680674665816,0.0,0.0,0.0,0.1,0.20000000000000004,0.08485281374238571,0.0,0.22360679774997896,0.09701425001453318,0.0,0.0,0.0,0.02,0.044721359549995794,0.24253562503633297,0.0,0.0,0.0,0.0,0.0,0.0,0.14,0.19466570535691502,0.0,0.2,0.05252257314388902,0.35777087639996635,0.0,0.0,0.0,0.27080128015453203,0.06882472016116853,0.0,0.0,0.0834057656228299,0.14,0.10101525445522107,0.14770978917519928,0.0,0.1386750490563073,0.4129483209670112,0.0324442842261525,0.0,0.0,0.0,0.1543033499620919
herb202,0.0,0.0,0.0,0.0,0.0,0.0,0.0,0.0,0.0,0.0,0.0,0.0,0.0,0.0,0.0,0.0,0.0,0.0,0.0,0.0,0.0,0.0,0.0,0.0,0.0,0.0,0.12427395320024,0.0,0.0,0.11026356928399425,0.0,0.0,0.10690449676496974,0.0,0.15118578920369088,0.07559289460184544,0.0,0.0,0.0,0.0,0.0,0.0,0.0,0.0,0.0,0.0,0.0,0.0,0.0,0.0,0.0,0.10690449676496974,0.0,0.0,0.0,0.0,0.0,0.0,0.0,0.0,0.0,0.0,0.0,0.0,0.0,0.0,0.0,0.0,0.0,0.0,0.0,0.0,0.0,0.0,0.0,0.0,0.0,0.0,0.11952286093343936,0.11145564251507056,0.0,0.0,0.16035674514745463,0.0,0.0,0.0,0.0,0.0,0.0,0.0,0.10690449676496974,0.0,0.0,0.0,0.0,0.0,0.05399492471560388,0.0,0.0,0.0,0.0,0.0,0.0,0.0,0.0,0.10690449676496974,0.0,0.0,0.0,0.0,0.0,0.2672612419124244,0.0,0.0,0.07273929674533079,0.0,0.0,0.0,0.0,0.0,0.0,0.0,0.0,0.0,0.0,0.0,0.0,0.0,0.0,0.0,0.0,0.0,0.10798984943120776,0.0,0.0,0.0,0.0,0.0,0.0,0.0,0.0,0.0,0.055131784641997125,0.0,0.0,0.0,0.0,0.0,0.0,0.0,0.0,0.1709408646894569,0.0,0.0,0.0,0.0,0.0,0.0,0.36313651960128146,0.0,0.0,0.0,0.0,0.0,0.0,0.0,0.0,0.0,0.0,0.9999999999999998,0.0,0.0,0.0,0.0,0.0,0.05763904177042349,0.11805626722019105,0.0,0.0,0.0,0.08451542547285165,0.0,0.0,0.0,0.0,0.0,0.24174688920761406,0.0,0.0,0.0,0.0,0.0,0.0,0.0,0.0,0.10690449676496974,0.0,0.363696483726654,0.0,0.0,0.0,0.0,0.0,0.12104550653376048,0.0,0.0,0.0,0.0,0.0,0.0,0.0,0.0,0.0,0.0,0.0,0.0,0.0,0.0,0.06213697660012,0.0,0.0,0.0,0.0,0.0,0.0,0.0,0.0,0.0,0.0,0.0,0.0,0.0,0.0,0.0,0.0,0.0,0.0,0.0,0.0,0.0,0.0,0.0,0.0,0.0,0.0,0.0,0.0,0.0,0.0,0.0,0.10690449676496974,0.0,0.0,0.0,0.0,0.0,0.0,0.0,0.0,0.10690449676496974,0.0,0.0,0.0,0.0,0.11396057645963795,0.0,0.0,0.0,0.0,0.0,0.0,0.0,0.05345224838248487,0.0,0.0,0.0,0.0,0.0,0.0,0.0,0.0,0.0,0.0,0.0,0.10690449676496974,0.0,0.0,0.0,0.0,0.0,0.0,0.0,0.0,0.0,0.0,0.0,0.0,0.14037248126871926,0.0,0.0,0.0,0.0,0.0,0.0,0.0,0.0,0.0,0.0,0.0,0.1315903389919538,0.0,0.0,0.0,0.0,0.0,0.0,0.0,0.0
herb203,0.17149858514250882,0.037267799624996496,0.0,0.08574929257125441,0.0,0.07071067811865475,0.0,0.05212860351426869,0.125,0.0,0.15000000000000002,0.11180339887498948,0.1091089451179962,0.0,0.1414213562373095,0.0,0.07142857142857142,0.0625,0.30151134457776363,0.040555355282690636,0.0,0.0,0.07624928516630233,0.03952847075210474,0.04564354645876384,0.0,0.0,0.07537783614444091,0.09128709291752768,0.07293249574894728,0.0,0.0,0.07071067811865475,0.13470397652008118,0.0,0.0,0.0,0.15075567228888181,0.0,0.0,0.09622504486493763,0.0,0.0,0.0,0.09128709291752768,0.07071067811865475,0.14433756729740646,0.16770509831248423,0.0625,0.0,0.0,0.07071067811865475,0.0,0.0,0.31622776601683794,0.0,0.0,0.1889822365046136,0.0,0.13693063937629152,0.0,0.0,0.0944911182523068,0.0,0.04490132550669373,0.07071067811865475,0.035355339059327376,0.03904344047215152,0.09622504486493763,0.08333333333333333,0.0,0.04351941398892446,0.0,0.20833333333333331,0.08980265101338746,0.0,0.0,0.0,0.03952847075210474,0.0,0.17677669529663687,0.0,0.0,0.035355339059327376,0.0,0.0,0.09284766908852593,0.1720618004029213,0.0,0.2946278254943948,0.0,0.0,0.0,0.0,0.038124642583151166,0.0,0.03571428571428571,0.08333333333333333,0.0,0.10660035817780521,0.0,0.0,0.0,0.04490132550669373,0.0,0.0,0.11180339887498948,0.0,0.0,0.0,0.11785113019775793,0.0,0.1823312393723682,0.0,0.09622504486493763,0.0,0.0,0.0,0.0,0.0,0.0,0.10660035817780521,0.2004459314343183,0.0,0.0,0.0,0.2182178902359924,0.0,0.07905694150420949,0.0,0.0,0.0,0.10714285714285714,0.0,0.0,0.0,0.0,0.0,0.0,0.0,0.0,0.0944911182523068,0.0,0.0,0.0,0.0,0.1636634176769943,0.053300179088902604,0.07715167498104596,0.0,0.0,0.0,0.0,0.0944911182523068,0.07071067811865475,0.0,0.0,0.2004459314343183,0.0,0.0,0.037267799624996496,0.0,0.0,0.10425720702853739,0.1386750490563073,0.035355339059327376,0.0,0.1386750490563073,0.035355339059327376,0.0,1.0,0.0,0.0,0.0,0.0,0.0,0.0,0.0,0.0,0.035355339059327376,0.05590169943749474,0.09128709291752768,0.0,0.0,0.0,0.08111071056538127,0.10660035817780521,0.0,0.0,0.1636634176769943,0.0,0.0,0.0,0.0,0.0,0.0,0.07071067811865475,0.0,0.051031036307982884,0.035355339059327376,0.0,0.0,0.0,0.0,0.0,0.0,0.03857583749052298,0.09284766908852593,0.0,0.0,0.03952847075210474,0.0,0.07372097807744857,0.0,0.0,0.0,0.20801257358446093,0.1,0.08219949365267865,0.040555355282690636,0.0,0.0,0.18257418583505536,0.1386750490563073,0.0,0.0,0.0,0.0,0.0,0.0,0.0,0.0,0.0,0.19364916731037082,0.0,0.0,0.04902903378454601,0.036860489038724284,0.0,0.0,0.0,0.0,0.0,0.0,0.035355339059327376,0.05892556509887897,0.0,0.0,0.0,0.0,0.0,0.07071067811865475,0.1889822365046136,0.0,0.0,0.0,0.05212860351426869,0.0,0.0,0.0,0.08219949365267865,0.0,0.0,0.0,0.0,0.08333333333333333,0.09622504486493763,0.1386750490563073,0.0,0.0,0.0,0.0,0.0,0.0,0.15075567228888181,0.07071067811865475,0.0,0.0,0.0,0.0,0.0,0.0,0.08333333333333333,0.0,0.07071067811865475,0.0,0.0,0.12126781251816648,0.0,0.0,0.0,0.0,0.0,0.035355339059327376,0.0,0.0,0.0,0.09284766908852593,0.03952847075210474,0.0,0.0,0.0,0.0,0.040555355282690636,0.0,0.0,0.07372097807744857,0.07071067811865475,0.0,0.0,0.0,0.0,0.0,0.0,0.0,0.12126781251816648,0.07372097807744857,0.1091089451179962
herb204,0.0,0.0,0.0,0.0,0.0,0.0,0.0,0.0,0.0,0.0,0.0,0.0,0.0,0.0,0.0,0.0,0.0,0.0,0.0,0.15389675281277312,0.0,0.0,0.0,0.0,0.0,0.0,0.0,0.0,0.0,0.0,0.0,0.0,0.0,0.0,0.0,0.0,0.0,0.09534625892455924,0.0,0.0,0.0,0.0,0.0,0.0,0.0,0.0,0.0,0.0,0.0,0.0,0.0,0.0,0.0,0.0,0.0,0.0,0.0,0.0,0.0,0.0,0.0,0.0,0.0,0.0,0.0,0.0,0.0,0.0,0.0,0.0,0.0,0.0,0.062017367294604234,0.0,0.0,0.0,0.0,0.0,0.0,0.0,0.0,0.0,0.0,0.0,0.07905694150420949,0.0,0.0,0.0,0.0,0.0,0.0,0.0,0.0,0.0,0.0,0.0,0.0,0.0,0.0,0.0,0.0,0.0,0.0,0.0,0.0,0.0,0.0,0.0,0.0,0.0,0.0,0.0,0.0,0.0,0.0,0.23008949665421113,0.0,0.0,0.0,0.0,0.0,0.0,0.0,0.0,0.3265986323710904,0.0,0.0,0.0,0.0,0.0,0.0,0.0,0.0,0.0,0.0,0.0,0.0,0.0,0.0,0.0,0.0,0.0,0.0,0.0,0.0,0.0,0.0,0.0,0.0,0.0,0.0,0.0,0.0,0.0,0.0,0.0,0.0,0.0,0.0,0.0,0.0,0.0,0.0,0.0,0.0,0.0,0.0,0.08770580193070293,0.0,0.0,0.0,1.0,0.3265986323710904,0.0,0.0,0.0,0.0,0.0,0.0,0.0,0.0,0.0,0.0,0.0,0.0,0.0,0.0,0.0,0.0,0.0,0.0,0.0,0.0,0.0,0.0,0.0,0.0,0.0,0.0,0.0,0.0,0.0,0.0,0.0,0.0,0.0,0.0,0.0,0.0,0.0,0.0,0.0,0.0,0.0,0.0,0.0,0.0,0.0,0.0,0.0,0.253546276418555,0.0,0.0,0.0,0.0,0.0,0.0,0.0,0.0,0.0,0.0,0.0,0.0,0.0,0.0,0.0,0.0,0.0,0.0,0.0,0.0632455532033676,0.0,0.0,0.0,0.0,0.0,0.0,0.0,0.0,0.0,0.0,0.0,0.0,0.0,0.0,0.0,0.0,0.0,0.0,0.0,0.0,0.0,0.0,0.0,0.0,0.0,0.0,0.0,0.0,0.0,0.0,0.0,0.0,0.0,0.0,0.0,0.0,0.0,0.0,0.0,0.0,0.0,0.0,0.0,0.0,0.0,0.0,0.0,0.0,0.0,0.0,0.0,0.0,0.0,0.0,0.0,0.0,0.0,0.0,0.0,0.0,0.0,0.0,0.0,0.0,0.0,0.0,0.0,0.0,0.0,0.0,0.0,0.0,0.0,0.0,0.0,0.0,0.0
herb205,0.0,0.26943012562182533,0.32461722703211776,0.0,0.0,0.03651483716701107,0.0,0.0,0.0,0.0,0.0,0.0,0.0,0.2788866755113585,0.2556038601690775,0.0,0.2581988897471611,0.0,0.0,0.460739299120865,0.0,0.0,0.039374961547907886,0.2857738033247041,0.0,0.03651483716701107,0.0,0.0,0.0,0.0,0.2556038601690775,0.03651483716701107,0.18257418583505536,0.3709911166081346,0.0,0.0,0.0,0.0,0.3149996923832631,0.0,0.0,0.0,0.35445877847928325,0.1460593486680443,0.0,0.0,0.0,0.0,0.4518480570575319,0.0,0.043033148291193514,0.18257418583505536,0.0,0.28226724349092913,0.0,0.2921186973360886,0.0,0.0,0.0,0.0,0.0,0.0,0.34156502553198653,0.0,0.0,0.2556038601690775,0.0,0.04032389192727559,0.0,0.3442651863295481,0.43070552164653236,0.0,0.0,0.0,0.3709911166081346,0.0,0.0,0.0,0.0,0.0,0.0,0.0,0.0,0.0,0.0,0.0,0.047946330148538406,0.0,0.0,0.0,0.03651483716701107,0.03651483716701107,0.3045547950507524,0.0,0.07874992309581577,0.0,0.0,0.08606629658238703,0.0,0.0,0.0,0.0,0.0,0.0,0.0,0.0,0.05773502691896257,0.0,0.0,0.1126872339638022,0.0,0.0,0.03766217885773547,0.0,0.0,0.6888467201936644,0.3944053188733077,0.0,0.0,0.4738791022072738,0.3012320380383546,0.0,0.0,0.0,0.9333333333333331,0.4507489358552088,0.0,0.0,0.0,0.0,0.0,0.0,0.07377111135633174,0.0,0.0,0.0,0.23354968324845687,0.0,0.0,0.0,0.0,0.0,0.0,0.0,0.0,0.0,0.0,0.0,0.0,0.2556038601690775,0.0,0.0,0.0,0.0,0.2556038601690775,0.046373889576016826,0.053838190205816545,0.0,0.0,0.0,0.0,0.0,0.0,0.053838190205816545,0.0,0.0,0.05504818825631802,0.0,0.21908902300206642,0.0,0.0,0.3265986323710904,0.9999999999999998,0.0,0.0,0.0,0.0,0.0,0.0,0.2556038601690775,0.0,0.0,0.4507489358552088,0.0,0.0,0.12565617248750865,0.0,0.0,0.0,0.0,0.2556038601690775,0.0,0.03651483716701107,0.0,0.28941438070815306,0.2556038601690775,0.2556038601690775,0.0,0.0,0.21908902300206642,0.0,0.0,0.0,0.0,0.0,0.2921186973360886,0.0,0.0,0.0,0.0,0.0,0.0,0.0,0.0,0.0,0.0,0.0,0.41311822359545775,0.0,0.0,0.966091783079296,0.0,0.0,0.14322297480788657,0.07453559924999299,0.33562431103976886,0.14638501094227996,0.0,0.26943012562182533,0.0,0.0,0.0,0.07161148740394328,0.0,0.0,0.0,0.0,0.0,0.0,0.0,0.41311822359545775,0.3771236166328253,0.3307592922378892,0.0,0.21908902300206642,0.42600643361512924,0.0,0.0,0.0,0.0,0.0,0.0,0.04879500364742665,0.03651483716701107,0.29508444542532697,0.3045547950507524,0.0,0.28941438070815306,0.04714045207910316,0.0,0.29713345198460617,0.0,0.0,0.36147844564602555,0.0,0.0,0.3478327964999673,0.0,0.0,0.0,0.3944053188733077,0.05504818825631802,0.0,0.0,0.0,0.03651483716701107,0.06085806194501846,0.10327955589886445,0.0,0.0,0.08856148855400951,0.0,0.0,0.0,0.0,0.0,0.0,0.0,0.0,0.0,0.0,0.0,0.0,0.03651483716701107,0.4738791022072738,0.0,0.2556038601690775,0.0,0.2857738033247041,0.0,0.0,0.0,0.3146266024828463,0.04188539082916955,0.0,0.0,0.0,0.2556038601690775,0.0,0.0,0.0,0.35445877847928325,0.29319773580418684,0.0,0.0,0.0,0.0,0.3944053188733077
herb210,0.21828206253269966,0.0,0.0,0.5578319375835659,0.0,0.0,0.0,0.14744195615489714,0.0,0.0,0.0,0.0,0.09258200997725516,0.4364357804719847,0.0,0.0,0.0,0.035355339059327376,0.0,0.0,0.047809144373375745,0.0,0.04313310928137536,0.0,0.10327955589886444,0.08,0.13949716649258315,0.0,0.15491933384829665,0.16502739940140695,0.0,0.24000000000000002,0.08,0.0508000508000762,0.0,0.0,0.0,0.0,0.0,0.0,0.02721655269759087,0.5976143046671967,0.0,0.04,0.10327955589886444,0.33999999999999997,0.040824829046386304,0.0,0.035355339059327376,0.0,0.0,0.08,0.0,0.02208630521496931,0.447213595499958,0.06,0.0,0.0,0.1414213562373095,0.0,0.0,0.0,0.0,0.0,0.0254000254000381,0.1,0.0,0.0,0.10886621079036347,0.11785113019775792,0.0,0.0,0.1941450686788302,0.1414213562373095,0.0,0.0,0.0324442842261525,0.43817804600413285,0.0,0.0,0.0,0.0,0.08,0.0,0.035355339059327376,0.0,0.13130643285972254,0.0,0.0,0.06666666666666668,0.0,0.06,0.0,0.0,0.08626621856275073,0.3,0.42426406871192845,0.023570226039551584,0.5422176684690382,0.0,0.10160010160015241,0.09999999999999999,0.11094003924504584,0.0,0.33730961708462714,0.12000000000000001,0.0,0.12344267996967354,0.034299717028501764,0.0,0.0,0.0,0.04125684985035174,0.6599663291074442,0.0,0.0,0.0,0.282842712474619,0.1460593486680443,0.0,0.0,0.0,0.0,0.0,0.0,0.12344267996967354,0.15430334996209194,0.1876629726513673,0.0,0.0,0.0834057656228299,0.0,0.0,0.19999999999999998,0.15756771943166706,0.13333333333333336,0.0,0.0,0.0,0.0,0.0,0.05345224838248487,0.02062842492517587,0.09733285267845751,0.05897678246195886,0.0,0.06172133998483677,0.060302268915552716,0.4800793585191832,0.0,0.33941125496954283,0.12792042981336627,0.0,0.0,0.0,0.0,0.05897678246195886,0.03779644730092272,0.09058216273156766,0.0,0.0,0.10327955589886444,0.4706787243316417,0.08846517369293828,0.0,0.0,0.1507556722888818,0.0,0.0,0.0,0.0,0.0,0.0,1.0,0.04,0.0,0.08834522085987724,0.11547005383792518,0.0,0.08,0.0,0.5163977794943221,0.0,0.25584085962673253,0.02,0.0,0.12060453783110543,0.0,0.48,0.0,0.0,0.0,0.0,0.12344267996967352,0.0,0.02,0.0,0.10886621079036347,0.0,0.06,0.0,0.0,0.0,0.06793662204867575,0.0,0.24000000000000002,0.0,0.02626128657194451,0.035355339059327376,0.5142956348249517,0.022360679774997897,0.0,0.0,0.5891883036371794,0.39999999999999997,0.0,0.0,0.0,0.5347391382215687,0.0,0.0,0.0,0.10327955589886444,0.0,0.5103103630798288,0.0,0.0,0.0,0.021081851067789197,0.0,0.049999999999999996,0.05773502691896258,0.0,0.1460593486680443,0.12309149097933272,0.0,0.02773500981126146,0.0,0.0,0.0,0.0565685424949238,0.0,0.0,0.040824829046386304,0.0,0.0,0.0,0.0,0.1131370849898476,0.04,0.08,0.0,0.05345224838248487,0.0,0.04040610178208843,0.0,0.05897678246195886,0.0,0.0,0.24000000000000002,0.09299811099505542,0.5116817192534651,0.0,0.1131370849898476,0.10660035817780522,0.0,0.0,0.0,0.0,0.10327955589886444,0.0,0.1507556722888818,0.43999999999999995,0.15756771943166706,0.0,0.0,0.0,0.0,0.12309149097933272,0.044721359549995794,0.0,0.0,0.0,0.23333333333333334,0.12000000000000001,0.0,0.0,0.0,0.16666666666666669,0.0,0.26186146828319085,0.15689290811054724,0.26539552107881487,0.06,0.0,0.16274669424134702,0.04,0.21009029257555606,0.0,0.0282842712474619,0.0,0.24000000000000002,0.0,0.09176629354822471,0.0,0.0,0.0,0.54,0.0,0.09847319278346618,0.0,0.0,0.0,0.0,0.511489610472805,0.0,0.0834057656228299,0.0
herb213,0.04850712500726659,0.021081851067789197,0.0254000254000381,0.0,0.0,0.0,0.18766297265136728,0.0,0.0,0.0,0.0,0.06324555320336758,0.0,0.0,0.06,0.0,0.18182745801939793,0.0,0.0,0.04588314677411236,0.14342743312012723,0.16,0.04313310928137536,0.022360679774997897,0.02581988897471611,0.08,0.0,0.0,0.05163977794943222,0.061885274775527604,0.04,0.04,0.26,0.0254000254000381,0.1414213562373095,0.0282842712474619,0.0,0.0,0.0,0.25455844122715715,0.19051586888313607,0.0,0.02773500981126146,0.14,0.0,0.08,0.0,0.0,0.0,0.0,0.023570226039551584,0.12000000000000001,0.0,0.06625891564490793,0.0,0.16,0.0,0.0,0.035355339059327376,0.02581988897471611,0.0,0.06469966392206304,0.08017837257372731,0.0,0.0508000508000762,0.18,0.04,0.04417261042993862,0.0,0.0,0.0,0.0492365963917331,0.0,0.04714045207910317,0.0,0.0,0.0,0.0,0.22360679774997896,0.1668115312456598,0.08,0.1,0.1,0.08,0.0,0.07071067811865475,0.0,0.0,0.1778001778002667,0.0,0.16,0.18,0.020851441405707476,0.0,0.0,0.0,0.10101525445522107,0.0,0.0,0.0,0.0,0.22499999999999998,0.22188007849009164,0.0254000254000381,0.08432740427115679,0.22000000000000003,0.03162277660168379,0.0,0.0,0.0,0.16666666666666669,0.18,0.0,0.0,0.32659863237109044,0.0,0.0,0.023570226039551584,0.03651483716701107,0.0,0.0,0.0,0.03779644730092272,0.0,0.0,0.0,0.0,0.06255432421712243,0.0,0.0,0.0,0.0,0.0,0.049999999999999996,0.02626128657194451,0.0,0.0,0.030151134457776358,0.09045340337332908,0.0,0.0,0.026726124191242435,0.26816952402728633,0.0,0.0,0.0,0.2160246899469287,0.0,0.0,0.0,0.0,0.2345207879911715,0.0,0.0,0.16,0.0254000254000381,0.0,0.0,0.0,0.030151134457776358,0.08432740427115679,0.18073922282301277,0.0,0.0,0.03922322702763681,0.04,0.0,0.0,0.04,0.0,0.0,0.0,0.0,0.04,1.0000000000000002,0.08626621856275073,0.17669044171975448,0.0,0.03162277660168379,0.14,0.03162277660168379,0.02581988897471611,0.030860669992418384,0.0,0.18,0.04588314677411236,0.0,0.0,0.0,0.0,0.02,0.060302268915552716,0.06,0.0,0.0,0.12,0.16,0.0,0.02886751345948129,0.08,0.0,0.034299717028501764,0.0,0.29439202887759486,0.0,0.04,0.02182178902359924,0.02626128657194451,0.0,0.1341640786499874,0.0,0.02461829819586655,0.04170288281141495,0.02182178902359924,0.26,0.0,0.11766968108291043,0.0,0.0,0.02294157338705618,0.0,0.0,0.0,0.0,0.0,0.0,0.0,0.0,0.0,0.04264014327112209,0.0,0.0,0.0,0.0,0.02461829819586655,0.0,0.08320502943378438,0.04170288281141495,0.15689290811054724,0.07620007620011429,0.0,0.02581988897471611,0.022645540682891915,0.0,0.22000000000000003,0.0,0.0,0.06324555320336758,0.0,0.22000000000000003,0.18,0.18,0.0,0.2,0.18182745801939793,0.06255432421712243,0.02948839123097943,0.0,0.07745966692414832,0.08,0.0,0.021320071635561044,0.2160246899469287,0.0,0.17056057308448835,0.21213203435596426,0.0,0.0,0.0,0.0,0.0,0.0,0.0,0.0,0.04264014327112209,0.2,0.06666666666666668,0.1414213562373095,0.02461829819586655,0.0,0.09701425001453318,0.0,0.04714045207910317,0.06666666666666668,0.1,0.0,0.04850712500726659,0.0,0.0,0.0,0.0,0.0,0.0,0.14,0.064888568452305,0.0,0.14,0.0,0.0,0.0,0.0,0.18,0.0,0.0,0.02948839123097943,0.02581988897471611,0.04170288281141495,0.0,0.020203050891044214,0.0,0.09045340337332908,0.0,0.0,0.0,0.0,0.034299717028501764,0.1668115312456598,0.0
herb215,0.0,0.0,0.0,0.0,0.0,0.0,0.0,0.0,0.0,0.0,0.0,0.0,0.0,0.0,0.0,0.10495671428119792,0.0,0.0,0.0,0.0,0.07733088933397005,0.0,0.023255813953488372,0.0,0.08352690695845567,0.0,0.025070610528195012,0.0,0.0,0.0,0.0,0.0,0.02156655464068768,0.0,0.0,0.33549685473173024,0.0,0.0,0.06976744186046512,0.0,0.02934836354418746,0.0,0.0,0.0,0.0,0.0,0.0,0.0,0.0,0.0,0.0,0.02156655464068768,0.0,0.0,0.0,0.0,0.0,0.0,0.0,0.0,0.3668126156726501,0.046511627906976744,0.0,0.12719260014977868,0.05477910356647767,0.02156655464068768,0.02156655464068768,0.0,0.1467418177209373,0.0,0.0,0.2389193429408545,0.0,0.0,0.0,0.0,0.0,0.0,0.09644856443408244,0.08993875008265757,0.02156655464068768,0.3450648742510029,0.02156655464068768,0.08626621856275073,0.0,0.0,0.0,0.0,0.027389551783238836,0.0,0.04313310928137536,0.02156655464068768,0.022484687520664393,0.0,0.0,0.0,0.0,0.0,0.0,0.03251280443811775,0.0,0.0,0.0,0.0,0.0,0.12939932784412608,0.0,0.0,0.0,0.0,0.0,0.12939932784412608,0.0,0.0,0.0,0.0,0.0,0.0,0.0,0.0,0.0,0.0,0.0,0.0,0.0,0.0,0.0,0.0,0.0,0.0,0.022484687520664393,0.0,0.02178551004751495,0.0,0.0,0.0,0.0,0.0,0.0,0.1363988678940947,0.0,0.0,0.0,0.0,0.0,0.0,0.0,0.0,0.0,0.02156655464068768,0.0,0.18392019594868114,0.0,0.0,0.02156655464068768,0.05477910356647767,0.0,0.0,0.09767725810110087,0.0,0.5455954715763788,0.05568460463897045,0.0,0.0,0.0,0.02156655464068768,0.0,0.0,0.0,0.05763904177042349,0.0,0.0,0.0,0.0,0.08626621856275073,1.0000000000000002,0.0,0.0,0.0,0.0,0.0,0.0,0.0,0.0,0.04313310928137536,0.12369267399882336,0.0,0.0,0.0,0.03327791628198609,0.0,0.0,0.06469966392206304,0.0,0.0,0.02156655464068768,0.04313310928137536,0.11739345417674985,0.0,0.02156655464068768,0.12688648033134406,0.0,0.25058072087536704,0.024419314525275217,0.0,0.0,0.1647172818672541,0.02831827358942995,0.0,0.0,0.09644856443408242,0.1592795619605697,0.15739281264465074,0.0,0.0,0.07421560439929402,0.0,0.0,0.0,0.0,0.0,0.0,0.0,0.0,0.0,0.0,0.0,0.0,0.022733144649015782,0.13794014696151086,0.0,0.0,0.0,0.0,0.0,0.0,0.02990743022772896,0.33727031280996594,0.0,0.0,0.0,0.027842302319485226,0.0,0.0,0.0,0.07188851546895896,0.0,0.0,0.030499714066520935,0.02156655464068768,0.04313310928137536,0.0,0.028819520885211745,0.02156655464068768,0.0,0.0,0.0,0.0,0.0,0.02156655464068768,0.0,0.0,0.03327791628198609,0.0,0.09196009797434057,0.07624928516630233,0.0,0.0,0.04822428221704121,0.0,0.0,0.0,0.0,0.0,0.0,0.0,0.0,0.0,0.0,0.0,0.0,0.0,0.0,0.0,0.06469966392206304,0.0,0.0,0.0,0.0,0.0,0.0,0.0,0.0,0.0,0.0,0.050141221056390024,0.04313310928137536,0.0,0.0,0.030499714066520935,0.0,0.02156655464068768,0.0,0.0,0.0,0.16705381391691135,0.022484687520664393,0.0,0.0,0.10618637464037979,0.3251280443811775,0.0,0.0,0.0,0.0,0.036986336072765455,0.08993875008265757,0.0
herb217,0.0,0.0,0.0,0.10713431680111603,0.0,0.0,0.36842503924680325,0.0,0.0,0.0,0.0,0.0,0.0,0.09639253854237598,0.0,0.10748615458500278,0.35696859860252816,0.03904344047215152,0.0,0.0,0.0,0.353380883439509,0.0,0.0,0.0,0.02208630521496931,0.15404884978892902,0.0,0.0,0.04556056890015147,0.02208630521496931,0.0,0.04417261042993862,0.0,0.06246950475544243,0.0,0.03407990882954985,0.0,0.0,0.0,0.0,0.10559273546969093,0.0,0.04417261042993862,0.0,0.04417261042993862,0.0,0.0,0.0,0.0,0.0,0.04417261042993862,0.0,0.0,0.09877295966495897,0.0,0.0,0.0,0.0,0.0,0.0,0.0,0.0,0.0,0.0,0.04417261042993862,0.0,0.0,0.0,0.0,0.0,0.0,0.0,0.0,0.0,0.0,0.0,0.0,0.44447831849231534,0.4144781691526537,0.0,0.0,0.04417261042993862,0.0,0.03904344047215152,0.0,0.0,0.0,0.0,0.0,0.39755349386944766,0.0,0.0,0.0,0.0,0.0,0.11155268706329005,0.0,0.1140531897024402,0.0,0.028049635672660722,0.44172610429938614,0.49005111346535113,0.0,0.09312403943594377,0.37546718865447837,0.0,0.0,0.0,0.0,0.0,0.39755349386944766,0.022780284450075735,0.10411584125907071,0.4808904718226306,0.0,0.0,0.0,0.0,0.0,0.0,0.0,0.0,0.0,0.0,0.0,0.0,0.0690796948587756,0.0,0.0,0.0,0.0,0.04462107482531602,0.0,0.0,0.0,0.0,0.0,0.0,0.0,0.0,0.029514066805047763,0.36448455120121176,0.0,0.0,0.0,0.03407990882954985,0.0,0.09639253854237598,0.0,0.0,0.42379344841321,0.0,0.0,0.0,0.0,0.0,0.0,0.050015632328035534,0.0,0.0,0.0,0.0,0.0,0.0,0.0,0.13318543164240537,0.0,0.0,0.11805626722019105,0.0,0.0,0.0,0.08834522085987724,0.17669044171975448,0.0,1.0000000000000002,0.0,0.03492151478847891,0.0,0.03492151478847891,0.1140531897024402,0.0,0.0,0.3312945782245397,0.0,0.06659271582120269,0.0,0.11043152607484655,0.0,0.0,0.0,0.0,0.0,0.0,0.04417261042993862,0.0,0.06011130897782883,0.0,0.0,0.043314808182421,0.0,0.0,0.4501406909523198,0.0,0.0,0.0,0.0,0.0,0.09877295966495897,0.0,0.0,0.0,0.09639253854237598,0.4417261042993863,0.0,0.0,0.0,0.1283740414907742,0.0,0.0,0.0,0.0,0.0,0.09016696346674324,0.0,0.0,0.030628194591584446,0.0,0.09417632186960223,0.0,0.0,0.0,0.0,0.0,0.0,0.0,0.0,0.0,0.0,0.0,0.0,0.0,0.04508348173337162,0.3312945782245397,0.0,0.0,0.0,0.09370425713316365,0.3312945782245397,0.39755349386944766,0.353380883439509,0.0,0.0,0.35696859860252816,0.0,0.0,0.0,0.0,0.15460413650478516,0.0,0.09417632186960223,0.0,0.0,0.42379344841321,0.0,0.0,0.0,0.0,0.0,0.0,0.03329635791060134,0.11043152607484655,0.0,0.0,0.0,0.0,0.0,0.0,0.0,0.0,0.0,0.0,0.11043152607484656,0.04417261042993862,0.0,0.0,0.0,0.0,0.0,0.0,0.0,0.0,0.06625891564490793,0.0,0.10269923319261937,0.0,0.05800147905657416,0.0,0.031234752377721216,0.0,0.353380883439509,0.0,0.0,0.0,0.0,0.0,0.08834522085987724,0.0,0.05437272478270369,0.0,0.0,0.0,0.0,0.10269923319261937,0.0,0.36842503924680325,0.0
herb219,0.17503501050350123,0.0,0.0,0.10502100630210075,0.0,0.0,0.0,0.042562826537937436,0.0,0.0,0.0,0.0,0.0,0.0,0.0,0.3746343246326776,0.0,0.0,0.0,0.0,0.0,0.0,0.0,0.0,0.18633899812498247,0.05773502691896258,0.0,0.0,0.14907119849998599,0.11909826683508275,0.05773502691896258,0.14433756729740646,0.0,0.0,0.0,0.0,0.08908708063747481,0.0,0.0,0.0,0.0,0.17251638983558856,0.0,0.0,0.18633899812498247,0.0,0.0,0.0,0.0,0.0,0.0,0.05773502691896258,0.0,0.0,0.0,0.0,0.0,0.0,0.0,0.0,0.0,0.0,0.0,0.0,0.0,0.0,0.0,0.0,0.0,0.0,0.0,0.0,0.12009611535381537,0.17010345435994292,0.0,0.0,0.0936585811581694,0.21081851067789195,0.0,0.0,0.0,0.0,0.02886751345948129,0.0,0.0,0.0,0.0,0.0,0.0,0.0,0.0,0.0,0.0,0.0,0.12451456127293808,0.21650635094610968,0.0,0.0,0.0,0.0,0.14664711502135333,0.0,0.0,0.0,0.12171612389003693,0.0,0.0,0.0,0.3465516400418361,0.0,0.0,0.0,0.0,0.0,0.0,0.0,0.0,0.2041241452319315,0.0,0.0,0.0,0.0,0.0,0.0,0.0,0.0,0.0,0.0,0.0,0.0,0.18057877962865385,0.0,0.0,0.21650635094610968,0.0,0.24056261216234412,0.0,0.0,0.0,0.0,0.0,0.0,0.0,0.1873171623163388,0.0,0.0,0.0,0.0,0.0,0.0,0.24494897427831788,0.0,0.0,0.0,0.0,0.0,0.0,0.0,0.0,0.0,0.0,0.0,0.28306925853614895,0.17025130615174974,0.0,0.0,0.2175970699446223,0.0,0.0,0.0,0.0,0.0,0.0,0.11547005383792518,0.0,0.0,0.0,1.0000000000000002,0.09128709291752769,0.0,0.0,0.0,0.0,0.15386436372416595,0.0,0.0,0.0,0.0,0.4618802153517007,0.0,0.0,0.0,0.17320508075688776,0.48997894350611154,0.0,0.02886751345948129,0.0,0.0,0.0,0.0,0.3396831102433788,0.0,0.2608745973749755,0.0,0.0,0.14433756729740646,0.0,0.0,0.0,0.0,0.0,0.0,0.0,0.15748519708717804,0.0,0.0,0.0,0.0,0.1342312110428049,0.0,0.0,0.0,0.0,0.0,0.14731391274719743,0.0,0.0,0.28022426915890253,0.060858061945018464,0.24618298195866556,0.0,0.0,0.0,0.26352313834736496,0.03553345272593508,0.0,0.0,0.0,0.0,0.0,0.0,0.0,0.1307440900921227,0.0,0.0,0.0,0.0,0.0,0.24494897427831788,0.0,0.0,0.0,0.0,0.0,0.0,0.0,0.0,0.0,0.0,0.0,0.0,0.0,0.0,0.16329931618554525,0.0,0.0,0.0,0.0,0.0,0.18633899812498247,0.0,0.17407765595569782,0.0,0.0,0.0,0.0,0.0,0.0,0.17766726362967541,0.0,0.0,0.0,0.0,0.1924500897298753,0.0,0.0,0.0,0.0,0.04811252243246882,0.0,0.157485197087178,0.283069258536149,0.21281413268968719,0.20207259421636906,0.0,0.36913583036771336,0.0,0.0,0.0,0.0,0.0,0.14433756729740646,0.0,0.0,0.042562826537937436,0.0,0.030096463271442307,0.0,0.0,0.14213381090374033,0.0,0.0,0.0331133089266261,0.0,0.0,0.0,0.12038585308576923,0.0
herb220,0.0,0.0,0.0,0.0,0.0,0.0,0.0,0.0,0.05590169943749474,0.0,0.0,0.0,0.0,0.0,0.0,0.1538967528127731,0.0,0.0,0.0,0.0,0.03779644730092272,0.0,0.0,0.0,0.0408248290463863,0.03162277660168379,0.0,0.13483997249264842,0.2449489742783178,0.2283148255687048,0.03162277660168379,0.0,0.03162277660168379,0.0,0.0,0.08944271909999159,0.5367450401216932,0.0,0.0,0.0,0.04303314829119352,0.0,0.0,0.03162277660168379,0.0,0.03162277660168379,0.0,0.0,0.0,0.0,0.0,0.0,0.0,0.0,0.0,0.0,0.0,0.0,0.0,0.0,0.0,0.0,0.0,0.0,0.0,0.0,0.0,0.03492151478847891,0.0,0.0,0.0,0.03892494720807615,0.0,0.0,0.0,0.0,0.1025978352085154,0.0,0.0,0.0,0.03162277660168379,0.06324555320336758,0.0,0.03162277660168379,0.11180339887498948,0.0,0.0,0.0,0.0,0.0,0.0,0.0,0.0,0.04767312946227961,0.0,0.0,0.0,0.0,0.0,0.0,0.24096579867074966,0.039528470752104736,0.043852900965351466,0.0,0.0,0.0,0.0,0.0,0.10846522890932808,0.0,0.0,0.0,0.0,0.0,0.0,0.0,0.0,0.0,0.0,0.0,0.0,0.0,0.0,0.0,0.0,0.0,0.0,0.0,0.0,0.0,0.0659380473395787,0.0,0.0,0.0,0.0,0.0,0.0,0.04767312946227961,0.0,0.0,0.0,0.0,0.0,0.0,0.0,0.0,0.0,0.0,0.0,0.0,0.044721359549995794,0.0,0.0,0.0,0.0,0.0,0.0,0.0,0.0,0.0,0.0,0.0,0.0,0.0,0.0,0.0,0.0,0.0,0.0,0.0,0.0,0.0,0.0,0.0,0.03162277660168379,0.0,0.03492151478847891,0.09128709291752769,1.0,0.03162277660168379,0.049999999999999996,0.0,0.0,0.20225995873897262,0.03162277660168379,0.03627381250550058,0.0,0.0,0.06324555320336758,0.0,0.0,0.0,0.0,0.0,0.0,0.0,0.0,0.0,0.0,0.03162277660168379,0.0,0.0,0.0,0.0,0.0,0.0,0.0,0.04152273992686998,0.0,0.0,0.0,0.0,0.0,0.03450327796711771,0.0,0.0,0.0,0.0,0.0,0.0,0.0,0.0,0.0,0.0,0.0,0.0,0.0,0.043852900965351466,0.0,0.033709993123162106,0.0,0.0,0.0,0.0,0.0,0.0,0.043852900965351466,0.03296902366978935,0.0,0.0,0.0,0.0,0.0,0.0,0.0,0.0,0.0,0.0,0.08944271909999159,0.0,0.0,0.0,0.042257712736425826,0.0,0.0,0.0,0.0,0.0,0.0,0.03162277660168379,0.0,0.0,0.04879500364742666,0.0,0.0,0.0,0.0,0.0,0.0,0.0,0.0,0.0,0.0,0.0,0.0,0.0,0.0,0.0,0.0,0.0,0.0,0.0,0.0,0.0,0.0,0.0,0.0,0.0,0.0,0.0,0.20701966780270625,0.0,0.09325048082403138,0.0,0.0,0.036760731104690386,0.0,0.0,0.0,0.0,0.0,0.0,0.0,0.0,0.0,0.0,0.0,0.0,0.0,0.0,0.0,0.0,0.0,0.0,0.0,0.0,0.0,0.0
herb221,0.04850712500726659,0.3794733192202055,0.1778001778002667,0.12126781251816647,0.0,0.04,0.0,0.0,0.4242640687119285,0.0,0.0,0.18973665961010275,0.0,0.4146139914483855,0.28,0.0324442842261525,0.16162440712835371,0.0,0.0,0.18353258709644943,0.023904572186687872,0.0,0.04313310928137536,0.15652475842498528,0.20655911179772887,0.02,0.0,0.0,0.18073922282301275,0.22691267417693456,0.12000000000000001,0.02,0.24,0.1778001778002667,0.1414213562373095,0.0,0.030860669992418384,0.0,0.19409899176618914,0.0565685424949238,0.08164965809277261,0.14342743312012723,0.1941450686788302,0.2,0.0,0.2,0.0,0.09486832980505137,0.24748737341529162,0.0,0.023570226039551584,0.16,0.06859943405700353,0.2208630521496931,0.1341640786499874,0.2,0.07844645405527362,0.0,0.21213203435596426,0.3614784456460255,0.0,0.0,0.2405351177211819,0.0,0.0508000508000762,0.30000000000000004,0.06,0.02208630521496931,0.16329931618554522,0.18856180831641267,0.206418738616856,0.0492365963917331,0.3328201177351375,0.04714045207910317,0.2032002032003048,0.03651483716701107,0.0,0.0,0.11180339887498948,0.18766297265136728,0.1,0.02,0.04,0.06,0.07071067811865475,0.0,0.18382900600361157,0.12977713690461,0.12700012700019048,0.03333333333333334,0.06,0.26,0.41702882811414954,0.0,0.08626621856275073,0.0,0.10101525445522108,0.1414213562373095,0.15491933384829665,0.060302268915552716,0.1016001016001524,0.0,0.0,0.0,0.0,0.06,0.03162277660168379,0.18516401995451032,0.10289915108550529,0.12344267996967354,0.20000000000000004,0.02,0.061885274775527604,0.1414213562373095,0.0,0.24009801919951235,0.2160246899469287,0.0,0.21908902300206645,0.22710998958306752,0.1649915822768611,0.060302268915552716,0.03779644730092272,0.0,0.2556038601690775,0.40118870990143896,0.18516401995451032,0.0834057656228299,0.0,0.0324442842261525,0.0,0.0,0.060609152673132646,0.0,0.21009029257555606,0.13333333333333336,0.0,0.0,0.060302268915552716,0.0,0.0,0.0,0.0,0.0,0.0,0.0,0.18516401995451032,0.09045340337332908,0.13093073414159542,0.14,0.0,0.10660035817780522,0.0,0.0,0.24,0.0254000254000381,0.05897678246195886,0.0,0.1358732440973515,0.0,0.25298221281347033,0.18073922282301275,0.0,0.02948839123097943,0.0,0.0,0.030151134457776358,0.3530090432487313,0.13999999999999999,0.0,0.035355339059327376,0.0,0.2556038601690775,0.08,0.14,0.0,0.0,0.0,0.03162277660168379,1.0,0.2846049894151541,0.12909944487358055,0.2160246899469287,0.021320071635561044,0.0,0.0,0.18090680674665816,0.0,0.08,0.0,0.18,0.2110579412044345,0.0,0.0,0.1585187847802434,0.26,0.22,0.16329931618554522,0.11547005383792516,0.45999999999999996,0.0,0.0,0.0,0.0,0.0,0.18000000000000002,0.0,0.02626128657194451,0.0,0.1341640786499874,0.0,0.0,0.04170288281141495,0.13093073414159542,0.08,0.0,0.11766968108291043,0.28284271247461906,0.11624763874381928,0.2064741604835056,0.264575131106459,0.0,0.18073922282301275,0.07844645405527362,0.18371173070873836,0.2363515791475006,0.08017837257372731,0.0,0.14757295747452437,0.021320071635561044,0.0,0.0,0.03922322702763681,0.0,0.0,0.0,0.0,0.0,0.03922322702763681,0.0,0.39597979746446665,0.18073922282301277,0.20380986614602725,0.0,0.13999999999999999,0.23333333333333336,0.0,0.06324555320336758,0.0282842712474619,0.0,0.08,0.0,0.18708286933869706,0.16,0.1414213562373095,0.22936585546278226,0.41283747723371195,0.1585187847802434,0.02581988897471611,0.0,0.2789943329851663,0.21320071635561044,0.06172133998483677,0.1979898987322333,0.12792042981336627,0.1649915822768611,0.21773242158072695,0.0,0.0,0.0,0.2160246899469287,0.030151134457776358,0.12,0.15756771943166706,0.0,0.22,0.03333333333333334,0.19798989873223333,0.0,0.0,0.19402850002906635,0.0,0.0,0.0,0.18000000000000002,0.0,0.04850712500726659,0.0,0.0,0.0,0.02182178902359924,0.0,0.02948839123097943,0.02,0.29199855803537256,0.0,0.2,0.18382900600361157,0.223606797749979,0.0282842712474619,0.0,0.0,0.17232808737106586,0.16059101370939324,0.0,0.02581988897471611,0.0,0.26,0.0,0.0,0.0,0.1941450686788302,0.16059101370939327,0.0,0.11624763874381928,0.24009801919951235,0.0,0.24688535993934707
herb222,0.0,0.16666666666666666,0.0,0.0,0.0,0.0,0.0,0.0,0.2795084971874737,0.0,0.044721359549995794,0.09999999999999999,0.0,0.0,0.03162277660168379,0.0512989176042577,0.0,0.0,0.0,0.0,0.0,0.0,0.0,0.0,0.2857738033247041,0.0,0.036760731104690386,0.0,0.0816496580927726,0.03261640365267211,0.0,0.0,0.06324555320336758,0.0,0.044721359549995794,0.0,0.04879500364742666,0.0,0.0,0.0,0.0,0.0,0.0,0.0,0.0,0.03162277660168379,0.0,0.09999999999999999,0.0,0.0,0.0,0.12649110640673517,0.0,0.0,0.0,0.0,0.0,0.0,0.0,0.24494897427831777,0.0,0.0,0.0,0.0,0.08032193289024989,0.0,0.06324555320336758,0.0,0.0,0.0,0.0,0.0778498944161523,0.0,0.0,0.0,0.0,0.0,0.0,0.17677669529663687,0.0659380473395787,0.0,0.03162277660168379,0.09486832980505137,0.06324555320336758,0.11180339887498948,0.0,0.0,0.1538967528127731,0.0,0.0,0.03162277660168379,0.0,0.09890707100936805,0.0,0.0,0.0,0.031943828249996996,0.0,0.0,0.09534625892455922,0.0,0.0,0.0,0.0,0.0,0.03162277660168379,0.0,0.0,0.05423261445466404,0.0,0.052704627669472995,0.03162277660168379,0.03261640365267211,0.0,0.04303314829119352,0.0,0.0,0.0,0.0,0.0,0.0,0.04767312946227961,0.0,0.0,0.0,0.0,0.0,0.0,0.0,0.0512989176042577,0.0,0.0,0.031943828249996996,0.0,0.0,0.0,0.0,0.0,0.0,0.0,0.0,0.0,0.03261640365267211,0.0,0.0,0.0,0.0,0.09534625892455922,0.0,0.0,0.0,0.033709993123162106,0.0,0.0,0.0,0.0,0.0,0.0,0.03580574370197164,0.0,0.16666666666666666,0.0816496580927726,0.0,0.0,0.0,0.0,0.0,0.12403473458920845,0.06324555320336758,0.08451542547285165,0.05590169943749474,0.0,0.0,0.0,0.03162277660168379,0.0,0.03492151478847891,0.0,0.049999999999999996,0.2846049894151541,0.9999999999999999,0.0,0.0,0.033709993123162106,0.0,0.0,0.04767312946227961,0.0,0.0,0.0,0.0,0.0,0.0,0.0,0.0,0.03162277660168379,0.0,0.04303314829119352,0.0,0.25298221281347033,0.0,0.0,0.0,0.03580574370197164,0.0,0.0,0.0,0.0,0.0,0.0,0.0,0.0,0.0659380473395787,0.0,0.0,0.03627381250550058,0.0,0.08944271909999159,0.036760731104690386,0.14509525002200233,0.0,0.0,0.0,0.0,0.032274861218395144,0.0,0.0,0.0,0.0,0.0,0.0,0.0,0.0,0.0,0.0,0.0,0.0,0.0,0.0,0.0,0.08944271909999159,0.0,0.0,0.0,0.0,0.0,0.0,0.0,0.044721359549995794,0.0,0.03162277660168379,0.0,0.25354627641855493,0.0,0.0,0.0,0.23312620206007845,0.0,0.0,0.03162277660168379,0.0,0.0,0.0,0.0,0.033709993123162106,0.03726779962499649,0.0,0.0,0.0,0.0,0.0,0.0,0.0,0.0,0.06741998624632421,0.06324555320336758,0.0,0.0,0.0,0.0,0.0,0.0,0.0,0.0,0.09486832980505137,0.0,0.03834824944236852,0.0,0.0,0.0,0.03450327796711771,0.0,0.04662524041201569,0.03162277660168379,0.0,0.0,0.0,0.08304547985373996,0.0,0.0,0.0,0.0,0.0,0.0,0.0,0.0,0.0,0.03162277660168379,0.0,0.03892494720807615,0.0,0.0,0.0,0.0,0.0,0.0,0.0,0.0
herb223,0.15655607277128736,0.0,0.0,0.8140915784106941,0.0,0.0,0.0,0.0,0.0,0.0,0.0,0.0,0.0,0.6761234037828133,0.05163977794943222,0.0,0.0,0.04564354645876384,0.0,0.0,0.0,0.0,0.08352690695845567,0.0,0.0,0.0,0.0,0.0,0.0,0.13315591032282686,0.0,0.0,0.10327955589886444,0.0,0.0,0.0,0.0,0.0,0.0,0.0,0.17568209223157663,0.6480740698407859,0.0,0.12909944487358055,0.06666666666666665,0.3872983346207416,0.0,0.0,0.0,0.0,0.0,0.05163977794943222,0.0,0.0,0.7505553499465136,0.0,0.0,0.34503277967117707,0.2282177322938192,0.0,0.0,0.027842302319485226,0.17251638983558854,0.0,0.0,0.12909944487358055,0.0,0.0,0.17568209223157666,0.0,0.0,0.09534625892455922,0.1790287185098582,0.15214515486254612,0.0,0.0,0.0,0.0,0.0,0.0,0.0,0.0,0.02581988897471611,0.0,0.04564354645876384,0.0,0.16951587590520256,0.0,0.13116516715679058,0.08606629658238704,0.0,0.10327955589886444,0.0,0.0,0.0,0.0,0.5477225575051661,0.0,0.6999999999999998,0.0,0.0,0.0,0.0,0.032791291789197645,0.0,0.07745966692414832,0.0,0.19920476822239894,0.0,0.0,0.08606629658238704,0.0,0.0,0.6390096504226936,0.0,0.0,0.0,0.0,0.23570226039551578,0.0,0.0,0.11677484162422842,0.09759000729485331,0.0,0.0,0.19920476822239894,0.2788866755113585,0.0,0.0,0.0,0.0,0.0,0.0,0.0,0.16951587590520256,0.0,0.0,0.15569978883230456,0.0,0.0,0.0,0.13801311186847082,0.0,0.0,0.0,0.0,0.03984095364447979,0.0,0.6479515952918629,0.0,0.0,0.13762047064079508,0.0,0.0,0.12909944487358055,0.0,0.0,0.2439750182371333,0.14617633655117152,0.15569978883230456,0.0,0.0,0.0,0.0,0.0,0.02581988897471611,0.03892494720807614,0.0,0.0,0.0,0.09128709291752768,0.0,0.0,0.5163977794943221,0.02581988897471611,0.0,0.1140531897024402,0.0,0.0,0.12909944487358055,0.0,0.9999999999999998,0.0,0.0,0.07745966692414832,0.08885233166386385,0.19462473604038072,0.11952286093343936,0.490577890519606,0.0,0.0,0.0,0.0,0.0,0.0,0.02581988897471611,0.12909944487358055,0.17568209223157666,0.0,0.07745966692414832,0.0,0.0,0.0,0.0,0.0,0.0,0.02817180849095055,0.0,0.0,0.6062177826491071,0.0,0.0,0.026919095102908273,0.5916079783099617,0.490577890519606,0.0,0.0,0.0,0.720360270225197,0.0,0.0,0.0,0.09999999999999998,0.0,0.5533985905294665,0.0,0.0,0.0,0.0,0.027524094128159014,0.0,0.0,0.0,0.09428090415820632,0.0,0.0,0.0,0.0,0.0,0.09837387536759293,0.0,0.0,0.0,0.052704627669472995,0.0,0.0,0.223606797749979,0.0,0.0,0.07745966692414832,0.10327955589886444,0.15491933384829665,0.0,0.0,0.0,0.0,0.0,0.0,0.1333333333333333,0.12909944487358055,0.3001501125938321,0.5780059766913394,0.0,0.10954451150103323,0.13762047064079508,0.0,0.0,0.0,0.0,0.0,0.0,0.03892494720807614,0.5422176684690382,0.16951587590520256,0.0,0.0,0.0,0.0,0.0,0.0,0.0,0.0,0.0,0.0,0.10327955589886444,0.0,0.0,0.22140372138502382,0.0,0.0,0.0,0.0,0.0,0.0,0.0,0.09004503377814962,0.0,0.16951587590520256,0.0,0.03651483716701107,0.0,0.0,0.0,0.14808721943977307,0.0,0.0,0.026919095102908273,0.5938574464184705,0.02608202654786505,0.0,0.11677484162422842,0.0,0.0,0.0,0.6303152364470475,0.22140372138502382,0.0,0.19920476822239894
herb227,0.0,0.22771001702132443,0.2743516305843672,0.0,0.0,0.030860669992418384,0.0,0.13650472655798704,0.0,0.0,0.0,0.04879500364742666,0.0,0.2357022603955159,0.27774602993176545,0.0,0.2182178902359924,0.0,0.0,0.3893957789726338,0.0,0.0,0.09983374884595828,0.24152294576982397,0.0,0.030860669992418384,0.0,0.0657951694959769,0.03984095364447979,0.1909821042237691,0.21602468994692867,0.030860669992418384,0.1543033499620919,0.5487032611687345,0.0,0.2618614682831909,0.0,0.0,0.26622333025588873,0.043643578047198484,0.0,0.0,0.29957234475763905,0.12344267996967352,0.11952286093343936,0.0,0.0,0.0,0.4364357804719848,0.0,0.25458753860865774,0.1543033499620919,0.0,0.23855936180684897,0.0,0.3086066999241838,0.0,0.0,0.1091089451179962,0.0,0.0,0.03327791628198609,0.28867513459481287,0.0,0.0,0.21602468994692867,0.030860669992418384,0.20447945297729914,0.0,0.29095718698132317,0.3640126041546321,0.0,0.0,0.0,0.3135447206678482,0.0,0.15018785229652765,0.0,0.0,0.0,0.0,0.0,0.0,0.0,0.1091089451179962,0.0,0.04052204492365539,0.0,0.0,0.0,0.030860669992418384,0.030860669992418384,0.2573957808351148,0.0,0.06655583256397218,0.11572751247156893,0.031173984319427483,0.07273929674533079,0.11952286093343936,0.0,0.0,0.0,0.0,0.0,0.0,0.0,0.09759000729485331,0.0,0.0,0.09523809523809525,0.0,0.0,0.03183035070396152,0.0,0.0,0.42340489921997054,0.33333333333333337,0.0,0.1126872339638022,0.40050093945740706,0.363696483726654,0.0,0.0,0.0,0.4507489358552088,0.380952380952381,0.0,0.0,0.0,0.0,0.0643489452087787,0.0,0.062347968638854966,0.0,0.0,0.0,0.0,0.0,0.27914526311954124,0.0,0.0,0.0,0.03183035070396152,0.0,0.13650472655798704,0.0,0.09523809523809525,0.0,0.0,0.2160246899469287,0.0,0.0,0.2182178902359924,0.0,0.21602468994692867,0.03919309008348103,0.04550157551932901,0.0,0.0,0.0,0.0,0.0,0.0,0.13650472655798704,0.0,0.030860669992418384,0.04652421051992354,0.0,0.1851640199545103,0.0,0.0,0.0,0.4507489358552088,0.0,0.030860669992418384,0.0,0.0,0.0,0.0,0.2160246899469287,0.0,0.0,1.0000000000000002,0.0,0.0,0.0,0.0,0.14285714285714288,0.0,0.0,0.2160246899469287,0.0,0.09258200997725516,0.0,0.24459979523511427,0.21602468994692867,0.21602468994692867,0.0,0.044543540318737404,0.1851640199545103,0.0,0.4234048992199705,0.0,0.0,0.0,0.24688535993934707,0.0,0.0,0.0,0.0,0.10350983390135313,0.0,0.0,0.0,0.0,0.0,0.0,0.34914862437758787,0.0,0.10619884881071831,0.4665694748158435,0.0,0.07968190728895957,0.12104550653376049,0.06299407883487121,0.2836543144655877,0.12371791482634838,0.0,0.22771001702132443,0.0,0.0,0.0,0.24209101306752098,0.0,0.1899342940993966,0.0,0.0,0.0,0.0,0.0,0.34914862437758787,0.3187276291558383,0.2795426231258449,0.0,0.1851640199545103,0.3600411499115478,0.0,0.0,0.08728715609439697,0.12344267996967354,0.0,0.0,0.041239304942116126,0.030860669992418384,0.28056585887484736,0.2573957808351148,0.0,0.24459979523511427,0.07968190728895957,0.0,0.25112360116696136,0.03289758474798845,0.0,0.3055050463303894,0.0,0.036369648372665396,0.2939723678960657,0.0,0.0,0.07968190728895957,0.33333333333333337,0.04652421051992354,0.09258200997725516,0.0,0.0,0.030860669992418384,0.10286889997472795,0.08728715609439697,0.41785544701867255,0.0,0.07484811885651196,0.0,0.21821789023599236,0.0,0.0,0.0,0.0,0.0,0.0,0.0,0.0,0.0,0.13650472655798704,0.030860669992418384,0.45056355688958294,0.0,0.21602468994692867,0.0,0.24152294576982397,0.043643578047198484,0.0,0.09258200997725516,0.26590801173915524,0.03539961627023944,0.0,0.0,0.0,0.2160246899469287,0.0,0.0,0.0,0.29957234475763905,0.24779731389167606,0.0,0.0,0.0,0.0,0.33333333333333337
herb228,0.36196138299651337,0.0,0.0,0.07756315349925287,0.0,0.0,0.0,0.18860838403857944,0.037688918072220454,0.0,0.0,0.0,0.0,0.0,0.0,0.0,0.0,0.0,0.0,0.0,0.025482359571881275,0.0,0.0,0.0,0.13762047064079508,0.021320071635561044,0.0,0.09090909090909091,0.3302891295379082,0.28586967313680256,0.0,0.25584085962673253,0.021320071635561044,0.0,0.0,0.0,0.03289758474798845,0.0,0.0,0.0,0.0,0.12741179785940637,0.0,0.021320071635561044,0.11009637651263605,0.0,0.0,0.0,0.0,0.0,0.0,0.0,0.0,0.0,0.0,0.0,0.0,0.0,0.0,0.0,0.0,0.0,0.0,0.0,0.02707651805369412,0.0,0.0,0.0,0.0,0.1256297269074015,0.03143473067309657,0.0,0.0886968593983624,0.10050378152592121,0.0,0.0,0.13834289277321493,0.4670993664969138,0.0,0.0,0.0,0.0,0.021320071635561044,0.021320071635561044,0.07537783614444091,0.0,0.0,0.0,0.0,0.0,0.0,0.0,0.0,0.0,0.09196009797434057,0.3464511640778669,0.0,0.0,0.0,0.032141217326661246,0.3249182166443294,0.0,0.0,0.0,0.31462660248284635,0.0,0.0,0.0,0.036563621206356534,0.0,0.0,0.0,0.0,0.0,0.0,0.0,0.0,0.37688918072220456,0.0,0.0,0.0,0.0,0.0,0.0,0.0,0.0,0.0,0.0,0.0,0.0,0.11113855611859677,0.0,0.0,0.1599005372667078,0.0,0.1421338109037403,0.0,0.0,0.0,0.0,0.0,0.0,0.021989974856677124,0.1037571695799112,0.06286946134619315,0.0,0.0,0.0,0.0,0.0,0.4221158824088691,0.0,0.0,0.0,0.0,0.0,0.0,0.0,0.0,0.0,0.0,0.0,0.5435573065046091,0.09430419201928972,0.0,0.0,0.12856486930664499,0.0,0.0,0.0,0.0,0.0,0.0,0.25584085962673253,0.0,0.0,0.0,0.15386436372416595,0.20225995873897262,0.021320071635561044,0.033709993123162106,0.0,0.0,1.0,0.021320071635561044,0.0,0.0,0.0,0.08528028654224418,0.0,0.0,0.0,0.0,0.1315903389919538,0.0,0.10660035817780522,0.0,0.0,0.0,0.021320071635561044,0.0,0.036563621206356534,0.0,0.0,0.0,0.2984810028978546,0.0,0.0,0.0,0.0,0.02383656473113981,0.0,0.0,0.13957263155977062,0.0,0.0,0.0,0.0,0.07435223956449145,0.0,0.0,0.0,0.11009637651263605,0.0,0.08703882797784894,0.0,0.0,0.0,0.022473328748774737,0.022727272727272728,0.0,0.061545745489666376,0.0,0.1556997888323046,0.18370235837851728,0.0,0.0,0.022227711223719353,0.0,0.0,0.0,0.0,0.02414022747926338,0.0,0.0,0.0,0.0,0.0,0.12060453783110546,0.0,0.0,0.0,0.028490144114909487,0.0,0.0,0.022227711223719353,0.0,0.0,0.0,0.021320071635561044,0.0,0.0,0.0,0.12060453783110546,0.0,0.0,0.0,0.0,0.0,0.11009637651263605,0.0,0.12856486930664499,0.04264014327112209,0.0,0.0,0.0,0.0,0.0,0.1049727762162956,0.0,0.0,0.0,0.0,0.1776672636296754,0.0,0.0,0.0,0.0,0.24873416908154555,0.0,0.9537463156584325,0.20906050250177272,0.3143473067309657,0.08528028654224418,0.0,0.09913631941932194,0.0,0.0,0.0,0.0,0.0,0.25584085962673253,0.0,0.0,0.0,0.027524094128159014,0.13336626734231613,0.0,0.0,0.1049727762162956,0.0,0.0,0.0,0.0,0.0,0.0,0.08891084489487742,0.0
herb231,0.12126781251816647,0.021081851067789197,0.0,0.07276068751089988,0.0,0.0,0.33362306249131957,0.0,0.0,0.0,0.0,0.0,0.0,0.06546536707079771,0.0,0.0,0.3030457633656632,0.0,0.0,0.0,0.047809144373375745,0.31999999999999995,0.12939932784412608,0.022360679774997897,0.0,0.1,0.023249527748763855,0.0,0.0,0.0,0.02,0.0,0.02,0.0,0.0,0.0,0.06172133998483677,0.0,0.0,0.0282842712474619,0.16329931618554522,0.0,0.0,0.36,0.0,0.04,0.0,0.0,0.0,0.0,0.0,0.0,0.0,0.0,0.0670820393249937,0.04,0.0,0.16035674514745463,0.0,0.0,0.0,0.02156655464068768,0.08017837257372731,0.0,0.0,0.04,0.02,0.02208630521496931,0.0,0.0,0.0,0.14770978917519928,0.0,0.11785113019775792,0.0,0.0,0.0,0.0,0.33541019662496846,0.3127716210856121,0.0,0.02,0.04,0.02,0.0,0.0,0.0,0.0,0.1524001524002286,0.0,0.3,0.02,0.0,0.0,0.0,0.0,0.0,0.0,0.0,0.030151134457776358,0.0,0.42499999999999993,0.47149516679144476,0.0,0.021081851067789197,0.36,0.0,0.0,0.0,0.0,0.0,0.3,0.0,0.023570226039551584,0.3810317377662722,0.0,0.0,0.0,0.0,0.0,0.0,0.12060453783110543,0.0,0.0,0.0,0.0,0.0,0.020851441405707476,0.0,0.0,0.0,0.0,0.0,0.0,0.0,0.0,0.0,0.1507556722888818,0.030151134457776358,0.0,0.0,0.0,0.28879794895246214,0.0,0.05897678246195886,0.0,0.0,0.0,0.0,0.02,0.0,0.36244121780453775,0.0,0.0,0.1,0.0,0.0,0.11338934190276817,0.0,0.12060453783110543,0.021081851067789197,0.02581988897471611,0.0,0.0,0.0,0.08,0.0,0.0,0.02,0.0,0.0,0.0,0.0,0.02,0.18,0.04313310928137536,0.3312945782245397,0.0,0.03162277660168379,0.0,0.0,0.07745966692414832,0.0,0.021320071635561044,1.0,0.13764944032233706,0.0,0.1543033499620919,0.02,0.030860669992418384,0.0,0.0,0.04,0.0,0.0,0.02,0.1,0.0,0.0,0.08,0.0,0.0,0.0,0.3623286509262706,0.0,0.0,0.0,0.02626128657194451,0.0,0.0,0.022360679774997897,0.02461829819586655,0.0,0.0,0.3,0.04588314677411236,0.0,0.0,0.06974858324629157,0.0,0.0,0.0,0.07745966692414832,0.0,0.0,0.0,0.0,0.02773500981126146,0.0,0.021320071635561044,0.0,0.11547005383792516,0.0,0.0,0.0,0.0,0.02773500981126146,0.10425720702853739,0.0,0.1778001778002667,0.0,0.0,0.0,0.0,0.3,0.0,0.2886751345948129,0.0,0.0,0.5,0.31999999999999995,0.39999999999999997,0.0,0.02,0.3838579669298401,0.0,0.0,0.0,0.12909944487358055,0.02,0.06974858324629157,0.04264014327112209,0.09258200997725516,0.1414213562373095,0.31980107453341566,0.0,0.0,0.0,0.044721359549995794,0.0,0.0,0.0,0.0,0.0,0.0,0.0,0.0,0.0,0.0,0.044721359549995794,0.0,0.0,0.0,0.0,0.0,0.0,0.0,0.17149858514250882,0.0,0.0,0.0,0.0,0.0,0.33999999999999997,0.0,0.0,0.02,0.05252257314388902,0.0,0.0,0.0,0.3,0.0,0.0,0.0,0.10327955589886444,0.0,0.02,0.0,0.0,0.1507556722888818,0.0,0.0,0.0,0.0,0.13719886811400706,0.33362306249131957,0.12344267996967354
herb233,0.2503866978335957,0.0,0.0582716546748065,0.08346223261119858,0.0,0.0,0.04783648732349399,0.0,0.0,0.0,0.09733285267845754,0.14509525002200233,0.14159846508095775,0.07509392614826384,0.09176629354822471,0.0,0.0,0.0,0.24455799402225925,0.0,0.02742042485535409,0.06882472016116853,0.12369267399882336,0.15389675281277312,0.0,0.16059101370939324,0.0,0.0,0.0,0.047324852428030105,0.0,0.0,0.04588314677411236,0.116543309349613,0.0,0.03244428422615251,0.0,0.04891159880445185,0.0,0.06488856845230502,0.24975621642178505,0.0,0.0,0.13764944032233706,0.0,0.13764944032233706,0.18731716231633883,0.03627381250550058,0.0,0.0,0.0,0.02294157338705618,0.0,0.0,0.12824729401064427,0.02294157338705618,0.0,0.18394180184548975,0.0,0.0,0.0,0.12369267399882336,0.09197090092274487,0.0,0.0,0.0,0.09176629354822471,0.0,0.2809757434745082,0.0,0.0,0.1411956236812263,0.0,0.24333213169614382,0.0,0.0,0.0,0.0,0.0,0.0,0.13764944032233706,0.0,0.04588314677411236,0.06882472016116853,0.0,0.0,0.1204950466257556,0.0,0.14567913668701626,0.15294382258037453,0.02294157338705618,0.02294157338705618,0.0,0.0,0.0,0.0,0.11587244366483038,0.10814761408717502,0.0,0.0,0.0,0.0,0.0,0.0,0.0,0.0,0.14509525002200233,0.0,0.0,0.0,0.0,0.0,0.07098727864204515,0.0,0.0,0.0,0.0,0.0,0.0,0.0,0.0,0.27668578554642986,0.0,0.0,0.12565617248750865,0.0,0.14159846508095775,0.0,0.0,0.0,0.0,0.0,0.09269795493186431,0.0,0.1204950466257556,0.0,0.14673479641335557,0.17292861596651865,0.17292861596651865,0.0,0.0,0.18394180184548975,0.11831213107007527,0.03721614637823934,0.0,0.0,0.10619884881071831,0.0,0.0,0.0,0.0,0.0,0.0,0.0,0.11470786693528089,0.0,0.0,0.130066495428618,0.0,0.13834289277321493,0.0,0.029617443887954616,0.0,0.0,0.0,0.09176629354822471,0.0,0.0,0.0,0.0,0.08111071056538127,0.0,0.12565617248750865,0.0,0.04588314677411236,0.12369267399882336,0.0,0.0,0.03627381250550058,0.0,0.0,0.08885233166386385,0.0,0.0,0.13764944032233706,1.0000000000000002,0.03458572319330373,0.17699808135119718,0.0,0.3893957789726339,0.0,0.0,0.02294157338705618,0.0,0.0,0.0,0.2064741604835056,0.0,0.0,0.04588314677411236,0.0,0.0,0.0,0.0,0.03721614637823934,0.0,0.0,0.0,0.0,0.0,0.0,0.0,0.0,0.025031308716087945,0.0,0.0,0.13497638119975428,0.0,0.1600142241187995,0.0,0.130066495428618,0.0,0.08885233166386385,0.17996850826633903,0.0,0.0602475233128778,0.0,0.0,0.0,0.12227899701112964,0.0,0.0,0.0,0.0,0.0,0.0,0.22269966704152225,0.0,0.0,0.29135827337403253,0.0,0.0,0.0,0.0,0.0,0.0,0.33113308926626106,0.0,0.0,0.11470786693528089,0.0,0.1835325870964494,0.0,0.0,0.13904693239779645,0.0,0.0,0.0,0.14808721943977307,0.0,0.08000711205939975,0.14673479641335554,0.07079923254047887,0.16222142113076254,0.0,0.0,0.0,0.13497638119975428,0.35909242322980395,0.11846977555181847,0.0,0.0,0.0,0.1204950466257556,0.0978231976089037,0.06882472016116853,0.0,0.0,0.0,0.0,0.0,0.0,0.0,0.0,0.09176629354822471,0.0,0.0,0.39344473768231686,0.03823595564509363,0.0,0.0,0.0,0.0,0.0917662935482247,0.0,0.0,0.0,0.18074256993863339,0.0,0.0,0.0,0.0,0.0,0.0,0.10147651372376076,0.0,0.0,0.0,0.0,0.0,0.13834289277321493,0.0,0.0,0.0,0.0,0.15737789507292674,0.23918243661746996,0.14159846508095775
herb234,0.03656362120635653,0.0,0.0,0.1828181060317826,0.0,0.0,0.0,0.08891084489487741,0.0,0.0,0.08528028654224418,0.04767312946227961,0.04652421051992354,0.16448792373994225,0.030151134457776358,0.0,0.0,0.0,0.12856486930664499,0.03458572319330373,0.036037498507822355,0.0,0.0,0.0,0.0,0.0,0.07009996372327816,0.0,0.0,0.3731822481426737,0.0,0.0,0.1507556722888818,0.03829197905337418,0.08528028654224418,0.08528028654224418,0.0,0.19284730395996746,0.0,0.04264014327112209,0.0,0.21622499104693413,0.0,0.060302268915552716,0.0,0.1507556722888818,0.06154574548966637,0.33371190623595726,0.0,0.0,0.0,0.060302268915552716,0.0,0.0,0.16854996561581048,0.0,0.0,0.0,0.3198010745334156,0.0,0.0,0.0,0.0,0.0,0.0,0.09045340337332908,0.0,0.0,0.32824397594488725,0.0,0.0,0.0,0.2090605025017727,0.10660035817780521,0.0,0.0,0.0,0.0,0.0674199862463242,0.09430419201928972,0.12060453783110543,0.0,0.09045340337332908,0.0,0.0,0.0,0.27713265386271346,0.29346959282671103,0.0,0.050251890762960605,0.09045340337332908,0.09045340337332908,0.0,0.0,0.0,0.0,0.27411520674292766,0.03553345272593507,0.23354968324845685,0.0909090909090909,0.0,0.0,0.0,0.07658395810674835,0.0,0.18090680674665816,0.04767312946227961,0.27914526311954124,0.0,0.0,0.0,0.09045340337332908,0.1554926033927807,0.21320071635561041,0.041030496993110906,0.0,0.0,0.0,0.3302891295379081,0.04891159880445184,0.03553345272593507,0.0,0.0,0.0,0.0,0.27914526311954124,0.32566947363946475,0.0,0.1348399724926484,0.0,0.0,0.0,0.15228622596829314,0.0,0.2375422747394687,0.0,0.0,0.0,0.0,0.0,0.0,0.04029114820126901,0.031098520678556143,0.04891159880445184,0.0,0.0,0.0,0.0,0.19738550848793068,0.0,0.0,0.22498852128662872,0.0,0.0,0.0,0.0,0.044455422447438706,0.05698028822981897,0.4779521193992432,0.0,0.0,0.0,0.0,0.0,0.0,0.0,0.0,0.0,0.0,0.24174688920761406,0.10660035817780521,0.0,0.0,0.12060453783110543,0.0,0.0,0.06659271582120269,0.0,0.0,0.18090680674665816,0.04767312946227961,0.19462473604038072,0.0,0.0,0.0,0.03458572319330373,0.9999999999999999,0.0,0.12060453783110543,0.04652421051992354,0.0,0.0,0.0,0.0,0.0,0.060302268915552716,0.0,0.49236596391733084,0.08703882797784893,0.09045340337332908,0.0,0.0,0.0,0.06827887419989188,0.0,0.0,0.0657951694959769,0.0,0.0,0.2022599587389726,0.0674199862463242,0.0,0.06286946134619315,0.19738550848793068,0.12060453783110543,0.0,0.11826247919781652,0.08528028654224418,0.3504998186163908,0.0,0.0,0.0,0.07784989441615228,0.05913123959890826,0.1846372364689991,0.0,0.0,0.0,0.0,0.0,0.0,0.0,0.0,0.0,0.0,0.0,0.1254363015010636,0.0,0.0,0.0,0.0,0.0,0.0,0.0,0.0,0.0,0.0,0.0,0.0,0.0,0.21105794120443452,0.0,0.08058229640253801,0.0,0.0,0.0,0.0,0.03413943709994594,0.0,0.060302268915552716,0.1752499093081954,0.19284730395996746,0.0,0.0,0.385694607919935,0.0,0.0,0.0,0.0,0.0,0.0,0.0,0.1507556722888818,0.2375422747394687,0.0,0.0,0.0,0.0,0.0,0.0,0.0,0.0,0.0,0.0,0.2110579412044345,0.0,0.03656362120635653,0.0,0.0,0.0,0.0,0.0,0.0,0.0,0.0,0.0,0.030151134457776358,0.43549417035569266,0.0,0.0,0.0,0.0,0.0,0.2075143391598224,0.0,0.0,0.0,0.1507556722888818,0.0,0.07422696190252055,0.0,0.0,0.0,0.0,0.1752499093081954,0.0,0.03143473067309657,0.0
herb236,0.18712029714127992,0.13012000972647111,0.0,0.11227217828476795,0.0,0.030860669992418384,0.0,0.0,0.0,0.0,0.13093073414159545,0.0,0.0,0.10101525445522108,0.030860669992418384,0.0,0.0,0.0,0.0,0.0,0.0,0.12344267996967352,0.19966749769191655,0.03450327796711771,0.0,0.0,0.14349920066683505,0.0,0.0,0.09549105211188456,0.030860669992418384,0.030860669992418384,0.0,0.11757927025044308,0.0,0.13093073414159545,0.0,0.0,0.03327791628198609,0.043643578047198484,0.20998026278290405,0.0,0.042796049251091296,0.1543033499620919,0.3187276291558383,0.0,0.0,0.0,0.0,0.0,0.14547859349066158,0.0,0.0,0.0,0.10350983390135313,0.030860669992418384,0.0,0.24743582965269675,0.0,0.0,0.0,0.03327791628198609,0.12371791482634838,0.0,0.0,0.0,0.030860669992418384,0.03407990882954985,0.0,0.0,0.0,0.1899342940993966,0.0,0.181848241863327,0.0,0.0,0.0,0.0,0.0,0.0,0.0,0.0,0.0,0.0,0.0,0.0,0.0,0.0,0.19596545041740515,0.0,0.12344267996967352,0.030860669992418384,0.0,0.0,0.03327791628198609,0.0,0.031173984319427483,0.0,0.0,0.0,0.0,0.0,0.0,0.0,0.0,0.0,0.0,0.0,0.0,0.0,0.0,0.0,0.09549105211188456,0.0,0.0,0.21170244960998527,0.0,0.0,0.0,0.0,0.036369648372665396,0.18609684207969415,0.0,0.0,0.0,0.0,0.0,0.0,0.0,0.0,0.0,0.0,0.12469593727770993,0.0,0.0,0.0,0.0,0.23262105259961768,0.18609684207969415,0.0,0.0,0.0,0.0,0.15018785229652765,0.0,0.0,0.0,0.0,0.0,0.030860669992418384,0.0,0.0,0.0,0.0,0.1543033499620919,0.0,0.0,0.1749635530559413,0.0,0.18609684207969415,0.0,0.0,0.0,0.0,0.0,0.030860669992418384,0.0,0.0,0.030860669992418384,0.0,0.0,0.0,0.0,0.0,0.0,0.0,0.0,0.0,0.0,0.0,0.0,0.11952286093343936,0.14285714285714288,0.0,0.1543033499620919,0.17699808135119718,0.0,1.0,0.0,0.0,0.030860669992418384,0.0,0.0,0.0,0.03494282789073061,0.0,0.1543033499620919,0.0,0.0,0.030860669992418384,0.0,0.15877683720748895,0.0,0.0,0.0,0.0,0.0,0.0,0.0,0.0,0.0,0.0,0.0,0.0,0.0,0.0,0.0,0.0,0.10762440050012628,0.0,0.0,0.0,0.11952286093343936,0.0,0.0,0.0,0.041239304942116126,0.0,0.0,0.0,0.0,0.0,0.0,0.0,0.0,0.0,0.0,0.0,0.0,0.19596545041740515,0.0,0.0,0.03494282789073061,0.0,0.030860669992418384,0.0,0.44543540318737407,0.0,0.0,0.1543033499620919,0.030860669992418384,0.1543033499620919,0.0,0.0,0.0,0.03217447260438935,0.0,0.03494282789073061,0.19920476822239894,0.0,0.10762440050012628,0.0,0.0,0.21821789023599242,0.0,0.0,0.0,0.24209101306752098,0.0,0.0,0.0,0.04652421051992354,0.0,0.0,0.0,0.0,0.051434449987363975,0.0,0.11396057645963797,0.0,0.0,0.0,0.0,0.0,0.0,0.0,0.0,0.26462806201248157,0.0,0.0,0.0,0.0,0.0,0.0,0.0,0.0,0.0,0.0,0.03450327796711771,0.0,0.0,0.0,0.0,0.0,0.0,0.15936381457791915,0.0,0.0,0.0,0.0,0.18609684207969415,0.042796049251091296,0.03539961627023944,0.0,0.0,0.21170244960998527,0.0,0.1904761904761905
herb237,0.09701425001453318,0.0,0.0,0.5335783750799326,0.0,0.0,0.020851441405707476,0.0,0.0,0.0,0.0,0.0,0.0,0.4146139914483855,0.0,0.22710998958306752,0.0,0.035355339059327376,0.0,0.0,0.023904572186687872,0.0,0.0,0.0,0.10327955589886444,0.06,0.023249527748763855,0.0,0.10327955589886444,0.16502739940140695,0.04,0.08,0.04,0.0,0.0,0.0,0.09258200997725516,0.0,0.0,0.0,0.0,0.5737097324805089,0.0,0.06,0.10327955589886444,0.30000000000000004,0.0,0.0,0.0,0.0,0.0,0.04,0.0,0.0,0.447213595499958,0.0,0.0,0.0,0.1414213562373095,0.0,0.0,0.02156655464068768,0.0,0.0,0.0,0.06,0.0,0.0,0.10886621079036347,0.0,0.0,0.0,0.1941450686788302,0.09428090415820634,0.0,0.0,0.0324442842261525,0.1460593486680443,0.0,0.0,0.0,0.02,0.04,0.0,0.035355339059327376,0.0,0.10504514628777804,0.0,0.0,0.0,0.0,0.06,0.0,0.0,0.08626621856275073,0.09999999999999999,0.40406101782088427,0.0,0.5163977794943221,0.0,0.1270001270001905,0.0,0.0,0.0,0.10540925533894596,0.06,0.0,0.12344267996967354,0.24009801919951235,0.0,0.0,0.0,0.0,0.4714045207910316,0.0,0.0,0.0,0.09428090415820634,0.1460593486680443,0.0,0.0,0.0,0.0,0.0,0.0,0.12344267996967354,0.12344267996967354,0.0,0.0,0.0,0.0834057656228299,0.0,0.0,0.15,0.10504514628777804,0.13333333333333336,0.0,0.0,0.0,0.0,0.16329931618554522,0.026726124191242435,0.02062842492517587,0.09733285267845751,0.0,0.0,0.030860669992418384,0.0,0.4364357804719847,0.0,0.1131370849898476,0.08528028654224418,0.0,0.0,0.0,0.0,0.0,0.0,0.09058216273156766,0.0,0.0,0.0,0.15689290811054724,0.08846517369293828,0.0,0.0,0.1507556722888818,0.0,0.0,0.0,0.0,0.0,0.0,0.48,0.0,0.0,0.11043152607484655,0.4618802153517007,0.06324555320336758,0.08,0.0,0.490577890519606,0.0,0.08528028654224418,0.02,0.0,0.12060453783110543,0.0,1.0,0.0,0.0,0.0,0.14,0.3394673699166022,0.0,0.0,0.0,0.10886621079036347,0.0,0.06,0.23533936216582085,0.0,0.18073922282301275,0.0,0.0,0.08,0.0,0.0,0.0,0.447213595499958,0.0,0.0,0.0,0.5237229365663817,0.39999999999999997,0.02294157338705618,0.0,0.0,0.5114896104728048,0.0,0.0,0.0,0.0,0.0,0.4898979485566356,0.0,0.0,0.2496150883013531,0.021081851067789197,0.2345207879911715,0.0,0.05773502691896258,0.0,0.1460593486680443,0.0,0.0,0.0,0.0,0.0,0.0,0.0,0.0,0.0,0.040824829046386304,0.0,0.0,0.0,0.0,0.1131370849898476,0.0,0.08,0.0,0.0,0.0,0.0,0.0,0.0,0.0,0.0,0.12,0.09299811099505542,0.4264014327112209,0.0,0.1131370849898476,0.08528028654224418,0.0,0.0,0.0,0.0,0.10327955589886444,0.0,0.18090680674665816,0.48,0.10504514628777804,0.0,0.0,0.0,0.0,0.09847319278346618,0.0,0.0,0.0,0.0,0.13333333333333336,0.08,0.0,0.0,0.0,0.03333333333333334,0.0,0.08728715609439695,0.15689290811054724,0.11795356492391772,0.14,0.0,0.37199244398022174,0.0,0.10504514628777804,0.0,0.0282842712474619,0.0,0.08,0.0,0.09176629354822471,0.0,0.0,0.0,0.39999999999999997,0.0,0.12309149097933272,0.0,0.0,0.0,0.0,0.4649905549752772,0.0,0.10425720702853739,0.0
herb238,0.14969623771302393,0.0,0.0,0.0,0.0,0.0,0.0,0.0,0.0,0.0,0.13093073414159545,0.19518001458970663,0.1904761904761905,0.0,0.12344267996967354,0.0,0.0,0.0,0.3289758474798845,0.14159846508095775,0.0,0.0,0.0,0.2760262237369417,0.0,0.27774602993176545,0.03587480016670876,0.0657951694959769,0.0,0.0,0.0,0.0,0.06172133998483677,0.1567723603339241,0.0,0.043643578047198484,0.0,0.0657951694959769,0.0,0.043643578047198484,0.0,0.0,0.0,0.030860669992418384,0.0,0.1851640199545103,0.25197631533948484,0.04879500364742666,0.0,0.0,0.0,0.06172133998483677,0.0,0.0,0.06900655593423542,0.030860669992418384,0.0,0.0,0.0,0.0,0.0,0.0,0.0,0.0,0.0,0.0,0.0,0.10223972648864955,0.20998026278290405,0.0,0.0,0.0,0.0,0.14547859349066158,0.0,0.0,0.0,0.0,0.0,0.0,0.18516401995451032,0.0,0.06172133998483677,0.0,0.0,0.0,0.16208817969462155,0.0,0.0,0.2057377999494559,0.030860669992418384,0.0,0.0,0.0,0.0,0.0,0.15586992159713742,0.14547859349066158,0.0,0.0,0.0,0.11572751247156893,0.0,0.0,0.03253000243161778,0.0,0.19518001458970663,0.0,0.0,0.0,0.0,0.0,0.09549105211188456,0.0,0.0,0.0,0.0,0.0,0.0,0.0,0.0,0.0,0.0,0.0,0.0,0.0,0.1904761904761905,0.09652341781316803,0.0,0.0,0.0,0.0,0.12469593727770993,0.0,0.0,0.0,0.0,0.0,0.0,0.0,0.0,0.041239304942116126,0.1591517535198076,0.05006261743217588,0.0,0.0,0.1904761904761905,0.0,0.0,0.0,0.0,0.0,0.0,0.0,0.0,0.0,0.0,0.0,0.0,0.0,0.0,0.07968190728895957,0.0,0.0,0.0,0.0,0.0,0.0,0.0,0.0,0.1636634176769943,0.0,0.0,0.0,0.0,0.03327791628198609,0.0,0.0,0.0,0.0,0.0,0.0,0.0,0.0,0.030860669992418384,0.3893957789726339,0.04652421051992354,0.0,0.0,1.0,0.0,0.0,0.0,0.0,0.0,0.0,0.0,0.0,0.0,0.0,0.0,0.0,0.0,0.0,0.0,0.0,0.0,0.0,0.0,0.0,0.0,0.0,0.0,0.033671751485073696,0.0,0.0,0.18156825980064073,0.0,0.10762440050012628,0.0,0.0,0.0,0.0,0.24209101306752098,0.0,0.0,0.0,0.0,0.0,0.03289758474798845,0.0,0.0,0.0,0.0,0.0,0.0,0.042796049251091296,0.0,0.0,0.0,0.0,0.0,0.0,0.0,0.0,0.0,0.0,0.0,0.0,0.0,0.0,0.0,0.041239304942116126,0.0,0.1870439059165649,0.0,0.0,0.0,0.0,0.030860669992418384,0.0,0.1973855084879307,0.0,0.0,0.0,0.0,0.0,0.18156825980064073,0.6210590034081188,0.0,0.0,0.0,0.0,0.0,0.1315903389919538,0.09258200997725516,0.0,0.0,0.0,0.0,0.0,0.0,0.07273929674533079,0.0,0.2160246899469287,0.0,0.0,0.26462806201248157,0.0,0.0,0.0,0.0,0.0,0.09258200997725514,0.0,0.0,0.0,0.24313226954193232,0.0,0.0,0.0,0.0,0.0,0.0,0.0,0.0,0.0,0.0,0.0,0.0,0.0,0.0,0.0,0.0,0.0,0.0,0.3217447260438935,0.0
herb239,0.0,0.14757295747452437,0.1778001778002667,0.0,0.0,0.18,0.0,0.0,0.0,0.0,0.0,0.0,0.0,0.15275252316519466,0.30000000000000004,0.0,0.16162440712835371,0.0,0.0,0.2752988806446741,0.0,0.0,0.19409899176618914,0.4695742752749558,0.0,0.16,0.0,0.0,0.0,0.0,0.34,0.26,0.18,0.1778001778002667,0.0565685424949238,0.0,0.06172133998483677,0.0,0.7979625217054441,0.0,0.0,0.0,0.1941450686788302,0.12,0.0,0.0,0.0,0.0,0.24748737341529162,0.0,0.21213203435596426,0.1,0.06859943405700353,0.15460413650478516,0.0,0.24000000000000002,0.0,0.0,0.0,0.0,0.0,0.0,0.18708286933869706,0.0,0.0254000254000381,0.28,0.0,0.22086305214969312,0.0,0.1649915822768611,0.2359071298478354,0.0,0.0,0.0,0.2032002032003048,0.0,0.0,0.0,0.0,0.0,0.0,0.0,0.02,0.02,0.0,0.0,0.15756771943166706,0.0,0.0,0.0,0.36,0.2,0.3127716210856121,0.0,0.40976453817306596,0.0,0.0,0.18856180831641267,0.0,0.0,0.0,0.0,0.0,0.0,0.021081851067789197,0.0,0.03162277660168379,0.3086066999241838,0.06859943405700353,0.5554920598635309,0.0,0.0,0.0,0.0,0.0,0.24009801919951235,0.27774602993176545,0.0,0.0,0.22710998958306752,0.4714045207910317,0.0,0.0,0.0,0.2556038601690775,0.2160246899469287,0.0,0.04170288281141495,0.0,0.0,0.0,0.0,0.16162440712835371,0.0,0.05252257314388902,0.0,0.0,0.0,0.0,0.0,0.0,0.0,0.0,0.0,0.0,0.0,0.0,0.0,0.0,0.5,0.0,0.0,0.0,0.0,0.12000000000000001,0.0254000254000381,0.02948839123097943,0.0,0.0,0.0,0.0,0.0,0.0,0.02948839123097943,0.07844645405527362,0.0,0.030151134457776358,0.0,0.30000000000000004,0.0,0.0,0.0,0.2556038601690775,0.0,0.02,0.0,0.0,0.0,0.0,0.18,0.0,0.0,0.2160246899469287,0.0,0.0,0.0,0.0,0.030860669992418384,0.0,0.0,1.0,0.0,0.0,0.0,0.4529108136578383,0.13999999999999999,0.12000000000000001,0.0,0.0,0.12000000000000001,0.0,0.0,0.0,0.0,0.0,0.16,0.0,0.02626128657194451,0.0,0.0,0.0,0.0,0.0,0.0,0.0,0.0,0.0,0.1979898987322333,0.0,0.0,0.264575131106459,0.0,0.0,0.31378581622109447,0.16329931618554522,0.2363515791475006,0.2939873661036668,0.0,0.16865480854231357,0.0,0.09999999999999999,0.0,0.03922322702763681,0.0,0.07385489458759964,0.12649110640673517,0.0,0.0,0.0,0.0,0.1979898987322333,0.20655911179772887,0.520847435706514,0.040824829046386304,0.22,0.2666666666666667,0.0,0.0,0.0,0.0,0.2,0.0,0.026726124191242435,0.43999999999999995,0.1414213562373095,0.4378802695198569,0.0,0.40761973229205445,0.02581988897471611,0.0,0.20924574973887472,0.0,0.06172133998483677,0.2262741699796952,0.0,0.023570226039551584,0.19051586888313607,0.0,0.0,0.0,0.24688535993934707,0.27136021011998723,0.0,0.05252257314388902,0.04264014327112209,0.18,0.30000000000000004,0.282842712474619,0.0,0.0,0.485071250072666,0.0,0.0,0.06666666666666668,0.0,0.0,0.14552137502179976,0.0,0.0,0.0,0.0,0.0,0.0,0.02,0.22710998958306752,0.0,0.18,0.0,0.7379024325749306,0.0,0.0,0.0,0.17232808737106586,0.18353258709644943,0.0,0.0,0.0,0.16,0.0,0.0,0.0,0.1941450686788302,0.39000674757995496,0.0,0.0,0.0,0.0,0.2160246899469287
herb243,0.07312724241271305,0.0,0.0,0.0,0.0,0.0,0.0,0.0,0.0,0.0,0.0,0.28603877677367767,0.0,0.0,0.09045340337332908,0.0,0.0,0.0,0.0,0.0,0.0,0.0,0.0,0.0,0.0,0.0,0.0,0.0,0.23354968324845687,0.18659112407133685,0.0,0.0,0.030151134457776358,0.0,0.08528028654224418,0.0,0.0,0.0,0.0,0.08528028654224418,0.12309149097933272,0.0,0.0,0.030151134457776358,0.0,0.1507556722888818,0.12309149097933274,0.0,0.0,0.0,0.07106690545187014,0.030151134457776358,0.0,0.03329635791060134,0.0,0.060302268915552716,0.4139186771923578,0.0,0.0,0.0,0.0,0.0,0.0,0.0,0.0,0.060302268915552716,0.0,0.0,0.0,0.0,0.0,0.0,0.0,0.07106690545187014,0.0,0.0,0.0,0.0,0.0,0.0,0.18090680674665816,0.0,0.0,0.0,0.0,0.0,0.0,0.0,0.07658395810674835,0.15075567228888181,0.0,0.060302268915552716,0.0,0.0,0.0,0.0,0.0,0.3198010745334156,0.0,0.0,0.3063358324269934,0.0,0.0,0.0,0.0,0.0,0.0,0.0,0.0,0.0,0.10050378152592121,0.030151134457776358,0.0,0.0,0.0,0.0,0.0,0.0,0.0,0.0,0.0,0.0,0.05698028822981897,0.0,0.0,0.0,0.18609684207969415,0.18860838403857944,0.0,0.0,0.0,0.0,0.030457245193658628,0.0,0.0,0.30151134457776363,0.0,0.0,0.0909090909090909,0.0,0.0,0.0,0.0,0.19564639521780736,0.0,0.0,0.09304842103984708,0.0,0.0,0.0,0.0,0.0,0.0,0.0,0.060302268915552716,0.0,0.0,0.0,0.0,0.0,0.0,0.07784989441615228,0.0,0.0,0.0,0.0,0.0,0.0,0.0,0.0,0.0,0.0,0.0,0.0,0.060302268915552716,0.0,0.0,0.0,0.0,0.2110579412044345,0.0,0.0,0.0,0.0,0.0,0.0,0.0,0.0,0.0,0.0,0.0,0.9999999999999999,0.0,0.0,0.0,0.060302268915552716,0.060302268915552716,0.0,0.6527912098338668,0.0,0.0,0.0,0.0,0.0,0.0,0.060302268915552716,0.0,0.0,0.0,0.0,0.0,0.0,0.0,0.0,0.0,0.0,0.05913123959890826,0.0,0.0,0.6917144638660746,0.0,0.0,0.0,0.0,0.06154574548966637,0.0,0.0,0.0,0.0,0.0,0.0,0.0,0.0,0.0,0.07422696190252055,0.0,0.0,0.0,0.0,0.0,0.0,0.0,0.0,0.0,0.0,0.0,0.0,0.09534625892455922,0.0,0.0,0.0,0.0,0.0,0.060302268915552716,0.060914490387317256,0.0,0.044455422447438706,0.0,0.0,0.0,0.0,0.1928473039599675,0.0,0.0,0.0,0.07106690545187014,0.0,0.0,0.0,0.0,0.0,0.0,0.060302268915552716,0.0,0.0,0.060302268915552716,0.10050378152592121,0.17056057308448835,0.0,0.0,0.03656362120635653,0.0,0.0,0.0,0.12060453783110543,0.0,0.0,0.0,0.0,0.0,0.0,0.0,0.0,0.0,0.09782319760890368,0.0,0.060302268915552716,0.0,0.0,0.0,0.0,0.0,0.0,0.0,0.0,0.0,0.0,0.0,0.0,0.0,0.0,0.0,0.0,0.0,0.0,0.0,0.0,0.0
herb245,0.0,0.04216370213557839,0.0254000254000381,0.0,0.0,0.13999999999999999,0.04170288281141495,0.05897678246195886,0.0,0.0,0.0,0.0,0.0,0.0,0.0,0.19466570535691502,0.04040610178208843,0.0,0.0,0.02294157338705618,0.14342743312012723,0.0,0.0,0.044721359549995794,0.0,0.06,0.04649905549752771,0.0,0.0,0.0,0.13999999999999999,0.14,0.1,0.0254000254000381,0.0,0.0,0.030860669992418384,0.0,0.02156655464068768,0.0,0.0,0.0,0.0,0.12,0.02581988897471611,0.0,0.0,0.0,0.0,0.0,0.0,0.06,0.0,0.0,0.0,0.06,0.0,0.0,0.0,0.0,0.0,0.06469966392206304,0.0,0.02948839123097943,0.1524001524002286,0.08,0.26,0.08834522085987724,0.0,0.1649915822768611,0.02948839123097943,0.0,0.0,0.023570226039551584,0.07620007620011429,0.0,0.22710998958306752,0.0,0.0,0.0,0.02,0.18,0.12,0.26,0.035355339059327376,0.07071067811865475,0.0,0.0,0.0508000508000762,0.0,0.0,0.06,0.10425720702853739,0.060302268915552716,0.02156655464068768,0.024999999999999998,0.0,0.0,0.05163977794943222,0.030151134457776358,0.0,0.0,0.0,0.0,0.0,0.06,0.15811388300841894,0.0,0.17149858514250882,0.0,0.0,0.02,0.02062842492517587,0.0,0.0,0.034299717028501764,0.0,0.0,0.0,0.09733285267845751,0.04714045207910317,0.030151134457776358,0.0,0.0,0.03651483716701107,0.030860669992418384,0.0,0.0,0.0,0.12977713690461,0.1876629726513673,0.0,0.0,0.049999999999999996,0.0,0.0,0.0,0.0,0.030151134457776358,0.12649110640673517,0.0,0.0,0.0,0.0,0.05897678246195886,0.0,0.0,0.0,0.02182178902359924,0.12,0.0,0.021320071635561044,0.07071067811865475,0.0,0.04,0.15240015240022858,0.0,0.0,0.0,0.0,0.04216370213557839,0.02581988897471611,0.0,0.02948839123097943,0.0,0.08,0.0,0.0,0.16,0.0,0.0,0.0,0.03651483716701107,0.0,0.06,0.06469966392206304,0.0,0.17320508075688776,0.0,0.0,0.0,0.0,0.09258200997725516,0.0,0.04,0.02294157338705618,0.0,0.0,0.14,0.0,0.0,0.0,1.0,0.1851640199545103,0.1585187847802434,0.04,0.06,0.0,0.0,0.06,0.19611613513818404,0.06859943405700353,0.25819888974716104,0.022645540682891915,0.0324442842261525,0.12,0.02182178902359924,0.05252257314388902,0.0,0.0,0.24596747752497689,0.02461829819586655,0.04170288281141495,0.0,0.0,0.16059101370939324,0.0,0.0282842712474619,0.0,0.04588314677411236,0.03779644730092272,0.0,0.02581988897471611,0.0,0.0,0.0,0.0,0.30508510792387605,0.18973665961010278,0.1492405014489273,0.0,0.05773502691896258,0.07844645405527362,0.0,0.07385489458759964,0.0,0.0,0.020851441405707476,0.0,0.0508000508000762,0.0282842712474619,0.10327955589886444,0.022645540682891915,0.0,0.06,0.0,0.0,0.03162277660168379,0.0282842712474619,0.06,0.0,0.04,0.08017837257372731,0.06,0.020203050891044214,0.12510864843424485,0.0,0.0,0.0,0.04,0.0,0.0,0.0,0.0,0.0,0.023570226039551584,0.02721655269759087,0.0,0.0,0.05163977794943222,0.0,0.0,0.04,0.0,0.04264014327112209,0.04,0.0,0.0,0.02461829819586655,0.1341640786499874,0.0,0.0,0.04714045207910317,0.0,0.02,0.044721359549995794,0.024253562503633294,0.0,0.0,0.0,0.0,0.0,0.05897678246195886,0.2,0.0324442842261525,0.2557448052364024,0.06,0.0,0.0,0.0565685424949238,0.18516401995451032,0.04,0.17232808737106584,0.0,0.05897678246195886,0.10327955589886444,0.0,0.0,0.22223355980148635,0.17232808737106584,0.0,0.0,0.09176629354822471,0.0,0.0,0.0,0.0,0.0
herb246,0.14969623771302393,0.0,0.0,0.11227217828476795,0.0,0.0,0.0,0.0,0.0,0.0,0.0,0.0,0.0,0.0,0.0,0.3504383220252312,0.0,0.0,0.0,0.0,0.0,0.0,0.0,0.0,0.15936381457791915,0.06172133998483677,0.0,0.0,0.15936381457791915,0.12732140281584609,0.0,0.12344267996967352,0.0,0.0,0.0,0.0,0.0,0.0,0.0,0.0,0.0,0.14754222271266348,0.0,0.0,0.15936381457791915,0.0,0.0,0.0,0.0,0.0,0.0,0.06172133998483677,0.0,0.0,0.0,0.0,0.0,0.0,0.0,0.0,0.0,0.0,0.0,0.0,0.0,0.0,0.0,0.0,0.0,0.0,0.0,0.0,0.1283881477532739,0.14547859349066158,0.0,0.0,0.05006261743217588,0.2253744679276044,0.0,0.0,0.0,0.0,0.030860669992418384,0.0,0.0,0.0,0.0,0.0,0.0,0.0,0.0,0.0,0.0,0.0,0.13311166512794437,0.1543033499620919,0.0,0.0,0.0,0.0,0.1567723603339241,0.0,0.0,0.0,0.13012000972647111,0.0,0.0,0.0,0.3704792868174742,0.0,0.0,0.0,0.0,0.0,0.0,0.0,0.0,0.14547859349066158,0.0,0.0,0.0,0.0,0.0,0.0,0.0,0.0,0.0,0.0,0.0,0.0,0.1286978904175574,0.0,0.0,0.23145502494313785,0.0,0.20573779994945593,0.0,0.0,0.0,0.0,0.0,0.0,0.0,0.15018785229652765,0.0,0.0,0.0,0.0,0.0,0.0,0.17457431218879393,0.0,0.0,0.0,0.0,0.0,0.0,0.0,0.0,0.0,0.0,0.0,0.24209101306752098,0.13650472655798704,0.0,0.0,0.18609684207969415,0.0,0.0,0.0,0.0,0.0,0.0,0.12344267996967352,0.0,0.0,0.0,0.48997894350611154,0.0,0.0,0.0,0.0,0.0,0.1315903389919538,0.0,0.0,0.0,0.0,0.3394673699166022,0.0,0.0,0.0,0.1851640199545103,1.0,0.0,0.0,0.0,0.0,0.0,0.0,0.36313651960128146,0.0,0.2788866755113585,0.0,0.0,0.12344267996967352,0.0,0.0,0.0,0.0,0.0,0.0,0.0,0.13468700594029479,0.0,0.0,0.0,0.0,0.1076244005001263,0.0,0.0,0.0,0.0,0.0,0.12598815766974242,0.0,0.0,0.2995723447576391,0.03253000243161778,0.23028309323591917,0.0,0.0,0.0,0.2253744679276044,0.0,0.0,0.0,0.0,0.0,0.0,0.0,0.0,0.0,0.0,0.0,0.0,0.0,0.0,0.17457431218879393,0.0,0.0,0.0,0.0,0.0,0.0,0.0,0.0,0.0,0.0,0.0,0.0,0.0,0.0,0.17457431218879393,0.0,0.0,0.0,0.0,0.0,0.15936381457791915,0.0,0.18609684207969415,0.0,0.0,0.0,0.0,0.0,0.0,0.1519474352795173,0.0,0.0,0.0,0.0,0.20573779994945593,0.0,0.0,0.0,0.0,0.051434449987363975,0.0,0.13468700594029479,0.24209101306752098,0.18200630207731605,0.21602468994692867,0.0,0.39462280183379633,0.0,0.0,0.0,0.0,0.0,0.12344267996967352,0.0,0.0,0.0,0.0,0.0,0.0,0.0,0.1519474352795173,0.0,0.0,0.0,0.0,0.0,0.0,0.1286978904175574,0.0
herb248,0.0,0.167093470609201,0.2013190579900678,0.0,0.0,0.4755563543407302,0.0,0.0,0.0,0.0,0.0,0.0,0.0,0.17295817388759027,0.3396831102433787,0.0,0.366007208697342,0.0,0.0,0.25976216673306557,0.0,0.0,0.21977383072747697,0.7089175569585667,0.0,0.09058216273156766,0.0,0.0,0.0,0.0,0.5887840577551897,0.3396831102433787,0.09058216273156766,0.2013190579900678,0.06405126152203486,0.0,0.0,0.0,0.4883862905055043,0.0,0.0,0.0,0.2198260025574647,0.06793662204867575,0.0,0.0,0.0,0.03580574370197164,0.2802242691589025,0.0,0.24019223070763068,0.09058216273156766,0.0,0.17505471314812437,0.0,0.24910094751181105,0.0,0.0,0.0,0.0,0.0,0.0,0.21182963643408081,0.0,0.0,0.1358732440973515,0.18116432546313532,0.4251328747883021,0.0,0.560448538317805,0.26711222531767115,0.0,0.0,0.0,0.46015784683444066,0.0,0.0,0.0,0.0,0.0,0.0,0.1585187847802434,0.06793662204867575,0.09058216273156766,0.0,0.0,0.11894020669001051,0.0,0.0,0.0,0.04529108136578383,0.022645540682891915,0.35414412348741425,0.0,0.09767725810110087,0.0,0.0,0.053376051268362375,0.0,0.03413943709994594,0.0,0.0,0.0,0.0,0.0,0.0,0.3222516933177448,0.0,0.0,0.10482848367219183,0.0,0.0,0.0,0.0,0.0,0.27185747308321606,0.2795426231258449,0.0,0.0,0.5510387687779837,0.5337605126836238,0.0,0.0,0.0,0.28941438070815306,0.24459979523511427,0.0,0.0,0.0,0.0,0.1180480411624714,0.0,0.04575090108716775,0.0,0.0,0.0,0.0,0.0,0.0,0.0,0.0,0.0,0.0,0.0,0.0,0.0,0.0,0.0,0.0,0.6114295984380816,0.0,0.0,0.0,0.0,0.1358732440973515,0.25883878884437284,0.033389028164708894,0.0,0.0,0.0,0.0,0.0,0.0,0.033389028164708894,0.0,0.18116432546313532,0.03413943709994594,0.0,0.4076197322920544,0.0,0.0,0.0,0.28941438070815306,0.0,0.0,0.0,0.0,0.0,0.0,0.1585187847802434,0.0,0.0,0.24459979523511427,0.0,0.0,0.0,0.0,0.03494282789073061,0.0,0.0,0.4529108136578383,0.0,0.1585187847802434,0.0,1.0,0.1358732440973515,0.1358732440973515,0.0,0.0,0.1358732440973515,0.0,0.0,0.0,0.0,0.0,0.3396831102433787,0.0,0.26761546505252365,0.0,0.0,0.25318484177091666,0.0,0.0,0.0,0.0,0.0,0.0,0.25620504608813943,0.0,0.0,0.29957234475763905,0.0,0.0,0.0888231183368655,0.04622501635210243,0.2081453617075184,0.33287514296784126,0.15701857325533194,0.5728918992315463,0.0,0.0,0.0,0.04441155916843275,0.0,0.0,0.0,0.0,0.0,0.0,0.0,0.22417941532712202,0.4677642769637489,0.46153846153846156,0.0,0.3623286509262706,0.3019405424385589,0.0,0.0,0.0,0.0,0.04529108136578383,0.0,0.06052275326688024,0.11322770341445958,0.16012815380508713,0.6610690305098399,0.0,0.46153846153846156,0.029235267310234306,0.0,0.21059925059706255,0.0,0.0,0.25620504608813943,0.0,0.0,0.215716742976478,0.0,0.0,0.0,0.3144854510165755,0.30725493389951347,0.0,0.0,0.0,0.04529108136578383,0.33968311024337877,0.12810252304406972,0.0,0.25318484177091666,0.1373087590952724,0.0,0.0,0.0,0.0,0.3544587784792833,0.10984700727621793,0.0,0.0,0.0,0.0,0.0,0.0,0.0,0.25715142542972574,0.0,0.1585187847802434,0.0,0.45573271518765,0.0,0.0,0.0,0.6689936080056726,0.15585730003983933,0.0,0.0,0.0,0.18116432546313532,0.11437725271791938,0.44599573867044845,0.0,0.2198260025574647,0.5714767668127442,0.0,0.0,0.0,0.0,0.24459979523511427
herb249,0.16977493752543305,0.16865480854231357,0.254000254000381,0.0,0.0,0.04,0.0,0.02948839123097943,0.0,0.0,0.0,0.0,0.0,0.13093073414159542,0.16,0.0,0.22223355980148635,0.0,0.0,0.16059101370939324,0.047809144373375745,0.0,0.06469966392206304,0.1341640786499874,0.0,0.02,0.06974858324629157,0.0,0.0,0.04125684985035174,0.16,0.08,0.24000000000000002,0.17780017780026672,0.1979898987322333,0.0,0.0,0.0,0.15096588248481377,0.0565685424949238,0.08164965809277261,0.0,0.36055512754639896,0.22000000000000003,0.0,0.0,0.0,0.0,0.21213203435596423,0.0,0.04714045207910317,0.2,0.0,0.28712196779460103,0.0,0.27999999999999997,0.0,0.0,0.0,0.0,0.0,0.10783277320343841,0.21380899352993948,0.0,0.0508000508000762,0.32000000000000006,0.0,0.04417261042993862,0.0,0.21213203435596426,0.26539552107881487,0.0,0.0,0.04714045207910317,0.254000254000381,0.0,0.0324442842261525,0.0,0.0670820393249937,0.06255432421712243,0.02,0.0,0.04,0.0,0.0,0.0,0.02626128657194451,0.0,0.12700012700019048,0.0,0.08,0.2,0.14596008983995232,0.0,0.04313310928137536,0.024999999999999998,0.020203050891044214,0.023570226039551584,0.0,0.0,0.0,0.0,0.0,0.1270001270001905,0.0,0.04,0.0,0.030860669992418384,0.0,0.030860669992418384,0.16666666666666669,0.06,0.02062842492517587,0.0,0.02721655269759087,0.24009801919951235,0.1851640199545103,0.023570226039551584,0.0,0.25955427380922,0.1649915822768611,0.0,0.03779644730092272,0.0,0.2556038601690775,0.27774602993176545,0.0,0.020851441405707476,0.0,0.0,0.020851441405707476,0.0,0.060609152673132646,0.0,0.02626128657194451,0.0,0.0,0.1507556722888818,0.060302268915552716,0.03162277660168379,0.0,0.1336306209562122,0.02062842492517587,0.0,0.0,0.0,0.15430334996209194,0.0,0.0,0.12000000000000001,0.0282842712474619,0.04264014327112209,0.0,0.0,0.36,0.0,0.0,0.0,0.04529108136578383,0.1507556722888818,0.021081851067789197,0.15491933384829665,0.03922322702763681,0.0,0.0,0.08,0.0,0.0,0.16,0.10690449676496974,0.0,0.0,0.2556038601690775,0.02,0.12,0.02156655464068768,0.04417261042993862,0.02886751345948129,0.0,0.26,0.03162277660168379,0.02581988897471611,0.21602468994692867,0.10660035817780522,0.02,0.0,0.060302268915552716,0.0,0.0,0.0,0.13999999999999999,0.060302268915552716,0.04,0.0,0.1358732440973515,1.0,0.32,0.05443310539518174,0.0,0.2,0.0,0.0,0.02581988897471611,0.04529108136578383,0.0,0.30000000000000004,0.13093073414159542,0.10504514628777804,0.0,0.0,0.044721359549995794,0.12309149097933272,0.12510864843424485,0.0,0.0,0.0,0.11766968108291043,0.19798989873223333,0.023249527748763855,0.0,0.264575131106459,0.0,0.0,0.03922322702763681,0.020412414523193152,0.2888741522913896,0.05345224838248487,0.0,0.21081851067789195,0.12792042981336627,0.0,0.0,0.0,0.0,0.02461829819586655,0.0,0.0,0.0,0.0,0.0254000254000381,0.19798989873223333,0.20655911179772884,0.18116432546313532,0.0,0.19999999999999998,0.2,0.0,0.06324555320336758,0.0,0.0,0.06,0.1,0.026726124191242435,0.18,0.18182745801939793,0.3544745038970271,0.0,0.22645540682891915,0.12909944487358055,0.04,0.13949716649258312,0.0,0.18516401995451032,0.19798989873223333,0.06396021490668313,0.18856180831641267,0.1905158688831361,0.0,0.0,0.10327955589886444,0.1851640199545103,0.030151134457776358,0.0,0.0,0.0,0.18000000000000002,0.03333333333333334,0.16970562748477142,0.0,0.0,0.12126781251816647,0.0,0.0,0.0,0.06,0.0,0.024253562503633294,0.0,0.0,0.0,0.1091089451179962,0.03922322702763681,0.02948839123097943,0.06,0.29199855803537256,0.0,0.36,0.05252257314388902,0.1341640786499874,0.0282842712474619,0.0,0.02,0.32003787654626514,0.02294157338705618,0.11795356492391772,0.02581988897471611,0.2502172968684897,0.12000000000000001,0.10101525445522107,0.07385489458759964,0.0,0.3328201177351375,0.16059101370939324,0.0,0.0,0.0,0.020851441405707476,0.3086066999241838
herb250,0.24253562503633294,0.1264911064067352,0.254000254000381,0.12126781251816647,0.0,0.02,0.0,0.0,0.035355339059327376,0.04264014327112209,0.0,0.0,0.0,0.2182178902359924,0.24,0.0,0.20203050891044214,0.035355339059327376,0.0,0.16059101370939324,0.11952286093343936,0.06,0.15096588248481377,0.1341640786499874,0.0,0.02,0.04649905549752771,0.0,0.0,0.0,0.16,0.02,0.32,0.17780017780026672,0.1414213562373095,0.0,0.030860669992418384,0.0,0.15096588248481377,0.08485281374238571,0.32659863237109044,0.0,0.30508510792387605,0.28,0.05163977794943222,0.02,0.040824829046386304,0.0,0.21213203435596423,0.0,0.023570226039551584,0.24,0.0,0.3092082730095703,0.11180339887498948,0.22,0.0,0.26726124191242434,0.0,0.0,0.0,0.10783277320343841,0.45434411125112145,0.0,0.0254000254000381,0.34,0.02,0.02208630521496931,0.0,0.1649915822768611,0.206418738616856,0.12309149097933274,0.0,0.2592724864350674,0.17780017780026672,0.0,0.0,0.0,0.0,0.0,0.06,0.02,0.02,0.02,0.0,0.0,0.13130643285972254,0.0,0.254000254000381,0.06666666666666668,0.02,0.26,0.18766297265136728,0.0,0.02156655464068768,0.0,0.0,0.023570226039551584,0.0,0.0,0.0,0.024999999999999998,0.02773500981126146,0.0,0.021081851067789197,0.0,0.12649110640673517,0.0,0.0,0.030860669992418384,0.2666666666666667,0.0,0.02062842492517587,0.0,0.0,0.24009801919951235,0.1851640199545103,0.0,0.0,0.22710998958306752,0.1414213562373095,0.21105794120443452,0.11338934190276817,0.0,0.2556038601690775,0.21602468994692867,0.09258200997725516,0.020851441405707476,0.0,0.0,0.0,0.0,0.020203050891044214,0.0,0.07878385971583353,0.0,0.0,0.1507556722888818,0.18090680674665816,0.0,0.0,0.16035674514745463,0.0,0.0,0.0,0.0,0.18516401995451032,0.0,0.06546536707079771,0.19999999999999998,0.0,0.0,0.0,0.0,0.86,0.1270001270001905,0.11795356492391772,0.1889822365046136,0.0,0.12060453783110543,0.021081851067789197,0.12909944487358055,0.0,0.11795356492391772,0.15689290811054724,0.06,0.12060453783110543,0.0,0.12000000000000001,0.0,0.07071067811865475,0.0,0.2556038601690775,0.0,0.16,0.04313310928137536,0.0,0.0,0.0,0.22,0.0,0.12909944487358055,0.21602468994692867,0.0,0.1,0.2064741604835056,0.0,0.1543033499620919,0.0,0.0,0.12000000000000001,0.060302268915552716,0.06,0.0,0.1358732440973515,0.32,0.9999999999999999,0.0,0.02886751345948129,0.22,0.0,0.0,0.0,0.0,0.0,0.26,0.0,0.0,0.035355339059327376,0.0,0.022360679774997897,0.09847319278346618,0.0,0.0,0.0,0.0,0.11766968108291043,0.19798989873223333,0.06974858324629157,0.0,0.264575131106459,0.0,0.07745966692414832,0.03922322702763681,0.020412414523193152,0.2626128657194451,0.29398736610366677,0.0,0.25298221281347033,0.0,0.0,0.0,0.15689290811054724,0.10954451150103323,0.0,0.0,0.08320502943378438,0.020851441405707476,0.0,0.2794002794004191,0.19798989873223333,0.18073922282301275,0.1585187847802434,0.0,0.16,0.2,0.2886751345948129,0.09486832980505137,0.0,0.1,0.0,0.13999999999999999,0.026726124191242435,0.14,0.1414213562373095,0.20851441405707477,0.0,0.22645540682891915,0.23237900077244497,0.02,0.2557448052364025,0.0,0.06172133998483677,0.3111269837220809,0.0,0.1649915822768611,0.16329931618554522,0.0,0.0,0.10327955589886444,0.1851640199545103,0.030151134457776358,0.0,0.07878385971583353,0.0,0.16,0.03333333333333334,0.16970562748477142,0.0,0.0,0.12126781251816647,0.0,0.0,0.0,0.06,0.0,0.0,0.2743977362280141,0.0,0.0,0.0,0.0,0.0,0.02,0.3244428422615251,0.023249527748763855,0.30000000000000004,0.0,0.1341640786499874,0.0565685424949238,0.0,0.0,0.24618298195866548,0.02294157338705618,0.11795356492391772,0.0,0.0,0.18,0.0,0.02461829819586655,0.1507556722888818,0.36055512754639896,0.13764944032233709,0.0,0.0,0.2743977362280141,0.0,0.5246313898711125
herb251,0.0,0.0,0.0,0.16502459049611234,0.0,0.0,0.0,0.0,0.0,0.0,0.0,0.0,0.0,0.14847846772912465,0.0,0.0,0.0,0.0,0.0,0.0,0.03253000243161777,0.0,0.02934836354418746,0.0,0.0,0.0,0.06327719971683327,0.0,0.0,0.3649324991288249,0.0,0.0,0.13608276348795434,0.0,0.07698003589195011,0.03849001794597506,0.0,0.0,0.0,0.0,0.0,0.19518001458970663,0.0,0.05443310539518174,0.0,0.10886621079036347,0.0,0.0,0.0,0.0,0.0,0.05443310539518174,0.0,0.0,0.15214515486254615,0.0,0.0,0.0,0.28867513459481287,0.0,0.0,0.02934836354418746,0.0,0.0,0.0,0.08164965809277261,0.0,0.0,0.22222222222222227,0.0,0.0,0.0,0.1887128390240993,0.0,0.0,0.0,0.0,0.0,0.060858061945018464,0.08512565307587486,0.02721655269759087,0.02721655269759087,0.10886621079036347,0.0,0.0,0.0,0.21442250696755896,0.0,0.0,0.0,0.08164965809277261,0.08164965809277261,0.0,0.0,0.0,0.0,0.24743582965269675,0.0,0.21081851067789198,0.0,0.0,0.0,0.0,0.0,0.0,0.21773242158072698,0.0,0.25197631533948484,0.0,0.0,0.0,0.3810317377662722,0.0,0.19245008972987523,0.03703703703703704,0.0,0.0,0.0,0.29814239699997197,0.0,0.0,0.0,0.0,0.0,0.0,0.25197631533948484,0.25197631533948484,0.0,0.0,0.0,0.0,0.0,0.0549857399228215,0.0,0.21442250696755896,0.0,0.0,0.0,0.0,0.0,0.0,0.0,0.0280717307022173,0.0,0.0,0.0,0.0,0.0,0.1781741612749496,0.0,0.0,0.3481553119113957,0.0,0.0,0.0,0.0,0.040128617695256406,0.0,0.770416939201707,0.0,0.0,0.0,0.0,0.0,0.0,0.0,0.0,0.0,0.0,0.363696483726654,0.0,0.0,0.0,0.10886621079036347,0.0,0.11739345417674985,0.06011130897782883,0.0,0.0,0.16329931618554522,0.04303314829119352,0.17568209223157666,0.0,0.0,0.0,0.0,0.49236596391733084,0.0,0.10886621079036347,0.0,0.0,0.0,0.0,0.0,0.0,0.05443310539518174,0.0,1.0,0.0,0.08164965809277261,0.0,0.0,0.0,0.09245003270420485,0.0,0.0,0.11878277418329973,0.0,0.0,0.18257418583505539,0.0,0.0,0.028375217691958287,0.1781741612749496,0.13608276348795434,0.0,0.0,0.0,0.2847473987257497,0.0,0.0,0.0,0.0,0.0,0.16666666666666669,0.0,0.0,0.0,0.0,0.0,0.0,0.0,0.0,0.0,0.0,0.0,0.0,0.056750435383916574,0.0,0.0,0.0,0.0,0.0,0.0,0.0,0.0,0.0,0.0,0.0,0.0,0.1905158688831361,0.0,0.0,0.0,0.0,0.0,0.0,0.0,0.0,0.05443310539518174,0.15819299929208316,0.17407765595569785,0.0,0.0,0.3481553119113957,0.0,0.0,0.0,0.0,0.0,0.0,0.0,0.16329931618554522,0.21442250696755896,0.0,0.0,0.0,0.0,0.0,0.0,0.0,0.0,0.0,0.0,0.16329931618554522,0.0,0.0,0.0,0.0,0.0,0.0,0.0,0.0,0.0,0.0,0.0,0.0,0.39310792944052475,0.0,0.0,0.0,0.0,0.0,0.18731716231633883,0.0,0.0,0.0,0.13608276348795434,0.0,0.06700252101728081,0.0,0.0,0.0,0.0,0.15819299929208316,0.0,0.0,0.0
herb252,0.0,0.0,0.0,0.0,0.0,0.0,0.0,0.08512565307587487,0.051031036307982884,0.0,0.08164965809277262,0.22821773229381925,0.08908708063747481,0.0,0.02886751345948129,0.0,0.0,0.0,0.061545745489666376,0.0331133089266261,0.0,0.0,0.03112864031823452,0.0,0.0,0.0,0.0,0.0,0.1863389981249825,0.14887283354385344,0.0,0.0,0.02886751345948129,0.03666177875533833,0.0,0.04082482904638631,0.0,0.061545745489666376,0.0,0.04082482904638631,0.0,0.0,0.0,0.0,0.0,0.14433756729740643,0.35355339059327384,0.045643546458763846,0.0,0.0,0.2041241452319315,0.02886751345948129,0.0,0.0,0.0,0.02886751345948129,0.11322770341445959,0.07715167498104596,0.051031036307982884,0.0,0.0,0.03112864031823452,0.0,0.0,0.0,0.02886751345948129,0.02886751345948129,0.0,0.0,0.0,0.0,0.0,0.0,0.06804138174397717,0.07332355751067667,0.0,0.0,0.0,0.0,0.0,0.2598076211353316,0.0,0.0,0.0,0.0,0.0,0.0,0.0936585811581694,0.0,0.0,0.0,0.0,0.0,0.0,0.0,0.0,0.0,0.17010345435994292,0.0,0.08703882797784893,0.40327956630872164,0.036084391824351615,0.04003203845127179,0.07332355751067667,0.0,0.0,0.045643546458763846,0.0,0.0,0.0,0.0,0.02886751345948129,0.08932370012631206,0.0,0.0,0.0,0.0,0.0,0.05270462766947299,0.0,0.0,0.04351941398892446,0.0,0.058925565098878974,0.0,0.0,0.0,0.12038585308576923,0.12909944487358058,0.0,0.0,0.0,0.1458029608799511,0.0,0.0,0.1924500897298753,0.0,0.0,0.04351941398892446,0.0,0.0,0.0,0.029774566708770687,0.1873171623163388,0.0,0.0,0.044543540318737404,0.08703882797784893,0.0,0.0,0.0,0.0,0.0,0.0,0.02886751345948129,0.0,0.0,0.054554472558998104,0.0,0.0,0.0,0.0,0.0,0.0,0.056613851707229795,0.02886751345948129,0.0,0.0,0.0,0.0,0.051031036307982884,0.0,0.0,0.0,0.02886751345948129,0.0,0.0,0.0,0.0,0.11547005383792516,0.0,0.0,0.044543540318737404,0.0,0.0,0.0,0.08703882797784893,0.0,0.0,0.0,0.0,0.6527912098338668,0.0,0.0,0.0,0.0,0.02886751345948129,0.0,1.0000000000000002,0.0,0.0,0.04950737714883372,0.0,0.0,0.0,0.0,0.06299407883487121,0.0,0.0,0.0,0.06454972243679029,0.0,0.06019292654288461,0.0,0.0,0.0,0.056613851707229795,0.08164965809277262,0.0,0.5298129428260175,0.0,0.0,0.037267799624996496,0.0,0.0,0.0,0.0,0.0,0.0,0.0,0.0,0.0,0.0,0.0,0.2132007163556105,0.0,0.08006407690254358,0.0,0.0,0.0,0.0,0.0,0.0,0.0,0.0,0.0,0.0,0.0,0.0,0.0,0.0,0.0,0.07715167498104596,0.0,0.1749635530559413,0.0,0.0,0.0,0.07453559924999299,0.0,0.0,0.15386436372416595,0.0,0.0,0.0,0.06804138174397717,0.0,0.0,0.0,0.0,0.0,0.0,0.0,0.0,0.0,0.0,0.2886751345948129,0.20412414523193156,0.03553345272593508,0.0,0.0,0.0,0.06804138174397717,0.0,0.14433756729740643,0.0,0.0,0.0,0.0,0.0,0.0,0.0,0.0,0.0,0.0,0.0,0.0,0.037904902178945175,0.0,0.0,0.0,0.0,0.0,0.0,0.0,0.0,0.0,0.0,0.0,0.03553345272593508,0.0,0.0,0.0,0.0,0.0,0.0,0.0,0.0
herb255,0.04850712500726659,0.27406406388125953,0.1778001778002667,0.07276068751089988,0.0,0.02,0.020851441405707476,0.0,0.24748737341529162,0.0,0.0,0.09486832980505137,0.0,0.2400396792595916,0.2,0.0324442842261525,0.16162440712835371,0.0,0.0,0.13764944032233709,0.047809144373375745,0.0,0.04313310928137536,0.1341640786499874,0.2840187787218772,0.02,0.0,0.0,0.05163977794943222,0.061885274775527604,0.18,0.02,0.14,0.1524001524002286,0.0565685424949238,0.0,0.030860669992418384,0.0,0.12939932784412608,0.0282842712474619,0.08164965809277261,0.07171371656006362,0.1941450686788302,0.28,0.02581988897471611,0.06,0.0,0.18973665961010278,0.21213203435596423,0.0,0.023570226039551584,0.18,0.10289915108550529,0.17669044171975448,0.0670820393249937,0.22,0.0,0.0,0.10606601717798213,0.30983866769659324,0.0,0.04313310928137536,0.1603567451474546,0.0,0.0762000762001143,0.30000000000000004,0.2,0.02208630521496931,0.08164965809277261,0.1649915822768611,0.17693034738587657,0.07385489458759964,0.1386750490563073,0.04714045207910317,0.17780017780026672,0.07302967433402215,0.0,0.0,0.22360679774997896,0.14596008983995232,0.0,0.04,0.0,0.18000000000000002,0.07071067811865475,0.07071067811865475,0.07878385971583353,0.22710998958306752,0.07620007620011429,0.0,0.04,0.2,0.2710687382741972,0.0,0.04313310928137536,0.0,0.060609152673132646,0.023570226039551584,0.07745966692414832,0.060302268915552716,0.0,0.0,0.0,0.0,0.0,0.08,0.0,0.09258200997725516,0.034299717028501764,0.030860669992418384,0.06666666666666668,0.0,0.08251369970070348,0.07071067811865475,0.0,0.20579830217101058,0.1851640199545103,0.0,0.10954451150103323,0.19466570535691502,0.1414213562373095,0.030151134457776358,0.03779644730092272,0.0,0.21908902300206642,0.27774602993176545,0.12344267996967354,0.0,0.0,0.0324442842261525,0.04170288281141495,0.0,0.020203050891044214,0.0,0.07878385971583353,0.0,0.0,0.030151134457776358,0.09045340337332908,0.03162277660168379,0.0,0.0,0.0,0.0,0.0,0.0,0.030860669992418384,0.18090680674665816,0.1091089451179962,0.12000000000000001,0.0,0.08528028654224418,0.0,0.0,0.24,0.0,0.0,0.0,0.06793662204867575,0.0,0.16865480854231354,0.07745966692414832,0.0,0.0,0.0,0.02,0.0,0.11766968108291043,0.14,0.0,0.035355339059327376,0.0,0.21908902300206642,0.06,0.08,0.02156655464068768,0.0,0.0,0.03162277660168379,0.45999999999999996,0.25298221281347033,0.07745966692414832,0.1851640199545103,0.021320071635561044,0.08,0.04588314677411236,0.09045340337332908,0.030860669992418384,0.06,0.0,0.12000000000000001,0.0,0.06,0.0,0.1358732440973515,0.2,0.22,0.08164965809277261,0.0,1.0000000000000002,0.0,0.0,0.02581988897471611,0.0,0.0324442842261525,0.16,0.0,0.0,0.0,0.0670820393249937,0.0,0.0984731927834662,0.04170288281141495,0.06546536707079771,0.06,0.0,0.0,0.3394112549695429,0.06974858324629157,0.09176629354822471,0.2267786838055363,0.0,0.05163977794943222,0.03922322702763681,0.08164965809277261,0.21009029257555606,0.05345224838248487,0.0,0.16865480854231357,0.0,0.0,0.0,0.0,0.03651483716701107,0.0,0.0,0.02773500981126146,0.0,0.15689290811054724,0.1524001524002286,0.2545584412271571,0.15491933384829665,0.1358732440973515,0.0,0.1,0.2,0.05773502691896258,0.03162277660168379,0.0282842712474619,0.06,0.08,0.1,0.16035674514745463,0.1,0.12121830534626528,0.14596008983995232,0.32437230354077373,0.18116432546313532,0.02581988897471611,0.0,0.23249527748763857,0.06396021490668313,0.1851640199545103,0.19798989873223333,0.06396021490668313,0.04714045207910317,0.16329931618554522,0.03922322702763681,0.0,0.07745966692414832,0.1851640199545103,0.030151134457776358,0.08,0.07878385971583353,0.0,0.16,0.03333333333333334,0.0565685424949238,0.0,0.0,0.07276068751089988,0.0,0.0,0.0,0.1,0.0,0.024253562503633294,0.06859943405700353,0.0,0.0,0.02182178902359924,0.0,0.02948839123097943,0.06,0.19466570535691502,0.0,0.24,0.07878385971583353,0.1341640786499874,0.0,0.030860669992418384,0.0,0.17232808737106586,0.09176629354822471,0.05897678246195886,0.0,0.0,0.2,0.020203050891044214,0.0,0.060302268915552716,0.1941450686788302,0.13764944032233709,0.0,0.06974858324629157,0.10289915108550529,0.0,0.27774602993176545
herb256,0.0,0.0,0.0,0.0,0.0,0.0,0.0,0.0,0.0,0.0,0.0,0.0,0.0,0.0,0.0,0.38177085778546666,0.0,0.0,0.0,0.0,0.0,0.0,0.0,0.0,0.0,0.03922322702763681,0.09119215051751065,0.0,0.0,0.0,0.0,0.0,0.0,0.0,0.0,0.0,0.0,0.0,0.0,0.0,0.0,0.0,0.0,0.0,0.0,0.0,0.0,0.0,0.0,0.0,0.0,0.03922322702763681,0.0,0.0,0.0,0.0,0.0,0.0,0.0,0.0,0.0,0.0,0.0,0.05783149319662403,0.0,0.0,0.0,0.0,0.0,0.0,0.0,0.0,0.0,0.0,0.0,0.0,0.0,0.0,0.1315587028960544,0.12267912301642961,0.0,0.0,0.0,0.0,0.0,0.0,0.0,0.0,0.0,0.0,0.0,0.0,0.0,0.0,0.0,0.0,0.0,0.0,0.0,0.0,0.09962709627734359,0.0,0.0,0.0,0.08268982305947231,0.03922322702763681,0.0,0.0,0.40360367639778744,0.0,0.0,0.0,0.0,0.0,0.0,0.0,0.0,0.0,0.0,0.0,0.0,0.0,0.0,0.0,0.0,0.0,0.0,0.0,0.0,0.0,0.0,0.0,0.0,0.0,0.0,0.0,0.0,0.0,0.0,0.1860521018838127,0.0,0.0,0.0,0.0,0.0,0.0,0.0,0.0,0.0,0.0,0.0,0.0,0.0,0.0,0.0,0.0,0.0,0.0,0.04441155916843275,0.0,0.12403473458920847,0.0,0.0,0.0,0.0,0.0,0.11826247919781652,0.0,0.0,0.0,0.0,0.0,0.0,0.0,0.0,0.12688648033134406,0.043314808182421,0.3396831102433788,0.0,0.0,0.0,0.0,0.0,0.0,0.0,0.0,0.0,0.0,0.23533936216582085,0.0,0.0,0.0,0.19611613513818404,0.36313651960128146,0.0,0.0,0.0,0.0,0.0,0.0,1.0,0.0,0.45573271518765,0.04441155916843275,0.0,0.0,0.17118419700436519,0.0,0.0,0.0,0.0,0.1448413648755803,0.12267912301642961,0.0,0.0,0.0,0.0,0.0,0.0,0.0,0.0,0.0,0.0,0.0,0.0,0.0,0.0,0.32635697593225277,0.0,0.25087260300212727,0.0,0.0,0.0,0.0,0.0,0.0,0.0,0.0,0.0,0.0,0.0,0.0,0.0,0.0,0.0,0.0,0.0,0.0,0.0,0.0,0.0,0.0,0.0,0.0,0.0,0.0,0.0,0.0,0.0,0.0,0.0,0.0,0.0,0.0,0.12543630150106364,0.0,0.0,0.0,0.0,0.0,0.0,0.0,0.0,0.0,0.0,0.0,0.0,0.0,0.0,0.0,0.0,0.0,0.0,0.0,0.0,0.0,0.0,0.0,0.0,0.0,0.0,0.0,0.0,0.19611613513818404,0.0,0.27357645155253196,0.0,0.0,0.0,0.0,0.0,0.0,0.0,0.0,0.0,0.0,0.0,0.0,0.0,0.1448413648755803,0.0,0.0,0.0,0.0,0.0,0.0,0.12267912301642961,0.0
herb257,0.0,0.0,0.0,0.0,0.0,0.0,0.0,0.1517165212272521,0.0,0.0,0.0,0.10846522890932808,0.0,0.0,0.034299717028501764,0.0,0.0,0.0,0.0,0.07868894753646337,0.0,0.0,0.07397267214553091,0.0,0.0,0.0,0.0,0.0,0.08856148855400953,0.2122647413031675,0.0,0.0,0.0,0.30492478930832245,0.0,0.24253562503633297,0.0,0.0,0.0,0.048507125007266595,0.0,0.0,0.0,0.034299717028501764,0.1328422328310143,0.0,0.0,0.0,0.0,0.0,0.2829582292090551,0.0,0.0,0.0,0.0,0.034299717028501764,0.0,0.0,0.06063390625908324,0.0,0.0,0.07397267214553091,0.0,0.0,0.04356068418690321,0.0,0.034299717028501764,0.15151080381571405,0.0,0.0,0.05057217374241736,0.0,0.0,0.0,0.0,0.0,0.16692446522239715,0.0,0.0,0.0,0.0,0.0,0.0,0.06859943405700353,0.12126781251816648,0.0,0.0,0.0,0.0,0.0,0.0,0.0,0.0,0.0,0.0,0.08574929257125441,0.03464794643376185,0.0,0.1328422328310143,0.05170876899950191,0.0,0.0,0.0,0.0,0.036155076303109365,0.0,0.10846522890932808,0.0,0.0,0.0,0.0,0.0,0.0,0.0,0.0,0.0,0.0,0.04042260417272216,0.06262242910851494,0.0,0.12126781251816647,0.0,0.0,0.0,0.0,0.0,0.0,0.0,0.0,0.0,0.07151985398521515,0.0,0.0,0.0,0.0,0.0,0.0,0.0,0.25854384499750954,0.16269784336399212,0.0,0.0,0.0707549137677225,0.0,0.30343304245450414,0.0,0.05292561240249632,0.0,0.0,0.0,0.0,0.0,0.24253562503633297,0.0,0.0,0.0,0.0,0.0,0.0,0.0,0.0,0.0,0.0,0.10114434748483472,0.0,0.034299717028501764,0.0,0.0,0.0,0.0,0.0,0.0,0.0,0.0,0.034299717028501764,0.0,0.0,0.0,0.0,0.0,0.0,0.0,0.4234048992199705,0.036563621206356534,0.0,0.0,0.0,0.15877683720748895,0.0,0.0,0.0,0.0,0.06859943405700353,0.0,0.0,0.0,0.0,0.0,0.04950737714883372,0.0,0.0,0.9999999999999999,0.0,0.0,0.0,0.0,0.0,0.0,0.0,0.0,0.1533929977694741,0.0,0.0,0.03742405942825599,0.0,0.0,0.0,0.0,0.0,0.15737789507292674,0.0,0.0,0.08856148855400953,0.0,0.0,0.0,0.0,0.0,0.0,0.0,0.0,0.0,0.20180183819889375,0.0,0.21110016546037452,0.0,0.0,0.03575992699260758,0.0,0.0,0.0,0.0,0.0,0.0,0.0,0.0,0.0,0.0,0.09701425001453319,0.10289915108550529,0.0,0.0,0.0,0.0,0.03464794643376185,0.03575992699260758,0.0,0.0,0.04428074427700476,0.0,0.0,0.07312724241271307,0.0,0.0,0.0,0.08084520834544431,0.0,0.06726727939963124,0.0,0.08856148855400953,0.0,0.0,0.10289915108550529,0.0,0.07312724241271307,0.0,0.05716619504750295,0.0,0.29554023164452436,0.0,0.0,0.0,0.24253562503633294,0.05716619504750295,0.0,0.0,0.0,0.0,0.0,0.0,0.0,0.0,0.1517165212272521,0.0,0.0,0.0,0.0,0.0,0.0,0.0,0.0,0.06859943405700353,0.0,0.0,0.0,0.04428074427700476,0.03575992699260758,0.0,0.0,0.0,0.0,0.0,0.0,0.0,0.0,0.0,0.0,0.0
herb259,0.0,0.0,0.0,0.0,0.0,0.0,0.0,0.0,0.0,0.0,0.0,0.0,0.0,0.0,0.0,0.2931977358041868,0.0,0.0,0.0,0.029617443887954616,0.0,0.0,0.0,0.0,0.09999999999999998,0.02581988897471611,0.0,0.0,0.0,0.0,0.05163977794943222,0.02581988897471611,0.0,0.0,0.0,0.0,0.0,0.0,0.0,0.0,0.0,0.0,0.0,0.0,0.0,0.0,0.0,0.0,0.0,0.0,0.0,0.07745966692414832,0.17712297710801905,0.0,0.0,0.10327955589886444,0.0,0.0,0.0,0.0,0.04879500364742666,0.0,0.0,0.19034674690672024,0.0,0.0,0.02581988897471611,0.02851329742561005,0.0,0.0,0.0,0.0,0.0,0.0,0.0,0.0,0.3350831266333564,0.0,0.11547005383792515,0.13459547551454137,0.0,0.12909944487358055,0.10327955589886444,0.0,0.0,0.09128709291752768,0.0,0.0,0.0,0.0,0.02581988897471611,0.0,0.0,0.0,0.0,0.0,0.0,0.0,0.0,0.0,0.0,0.0,0.0,0.0,0.0,0.0,0.0,0.0,0.2656844656620286,0.0,0.0,0.05163977794943222,0.0,0.0,0.0,0.0,0.0,0.030429030972509225,0.0,0.0,0.030429030972509225,0.0,0.0,0.0,0.0,0.0,0.0,0.0,0.0,0.3350831266333564,0.3230291412348993,0.0,0.02608202654786505,0.0,0.0,0.0,0.05504818825631803,0.0,0.0,0.6531972647421808,0.10540925533894599,0.0,0.0,0.0,0.0,0.0,0.0,0.0,0.02817180849095055,0.0,0.0,0.0,0.0,0.0,0.0,0.0,0.0,0.0,0.0,0.0,0.21773242158072695,0.0,0.0,0.0,0.0,0.0,0.0,0.0,0.0,0.0,0.0,0.0,0.0,0.0,0.0,0.25058072087536704,0.0,0.2608745973749755,0.0,0.0,0.0,0.0,0.0,0.0,0.0,0.0,0.0,0.0,0.18073922282301275,0.0,0.0,0.0,0.25819888974716104,0.2788866755113585,0.0,0.02581988897471611,0.0,0.0,0.0,0.02581988897471611,0.45573271518765,0.0,0.9999999999999998,0.0,0.0,0.0,0.1126872339638022,0.03390317518104052,0.0,0.0,0.057735026918962574,0.28603877677367767,0.16151457061744964,0.0,0.0,0.2665569949915915,0.0,0.0,0.0,0.0,0.0,0.0,0.0,0.0,0.0,0.0,0.0,0.2506402059138015,0.0,0.24771684715343112,0.0,0.0,0.0,0.04714045207910316,0.0,0.0,0.0,0.026919095102908273,0.0,0.0,0.0,0.033333333333333326,0.0,0.0,0.0,0.08606629658238704,0.0,0.0,0.03651483716701107,0.0,0.02581988897471611,0.0,0.0,0.0,0.0,0.0,0.0,0.0,0.0,0.02581988897471611,0.0,0.0,0.0,0.0,0.11009637651263605,0.0,0.0,0.0,0.0,0.0,0.0,0.0,0.0,0.0,0.0,0.0,0.04303314829119352,0.0,0.0,0.0,0.0,0.0,0.0,0.0,0.05163977794943222,0.0,0.03131121455425747,0.0,0.0,0.0,0.0,0.05063696835418333,0.0,0.15491933384829665,0.0,0.5102551914095146,0.02581988897471611,0.0,0.0,0.03651483716701107,0.47809144373375745,0.05163977794943222,0.0,0.0,0.0,0.033333333333333326,0.0,0.0,0.23473823893078544,0.12712834523274563,0.0,0.0,0.0,0.0,0.0,0.0,0.10767638041163309,0.0
herb260,0.0,0.0,0.0,0.0,0.0,0.0,0.3777537317199085,0.0,0.0,0.0,0.0,0.0,0.0,0.0,0.0,0.0,0.36600720869734193,0.0,0.0,0.0,0.0,0.3623286509262706,0.07325794357582566,0.0,0.0,0.06793662204867575,0.1316245316231641,0.0,0.0,0.04671418358670517,0.0,0.0,0.1358732440973515,0.0,0.19215378456610457,0.16012815380508716,0.0,0.0,0.0,0.0,0.0,0.0,0.0,0.04529108136578383,0.0,0.04529108136578383,0.0,0.0,0.04003203845127178,0.0,0.0,0.04529108136578383,0.0,0.025007816164017767,0.0,0.09058216273156766,0.0,0.0,0.0,0.0,0.0,0.1220965726263761,0.0,0.30050125348238005,0.02875986542715254,0.0,0.022645540682891915,0.025007816164017767,0.0,0.0,0.0,0.11149893466761211,0.0,0.0,0.0,0.0,0.0,0.0,0.45573271518765,0.4249729481848971,0.022645540682891915,0.1358732440973515,0.1358732440973515,0.04529108136578383,0.0,0.08006407690254357,0.0,0.0,0.02875986542715254,0.0,0.45291081365783825,0.022645540682891915,0.0,0.0,0.0,0.0,0.04575090108716775,0.0,0.0,0.0,0.0,0.509524665365068,0.565266863719195,0.0,0.0,0.6114295984380816,0.0,0.0,0.0,0.0,0.0,0.4302652729749463,0.0,0.053376051268362375,0.4930668410890925,0.0,0.0,0.026688025634181187,0.0,0.0,0.0,0.0,0.0,0.0,0.0,0.0,0.0,0.09443843292997713,0.0,0.0,0.0,0.0,0.06862635163075162,0.05661385170722978,0.0,0.0,0.0,0.0,0.0,0.0,0.0,0.0,0.3970705604869939,0.0,0.06677805632941779,0.0,0.0,0.0,0.0,0.0,0.0,0.6035056869815844,0.0,0.0,0.0,0.02875986542715254,0.0,0.0,0.23076923076923078,0.0,0.0,0.0,0.0,0.0,0.0,0.0,0.0,0.0,0.0,0.12104550653376048,0.0,0.0,0.0,0.06793662204867575,0.29439202887759486,0.024419314525275217,0.4501406909523198,0.0,0.0,0.0,0.03580574370197164,0.0,0.0,0.0,0.3623286509262706,0.0,0.06827887419989188,0.0,0.0,0.0,0.0,0.0,0.022645540682891915,0.0,0.0,0.04529108136578383,0.0,0.09245003270420485,0.0,0.0,0.04441155916843275,0.0,0.0,1.0000000000000002,0.0,0.0,0.17295817388759027,0.0,0.0,0.0,0.0,0.0,0.02360960823249428,0.0,0.3623286509262706,0.0,0.0,0.0,0.02632490632463282,0.0,0.0,0.0,0.0,0.0,0.0,0.0,0.0,0.0,0.0,0.0,0.0,0.0,0.0,0.0,0.0,0.0,0.0,0.02360960823249428,0.0,0.0,0.0,0.0,0.0,0.0,0.33968311024337866,0.0,0.0,0.0,0.0,0.3849741916091625,0.4076197322920544,0.3849741916091625,0.0,0.0,0.41175810978450966,0.0,0.0,0.0,0.0,0.06793662204867575,0.0,0.04828045495852676,0.0,0.0,0.4345240946267408,0.0,0.0,0.0,0.0,0.0,0.0,0.0,0.0,0.0,0.0,0.022645540682891915,0.03774256780481986,0.0,0.0,0.05063696835418333,0.0,0.0,0.0,0.0,0.04529108136578383,0.0,0.027461751819054483,0.0,0.0,0.0,0.0,0.0,0.0,0.1585187847802434,0.0,0.0,0.022645540682891915,0.11894020669001051,0.0,0.0,0.0,0.3623286509262706,0.0,0.0,0.033389028164708894,0.029235267310234306,0.0,0.04529108136578383,0.0,0.055749467333806056,0.0,0.0,0.0,0.0,0.0,0.0,0.3777537317199085,0.0
herb261,0.0,0.0,0.0,0.0,0.0,0.0,0.0,0.0,0.0,0.0,0.0,0.0,0.0,0.0,0.0,0.0,0.0,0.0,0.0,0.0,0.0,0.0,0.0,0.0,0.0,0.0,0.0,0.0,0.0,0.0,0.0,0.0,0.0,0.0,0.0,0.0,0.0,0.0,0.0,0.0,0.0,0.0,0.04499212706658475,0.0324442842261525,0.20942695414584775,0.0,0.0,0.0,0.0,0.0,0.0,0.0,0.0,0.0,0.0,0.0324442842261525,0.0,0.0,0.0,0.0,0.0,0.06997114285413195,0.0,0.0,0.0,0.0,0.0324442842261525,0.0,0.0,0.0,0.0,0.0,0.0,0.0,0.0,0.0,0.0,0.0,0.0,0.0,0.0,0.0,0.0,0.0324442842261525,0.0,0.0,0.0,0.0,0.041204282171516456,0.0,0.0,0.0324442842261525,0.0,0.0,0.10495671428119792,0.0,0.0,0.0,0.0,0.0,0.0,0.0,0.0,0.0,0.0,0.0,0.0,0.0,0.0,0.0,0.0,0.0,0.0,0.0,0.0,0.0,0.0,0.0,0.0,0.0,0.0,0.04891159880445184,0.0,0.0,0.0,0.0,0.0,0.0,0.0,0.0,0.0,0.0,0.0,0.0,0.0,0.0,0.0,0.0,0.09782319760890368,0.0,0.0,0.0,0.0,0.0,0.0,0.0,0.0,0.0,0.10619884881071828,0.0,0.0,0.0,0.0,0.0,0.0,0.0,0.0,0.0,0.0,0.0,0.0,0.0,0.0,0.0,0.0,0.16222142113076252,0.0,0.0,0.0,0.0,0.0,0.0,0.0,0.0,0.0,0.0,0.0,0.0,0.0,0.0,0.0,0.0,0.0,0.0,0.0,0.03721614637823934,0.0,0.0,0.0,0.0,0.0,0.0,0.0324442842261525,0.0,0.0,0.0,0.0,0.0,0.0,0.0324442842261525,0.0,0.0,0.0,0.0,0.9999999999999999,0.0,0.0,0.0,0.0,0.0,0.0,0.0,0.0,0.0,0.0,0.0,0.0,0.0,0.0,0.0,0.0,0.0,0.0,0.0,0.0,0.0,0.0,0.0,0.0,0.0,0.0,0.0,0.0,0.0,0.0,0.0,0.0,0.0,0.0,0.041204282171516456,0.0,0.0,0.0,0.0,0.0,0.0,0.0,0.0,0.0,0.0324442842261525,0.0,0.0324442842261525,0.0,0.0,0.0,0.0,0.0,0.0,0.0,0.0,0.0,0.0,0.0,0.0,0.0,0.0,0.0,0.0,0.0,0.0,0.0,0.0,0.0,0.0,0.0,0.0,0.0,0.0,0.0,0.0,0.0,0.0,0.0,0.0,0.0,0.0,0.0,0.0,0.0,0.0,0.0,0.0,0.0,0.0,0.0,0.0,0.0,0.0,0.0,0.0,0.0,0.0,0.0,0.0,0.0,0.0,0.0,0.0,0.0,0.0,0.0,0.04499212706658475,0.0,0.0,0.0,0.0,0.0,0.0
herb262,0.3395498750508661,0.21081851067789198,0.2794002794004191,0.07276068751089988,0.0,0.1,0.0,0.17693034738587657,0.0,0.0,0.0,0.0,0.0,0.15275252316519466,0.22000000000000003,0.0,0.282842712474619,0.0,0.0,0.18353258709644943,0.0,0.0,0.02156655464068768,0.15652475842498528,0.10327955589886444,0.04,0.0,0.0,0.10327955589886444,0.08251369970070348,0.16,0.38,0.12,0.2032002032003048,0.0565685424949238,0.0,0.0,0.0,0.1940989917661891,0.0565685424949238,0.05443310539518174,0.09561828874675149,0.305085107923876,0.1,0.10327955589886444,0.0,0.0,0.0,0.24748737341529162,0.0,0.023570226039551584,0.12,0.13719886811400706,0.26503566257963174,0.0,0.2,0.0,0.0,0.0,0.0,0.0,0.0,0.2405351177211819,0.0,0.0,0.18,0.13999999999999999,0.02208630521496931,0.0,0.42426406871192845,0.23590712984783543,0.0,0.08320502943378437,0.1414213562373095,0.2032002032003048,0.0,0.064888568452305,0.43817804600413285,0.0,0.0,0.0,0.13999999999999999,0.02,0.06,0.0,0.0,0.05252257314388902,0.0,0.0508000508000762,0.0,0.04,0.2,0.20851441405707477,0.0,0.15096588248481377,0.32499999999999996,0.0,0.04714045207910317,0.0,0.0,0.10160010160015241,0.0,0.0,0.0,0.25298221281347033,0.0,0.2846049894151541,0.0,0.034299717028501764,0.09258200997725516,0.06666666666666668,0.0,0.02062842492517587,0.0,0.0,0.2743977362280141,0.24688535993934707,0.3064129385141706,0.0,0.25955427380922,0.1649915822768611,0.0,0.03779644730092272,0.0,0.2921186973360886,0.24688535993934707,0.0,0.0,0.0,0.0,0.20851441405707474,0.0,0.04040610178208843,0.15,0.0,0.13333333333333336,0.0,0.0,0.060302268915552716,0.0,0.0,0.0,0.0,0.09733285267845751,0.0,0.0,0.06172133998483677,0.0,0.0,0.30000000000000004,0.36769552621700474,0.0,0.0,0.0,0.32,0.2286002286003429,0.02948839123097943,0.0,0.0,0.0,0.0,0.05163977794943222,0.5099019513592785,0.11795356492391772,0.0,0.0,0.1507556722888818,0.0,0.2,0.0,0.0,0.0,0.2921186973360886,0.24000000000000002,0.04,0.0,0.0,0.14433756729740646,0.0,0.18000000000000002,0.0,0.0,0.24688535993934707,0.2984810028978546,0.0,0.0,0.0,0.0,0.08,0.0,0.16,0.060302268915552716,0.12,0.12344267996967352,0.3396831102433787,0.30000000000000004,0.26,0.0,0.0,0.16,0.0,0.0,0.0,0.0,0.0,1.0,0.0,0.0,0.0,0.0,0.17888543819998318,0.22156468376279895,0.0,0.08728715609439695,0.0,0.0,0.03922322702763681,0.2262741699796952,0.06974858324629157,0.0,0.30237157840738177,0.0,0.10327955589886444,0.07844645405527362,0.1224744871391589,0.36765801200722315,0.08017837257372731,0.1386750490563073,0.5059644256269407,0.0,0.0,0.0,0.03922322702763681,0.1460593486680443,0.14770978917519928,0.0,0.0,0.0,0.0,0.0,0.2262741699796952,0.20655911179772887,0.20380986614602722,0.0,0.12000000000000001,0.23333333333333336,0.0,0.06324555320336758,0.1131370849898476,0.0,0.0,0.02,0.05345224838248487,0.08,0.16162440712835371,0.39617738670844205,0.0,0.3170375695604868,0.02581988897471611,0.0,0.18599622199011084,0.0,0.0,0.3111269837220809,0.0,0.04714045207910317,0.19051586888313607,0.0,0.0,0.3098386676965933,0.24688535993934707,0.2110579412044345,0.0,0.0,0.0,0.1,0.03333333333333334,0.1131370849898476,0.09847319278346618,0.22360679774997896,0.14552137502179976,0.0,0.0,0.13333333333333336,0.0,0.0,0.04850712500726659,0.0,0.16666666666666669,0.0,0.30550504633038933,0.15689290811054724,0.32437230354077373,0.04,0.38933141071383004,0.09299811099505544,0.32,0.0,0.17888543819998318,0.0,0.0,0.24000000000000002,0.46774766572146437,0.02294157338705618,0.29488391230979427,0.0,0.04170288281141495,0.16,0.10101525445522107,0.29541957835039856,0.0,0.305085107923876,0.2752988806446741,0.0324442842261525,0.0,0.0,0.0834057656228299,0.3394673699166022
herb263,0.0,0.0,0.0,0.0,0.0,0.0,0.0,0.4504426164614509,0.0,0.0,0.030860669992418384,0.0,0.0,0.0,0.0,0.0,0.0,0.0,0.046524210519923545,0.0,0.0,0.0,0.023531040266750586,0.0,0.0,0.0,0.0,0.0,0.0,0.022507456830317185,0.0,0.0,0.0,0.0,0.0,0.030860669992418384,0.0,0.046524210519923545,0.0,0.0,0.0,0.0,0.0,0.02182178902359924,0.0,0.0,0.0,0.03450327796711771,0.0,0.0,0.0,0.0,0.0,0.0,0.0,0.0,0.0,0.0,0.0,0.0,0.041239304942116126,0.2117793624007553,0.0,0.16087236302194674,0.027713699773684666,0.0,0.02182178902359924,0.0,0.0,0.0,0.0,0.0,0.0,0.07715167498104596,0.0,0.0,0.0,0.0,0.09759000729485333,0.09100315103865801,0.10910894511799618,0.0,0.02182178902359924,0.02182178902359924,0.0,0.0,0.0,0.07079923254047886,0.0,0.0,0.06546536707079771,0.02182178902359924,0.0,0.0,0.0,0.0,0.0,0.10286889997472794,0.0,0.36187343222787294,0.0,0.0,0.0,0.6651287945684319,0.0,0.15275252316519466,0.0,0.0,0.0,0.0,0.0,0.08728715609439695,0.022507456830317185,0.0,0.0,0.0,0.0,0.025717224993681984,0.0,0.0,0.0,0.0,0.0,0.0,0.0,0.0,0.0,0.0,0.43915503282684,0.03539961627023943,0.0,0.0,0.044086671417740544,0.0,0.0,0.0,0.0,0.2631806779839076,0.0,0.13801311186847084,0.0,0.2332847374079217,0.0,0.0,0.0,0.0,0.0,0.0,0.02380952380952381,0.0,0.0,0.06978631577988531,0.0,0.0,0.0,0.0,0.0,0.041239304942116126,0.2470831055537004,0.3289758474798845,0.09200874124564723,0.0563436169819011,0.0,0.0643489452087787,0.0,0.06546536707079771,0.0,0.0,0.0,0.0,0.03857583749052298,0.0,0.0,0.0,0.02182178902359924,0.1647172818672541,0.0,0.0,0.0,0.0,0.0,0.02817180849095055,0.0,0.0,0.0,0.0,0.0657951694959769,0.0,0.0,0.0,0.0,0.0,0.02182178902359924,0.0,0.0,0.13093073414159542,0.0,0.11878277418329973,0.06299407883487121,0.0,0.17118419700436519,0.0,0.1126872339638022,0.17295817388759027,0.0,0.0,1.0000000000000002,0.0,0.0,0.0,0.26837252006084666,0.10744306187005072,0.5460189062319479,0.0,0.0,0.0,0.042796049251091296,0.06172133998483677,0.0,0.025031308716087945,0.0,0.0,0.02817180849095055,0.0,0.0,0.0,0.0,0.0,0.0,0.2326210525996177,0.0,0.0,0.0,0.0,0.0,0.0,0.060522753266880246,0.25025866535630953,0.0,0.0,0.0,0.0,0.1976664844429603,0.0,0.0,0.0,0.0,0.0,0.0,0.0,0.02182178902359924,0.19639610121239315,0.08748177652797065,0.0,0.0,0.0,0.0,0.0,0.2253744679276044,0.02182178902359924,0.0,0.0,0.0,0.0,0.09304842103984708,0.0,0.2969569354582493,0.0,0.0,0.0,0.0,0.0,0.0,0.0,0.13957263155977062,0.0,0.0,0.0,0.0,0.0,0.0,0.0,0.0,0.0,0.02182178902359924,0.0,0.0,0.0,0.0,0.0,0.0,0.0,0.0,0.02182178902359924,0.0,0.0,0.0,0.0,0.0,0.0,0.0,0.02182178902359924,0.0,0.0,0.0,0.0,0.364012604154632,0.0,0.17634668567096215,0.10744306187005072,0.0,0.0,0.0,0.0,0.0,0.0,0.09100315103865801,0.0
herb264,0.0,0.0,0.0,0.0,0.0,0.28887415229138963,0.0,0.0,0.0,0.0,0.0,0.0,0.0,0.0,0.0,0.0,0.29180695999251005,0.0,0.11197850219117086,0.0,0.0,0.0,0.1132730943577198,0.23488808780588138,0.0,0.02626128657194451,0.030528125543633176,0.0,0.10170952554312154,0.08125934677318297,0.2363515791475006,0.07878385971583353,0.0,0.0,0.0,0.0,0.0,0.0,0.0,0.0,0.03573708449459316,0.0,0.0,0.05252257314388902,0.0,0.07878385971583353,0.0,0.0,0.0,0.0,0.030949223029508643,0.0,0.0,0.0,0.058722021951470346,0.07878385971583353,0.0,0.0,0.0,0.10170952554312154,0.0,0.0,0.0,0.0,0.10005560189476051,0.02626128657194451,0.0,0.377009613867732,0.0,0.3713906763541037,0.038720154633118314,0.0646508183835236,0.0,0.0,0.3668705402807886,0.0,0.0,0.0,0.0,0.0,0.02626128657194451,0.02626128657194451,0.07878385971583353,0.05252257314388902,0.0,0.0,0.0,0.0,0.0,0.04376881095324086,0.0,0.0,0.21903427127735742,0.0,0.0,0.0,0.0,0.0,0.0,0.0,0.0,0.032826608214930636,0.03641785203646149,0.0,0.0,0.02626128657194451,0.0,0.0,0.0,0.0,0.0,0.0,0.05417289784878865,0.0,0.07147416898918632,0.0,0.0,0.0,0.0,0.34081145827384396,0.0,0.11877113736973435,0.0,0.0,0.0,0.04052204492365539,0.0,0.027379283909669677,0.0,0.0,0.027379283909669677,0.0,0.0,0.0,0.0,0.0,0.0,0.0,0.0,0.0,0.0,0.0,0.0,0.0,0.0,0.0,0.0,0.0,0.02865341275306264,0.0,0.0,0.0,0.0,0.0,0.02626128657194451,0.0,0.0,0.0,0.0,0.0,0.0,0.06780635036208103,0.0,0.07744030926623663,0.0,0.2363515791475006,0.0,0.15450786078738143,0.13130643285972254,0.0,0.09284766908852593,0.0,0.0,0.02626128657194451,0.02626128657194451,0.02831827358942995,0.0,0.0,0.04152273992686998,0.02626128657194451,0.0,0.0,0.0,0.0,0.02626128657194451,0.0,0.0,0.0,0.0,0.0,0.02626128657194451,0.0,0.05252257314388902,0.0,0.26761546505252365,0.10504514628777804,0.0,0.0,0.0,0.0,0.0,0.0,0.03390317518104052,0.0,0.0,0.0,0.0,0.9999999999999999,0.0,0.0,0.11744404390294069,0.0,0.027379283909669677,0.0,0.0,0.15061880828219448,0.0,0.0,0.0,0.0,0.0,0.0,0.06780635036208103,0.0,0.0,0.0,0.0,0.0,0.2214546129433066,0.027994625547792716,0.0,0.0,0.0,0.0,0.0,0.0,0.0,0.13689641954834839,0.0,0.0,0.0,0.30512857662936466,0.0,0.0,0.18382900600361157,0.04376881095324086,0.0,0.0,0.0,0.0,0.0,0.0,0.07018624063435963,0.07878385971583353,0.0,0.027379283909669677,0.0,0.02973505167250263,0.0,0.02626128657194451,0.0,0.0,0.20261022461827694,0.0,0.0,0.12379689211803457,0.10721125348377948,0.0,0.0,0.0,0.04052204492365539,0.0,0.0,0.0,0.0,0.0,0.0,0.0,0.0,0.0,0.0,0.0,0.0,0.0,0.0,0.4110541536602924,0.031846487764924096,0.0,0.0,0.0,0.0,0.0,0.0,0.05252257314388902,0.0,0.0,0.07878385971583353,0.10344827586206896,0.029361010975735173,0.0,0.0,0.02626128657194451,0.2909286827258562,0.0,0.0,0.03390317518104052,0.13689641954834839,0.0,0.02652790545386455,0.2586032735340944,0.0,0.0,0.0,0.042601432284230495,0.0,0.0,0.0,0.0
herb265,0.0,0.0,0.0,0.0,0.0,0.0,0.07372097807744857,0.0,0.0,0.0,0.0,0.0,0.0,0.0,0.1414213562373095,0.0,0.0,0.0625,0.0,0.0,0.0,0.0,0.0,0.0,0.0,0.0,0.0,0.0,0.04564354645876384,0.0,0.0,0.0,0.035355339059327376,0.04490132550669373,0.0,0.0,0.0545544725589981,0.0,0.0,0.0,0.19245008972987526,0.0,0.0,0.035355339059327376,0.0,0.07071067811865475,0.07216878364870323,0.0,0.0,0.0,0.0,0.0,0.0,0.11713032141645455,0.03952847075210474,0.0,0.06933752452815364,0.0,0.0625,0.0,0.0,0.0,0.0,0.0,0.0,0.07071067811865475,0.0,0.0,0.0,0.0,0.0,0.0,0.0,0.20833333333333331,0.0,0.0,0.0,0.0,0.0,0.0,0.0,0.0,0.0,0.0,0.0,0.0,0.046423834544262965,0.0,0.0,0.05892556509887897,0.0,0.0,0.0,0.0,0.0,0.0,0.0,0.16666666666666666,0.0,0.0,0.0,0.0,0.0,0.0,0.0,0.0,0.0,0.0,0.0,0.0,0.47140452079103173,0.0,0.0,0.0,0.0,0.0,0.0,0.0,0.0,0.0,0.0,0.0,0.0,0.0,0.0,0.0,0.0545544725589981,0.036860489038724284,0.0,0.0,0.0,0.0,0.0,0.08838834764831843,0.09284766908852593,0.0,0.0,0.0,0.0,0.0,0.0,0.0472455591261534,0.0,0.0,0.0,0.0,0.2727723627949905,0.1599005372667078,0.0,0.0,0.0,0.0,0.0,0.3779644730092272,0.035355339059327376,0.0,0.10425720702853739,0.0668153104781061,0.0,0.0,0.0,0.04564354645876384,0.0,0.0,0.06933752452815364,0.0,0.0,0.0,0.0,0.0,0.0,0.0,0.0,0.035355339059327376,0.0,0.0,0.0,0.0,0.0,0.0,0.0,0.0,0.0,0.0,0.0,0.0,0.0,0.0,0.0,0.0,0.0,0.0,0.0,0.0,0.0,0.0,0.035355339059327376,0.0,0.0,0.0,0.0,0.0,0.0,0.0,0.0,0.0,0.0,0.0,1.0,0.0,0.0,0.0,0.0,0.0,0.0,0.0,0.0,0.0,0.0,0.0,0.0,0.0,0.0,0.0,0.0,0.0,0.0,0.0,0.0,0.0,0.35355339059327373,0.3061862178478973,0.0,0.0,0.0,0.22360679774997896,0.09805806756909202,0.0,0.0,0.0,0.05,0.0,0.0,0.0,0.0,0.0,0.0,0.22360679774997896,0.0,0.0,0.035355339059327376,0.0,0.0472455591261534,0.0,0.0,0.0,0.05212860351426869,0.0,0.0,0.035355339059327376,0.0,0.037688918072220454,0.0,0.0,0.037688918072220454,0.041666666666666664,0.0,0.0,0.0,0.0,0.0,0.0,0.035355339059327376,0.09284766908852593,0.0,0.0,0.0,0.2,0.04351941398892446,0.0,0.0,0.0,0.0,0.05892556509887897,0.0,0.0,0.0,0.0,0.0,0.06454972243679027,0.0,0.0,0.0,0.0,0.22941573387056174,0.0,0.0,0.046423834544262965,0.0,0.0,0.0,0.0,0.0,0.0,0.0,0.04564354645876384,0.036860489038724284,0.0,0.0,0.04351941398892446,0.0,0.0,0.0,0.0,0.12329924047901797,0.0,0.0,0.0
herb266,0.0,0.0,0.0,0.5694424517739723,0.0,0.0,0.0,0.0,0.0,0.0,0.0,0.0,0.0,0.51234753829798,0.0,0.0,0.0,0.11858541225631422,0.0,0.0,0.10690449676496976,0.0,0.0,0.0,0.0,0.0,0.0,0.0,0.0,0.13837968120433278,0.0,0.0,0.044721359549995794,0.0,0.0,0.0,0.0,0.0,0.0,0.28460498941515416,0.0,0.614700856398576,0.0,0.044721359549995794,0.0,0.5366563145999496,0.0,0.0,0.0,0.0,0.0,0.044721359549995794,0.0,0.0,0.525,0.0,0.0,0.0,0.23717082451262844,0.0,0.0,0.0,0.0,0.0,0.0,0.0670820393249937,0.0,0.0,0.18257418583505539,0.0,0.0,0.0,0.15504341823651058,0.0,0.0,0.0,0.0,0.0,0.0,0.023312620206007845,0.0,0.0,0.044721359549995794,0.0,0.07905694150420949,0.0,0.17616606585441102,0.0,0.0,0.0,0.0,0.0670820393249937,0.0,0.0,0.0,0.0,0.6098678344610446,0.0,0.692820323027551,0.0,0.0,0.0,0.0,0.0,0.07071067811865475,0.0670820393249937,0.0,0.20701966780270625,0.0,0.0,0.0,0.0,0.0,0.6061032181989395,0.12171612389003693,0.0,0.0,0.0,0.2449489742783178,0.0,0.0,0.0,0.0,0.0,0.0,0.20701966780270625,0.20701966780270625,0.06993786061802354,0.0,0.0,0.0,0.0,0.02258769757263128,0.0,0.17616606585441102,0.0,0.0,0.0,0.0,0.0,0.0,0.08964214570007953,0.13837968120433278,0.0,0.0,0.0,0.10350983390135313,0.0,0.5611425419454066,0.0,0.0,0.14301938838683886,0.0,0.0,0.0,0.0,0.09890707100936805,0.0,0.15191090506255,0.0,0.0,0.0,0.0,0.0,0.0,0.0,0.1011299793694863,0.0,0.0,0.0,0.0,0.0,0.0,0.5142956348249517,0.1341640786499874,0.0,0.09877295966495897,0.0,0.0,0.1341640786499874,0.0,0.6062177826491071,0.0,0.0,0.0,0.0,0.2022599587389726,0.0,0.447213595499958,0.0,0.0,0.0,0.0,0.0,0.0,0.0,0.0,0.18257418583505539,0.0,0.0670820393249937,0.0,0.0,0.0,0.0,0.0,0.0,0.0,0.0,0.0,1.0,0.0,0.0,0.0,0.5855400437691198,0.5366563145999496,0.0,0.0,0.0,0.57186276940104,0.0,0.0,0.0,0.0,0.0,0.5249007842757843,0.0,0.0,0.0,0.0,0.0,0.0,0.0,0.0,0.0,0.0,0.0,0.0,0.0,0.17541160386140586,0.0,0.0,0.0,0.0,0.0912870929175277,0.0,0.0,0.0,0.0,0.0,0.0,0.08944271909999159,0.0,0.0,0.0,0.0,0.0,0.0,0.0,0.0,0.223606797749979,0.12996881122750908,0.5482409888162157,0.0,0.0,0.14301938838683886,0.0,0.0,0.0,0.0,0.0,0.0,0.0337099931231621,0.49193495504995377,0.17616606585441102,0.0,0.0,0.0,0.0,0.0,0.0,0.0,0.0,0.0,0.074535599249993,0.1341640786499874,0.0,0.0,0.0,0.0,0.0,0.0,0.0,0.0,0.0,0.0,0.12996881122750908,0.044721359549995794,0.14680505487867584,0.0,0.09486832980505139,0.0,0.0,0.0,0.15389675281277312,0.0,0.0,0.0,0.5366563145999496,0.0,0.0,0.0,0.0,0.0,0.0,0.57186276940104,0.0,0.0,0.0
herb268,0.0,0.0,0.0,0.0,0.0,0.08944271909999159,0.0,0.3626592603676828,0.0,0.0,0.0316227766016838,0.0,0.0,0.0,0.0,0.0,0.02258769757263128,0.0,0.04767312946227962,0.0,0.05345224838248488,0.0,0.024112141108520606,0.0,0.0,0.0,0.051987524491003634,0.0,0.0,0.02306328020072213,0.0,0.17888543819998318,0.044721359549995794,0.0,0.0,0.0,0.0,0.04767312946227962,0.0,0.0,0.030429030972509232,0.0,0.0,0.044721359549995794,0.0,0.0,0.0,0.07071067811865475,0.0,0.0,0.026352313834736494,0.0,0.0,0.0,0.0,0.0670820393249937,0.0,0.0,0.0,0.0,0.04225771273642583,0.0,0.0,0.0,0.1987866419864727,0.0,0.223606797749979,0.07407971974871923,0.0,0.13176156917368248,0.03296902366978935,0.0,0.0,0.07905694150420949,0.0,0.0,0.10882143751650175,0.0,0.0,0.0,0.1341640786499874,0.24596747752497689,0.022360679774997897,0.2012461179749811,0.07905694150420949,0.0,0.0,0.07254762501100116,0.0,0.0,0.0,0.022360679774997897,0.023312620206007845,0.0,0.0,0.05590169943749474,0.0,0.05270462766947299,0.08660254037844387,0.4045199174779452,0.0,0.0,0.0,0.25558282541117916,0.023570226039551584,0.08944271909999159,0.282842712474619,0.0,0.0,0.0,0.0,0.0,0.02306328020072213,0.0,0.0,0.0,0.0,0.05270462766947299,0.0,0.0,0.07905694150420949,0.0,0.0,0.0,0.0,0.03450327796711771,0.0,0.023312620206007845,0.44999999999999996,0.03627381250550058,0.18650096164806276,0.0,0.04517539514526256,0.0,0.0,0.0,0.0,0.0,0.0,0.0,0.0,0.0,0.0,0.0,0.1318760946791574,0.0,0.0,0.0,0.024397501823713332,0.20124611797498107,0.0,0.0,0.15811388300841897,0.0,0.0,0.25558282541117916,0.0,0.04225771273642583,0.0,0.0,0.023570226039551584,0.08660254037844387,0.0,0.0659380473395787,0.0,0.022360679774997897,0.0,0.0,0.1341640786499874,0.0,0.03952847075210474,0.0,0.0,0.022360679774997897,0.0,0.09644856443408242,0.0,0.0,0.0,0.0,0.0,0.0,0.10350983390135313,0.02383656473113981,0.022360679774997897,0.0,0.0674199862463242,0.0,0.0,0.0,0.0,0.0,0.24596747752497689,0.0,0.25318484177091666,0.044721359549995794,0.022360679774997897,0.0,0.06454972243679029,0.0,0.0,0.1533929977694741,0.057735026918962574,0.0,0.0,0.17888543819998318,0.26837252006084666,0.11744404390294069,0.0,0.0,1.0,0.0,0.303064062678102,0.024397501823713332,0.0,0.051298917604257706,0.043852900965351466,0.09486832980505139,0.0,0.10259783520851541,0.0,0.0,0.08660254037844387,0.0,0.0,0.0,0.0,0.15504341823651058,0.23570226039551584,0.07150969419341943,0.0,0.0,0.1315587028960544,0.0,0.08257228238447706,0.0,0.062017367294604234,0.27975144247209416,0.0,0.0,0.0,0.08660254037844387,0.15191090506255,0.0,0.0,0.0,0.0,0.0,0.09486832980505139,0.0670820393249937,0.0,0.0,0.08964214570007953,0.044721359549995794,0.0,0.2098135818540706,0.0,0.0,0.0,0.044721359549995794,0.0,0.0,0.10350983390135313,0.0,0.0,0.05270462766947299,0.18257418583505539,0.0,0.0,0.057735026918962574,0.03450327796711771,0.0,0.0670820393249937,0.0,0.04767312946227962,0.0,0.0,0.0,0.055048188256318034,0.25,0.0,0.0,0.10540925533894598,0.0372677996249965,0.022360679774997897,0.0,0.02711630722733202,0.0,0.0,0.0,0.0,0.0,0.09890707100936805,0.022360679774997897,0.0,0.12996881122750908,0.0670820393249937,0.0,0.0,0.0316227766016838,0.0,0.0670820393249937,0.22019275302527214,0.0,0.0,0.08660254037844387,0.2564388222660863,0.0,0.13552618543578768,0.22019275302527214,0.0,0.0,0.12824729401064427,0.0,0.0,0.0,0.0,0.0
herb269,0.0,0.0,0.1250610798961445,0.0,0.0,0.0492365963917331,0.0,0.0,0.0,0.0,0.0,0.0,0.0,0.0,0.0492365963917331,0.0,0.17407765595569785,0.0,0.0,0.0,0.0,0.0,0.0,0.0,0.0,0.0,0.0,0.1574591643244434,0.0,0.0,0.0984731927834662,0.0,0.0,0.0,0.0,0.0,0.0,0.0,0.0,0.0,0.033501260508640406,0.0,0.1365577483997838,0.0,0.0,0.0,0.0,0.0,0.0,0.0,0.0,0.0,0.33776026473659926,0.10874544956540738,0.0,0.09847319278346618,0.0,0.0,0.0,0.0,0.0,0.0,0.0657951694959769,0.03629770043203139,0.0,0.0,0.0,0.0,0.0,0.0,0.0,0.0,0.0,0.0,0.0,0.0,0.0,0.0,0.11009637651263608,0.10266540046786908,0.0,0.0,0.02461829819586655,0.0,0.0,0.0,0.0,0.0,0.0,0.0,0.02461829819586655,0.17232808737106584,0.05133270023393454,0.07422696190252055,0.0,0.09231861823449955,0.0,0.0,0.0,0.0,0.0,0.0,0.0,0.0,0.1297498240269205,0.02461829819586655,0.0,0.0,0.0,0.0,0.0,0.02461829819586655,0.0,0.0,0.0,0.0,0.0,0.08703882797784893,0.0,0.0,0.0,0.0,0.0,0.0,0.0,0.0,0.0,0.0,0.0,0.0,0.10266540046786908,0.0,0.02486823656509969,0.0,0.0,0.0,0.0,0.0,0.0,0.3113995776646092,0.0,0.0,0.0,0.0,0.18148850216015697,0.0,0.0,0.0,0.0,0.0,0.0,0.026243194054073903,0.0,0.0,0.17232808737106584,0.0,0.0,0.0,0.0,0.0,0.15569978883230462,0.0,0.0,0.0,0.0,0.0,0.0,0.0,0.0,0.0,0.0,0.0,0.0,0.0,0.02461829819586655,0.1592795619605697,0.0,0.0,0.0,0.0,0.0,0.0,0.0,0.0,0.02461829819586655,0.0,0.0,0.0,0.0,0.0,0.0,0.0,0.02461829819586655,0.0,0.0,0.12309149097933272,0.09847319278346618,0.0,0.0,0.0984731927834662,0.1448413648755803,0.0,0.28603877677367767,0.0,0.0,0.22156468376279895,0.10744306187005072,0.0,0.0,0.0,0.0,1.0000000000000002,0.12833175058483634,0.0,0.0,0.16943474841747153,0.0,0.0,0.0,0.0,0.0,0.0,0.0,0.0,0.0,0.2262778643423326,0.1315903389919538,0.0,0.18164975363768873,0.0,0.0,0.0,0.0,0.0,0.09090909090909093,0.0,0.03413943709994595,0.02566635011696727,0.0,0.0,0.0,0.0,0.0,0.0,0.0,0.0,0.0,0.0,0.0,0.02461829819586655,0.0492365963917331,0.02461829819586655,0.0,0.0492365963917331,0.0,0.0,0.0,0.19512313566832118,0.0,0.0,0.0,0.0,0.03798685881987932,0.0,0.1049727762162956,0.0,0.0,0.0,0.0,0.3496029493900505,0.0,0.07422696190252055,0.0,0.0,0.0,0.0492365963917331,0.0,0.0,0.0,0.0,0.05970814340265321,0.0,0.0,0.0,0.02461829819586655,0.0,0.05970814340265321,0.0,0.0,0.0,0.0,0.0,0.0,0.0,0.07987230638308718,0.0,0.2461829819586655,0.0,0.0,0.0,0.3418817293789139,0.02461829819586655,0.12121212121212123,0.0,0.36297700432031393,0.0,0.0,0.0,0.0,0.12121212121212123,0.037113480951260276,0.1365577483997838,0.0,0.15974461276617435,0.0,0.0,0.10266540046786908,0.1519474352795173
herb270,0.0,0.0879173964527716,0.0,0.0,0.0,0.0,0.0,0.30743773095067284,0.0,0.0,0.02948839123097943,0.0,0.0,0.0,0.0,0.0,0.0,0.0,0.044455422447438706,0.0,0.0,0.0,0.022484687520664393,0.0,0.10767638041163309,0.0,0.0,0.0,0.0,0.043013239361934026,0.0,0.0,0.020851441405707476,0.0,0.0,0.0,0.0,0.044455422447438706,0.0,0.0,0.0,0.0,0.0,0.020851441405707476,0.0,0.0,0.0,0.16484511834894675,0.0,0.0,0.0,0.0,0.0,0.04605312990585041,0.0,0.020851441405707476,0.0,0.0,0.0,0.10767638041163309,0.03940552031195504,0.17987750016531517,0.0,0.030743773095067286,0.23833221359956924,0.0,0.10425720702853739,0.0,0.0,0.0,0.0,0.10266540046786908,0.0,0.07372097807744857,0.0,0.0,0.0,0.0,0.18650096164806276,0.08695652173913043,0.12510864843424485,0.06255432421712243,0.06255432421712243,0.0834057656228299,0.0,0.0,0.0,0.20295302744752147,0.0,0.0,0.020851441405707476,0.04170288281141495,0.0,0.0,0.0,0.0,0.0,0.09829463743659808,0.0,0.47152096009644856,0.0,0.0,0.0,0.6885152837320889,0.0,0.04170288281141495,0.0,0.0,0.0,0.0,0.0,0.04170288281141495,0.043013239361934026,0.0,0.0,0.0,0.0,0.0,0.0,0.0,0.0,0.0,0.0,0.0,0.0,0.03217447260438935,0.0,0.0,0.41962716370814124,0.03382550457458691,0.021739130434782608,0.0,0.0631894097806702,0.052128603514268686,0.0,0.0,0.0,0.2514778453847726,0.0,0.1318760946791574,0.0,0.39009474880274697,0.0,0.0,0.0,0.0,0.0,0.1257389226923863,0.022750787759664503,0.0,0.0,0.022227711223719353,0.0,0.0,0.0,0.0,0.0,0.03940552031195504,0.02360960823249428,0.220043114711676,0.1978141420187361,0.13459547551454137,0.0,0.0,0.0,0.0834057656228299,0.0,0.0,0.0,0.0,0.07372097807744857,0.0,0.0,0.0,0.04170288281141495,0.15739281264465074,0.0,0.0,0.0,0.04170288281141495,0.0659380473395787,0.026919095102908273,0.0,0.0,0.0,0.0,0.06286946134619315,0.0,0.0,0.0,0.0,0.0,0.04170288281141495,0.0,0.0,0.12510864843424485,0.0,0.028375217691958287,0.06019292654288461,0.04170288281141495,0.12267912301642961,0.0,0.16151457061744964,0.02360960823249428,0.0,0.0,0.5460189062319479,0.027379283909669677,0.0,0.0,0.303064062678102,0.12833175058483634,0.9999999999999998,0.0,0.020851441405707476,0.07175473098524099,0.040893041005476534,0.17693034738587657,0.0,0.11959121830873498,0.0,0.0,0.026919095102908273,0.0,0.0,0.0,0.0,0.0,0.0,0.3556433795795097,0.0,0.0,0.0,0.0,0.0,0.0,0.05783149319662403,0.32608695652173914,0.0,0.0,0.0,0.026919095102908273,0.18887686585995425,0.0,0.0,0.0,0.0,0.0,0.02948839123097943,0.0,0.020851441405707476,0.18766297265136725,0.19504737440137349,0.0,0.0,0.0,0.12297509238026914,0.0,0.21535276082326618,0.04170288281141495,0.0,0.0,0.0,0.0,0.08891084489487742,0.0,0.19862652384370802,0.0,0.0,0.0,0.0,0.0,0.0,0.0,0.044455422447438706,0.020851441405707476,0.0,0.0,0.0,0.0,0.0,0.0,0.0,0.0,0.020851441405707476,0.0,0.0,0.0,0.0,0.0,0.0,0.0,0.0,0.04170288281141495,0.0,0.024239308278185982,0.0,0.0,0.0,0.02948839123097943,0.0,0.020851441405707476,0.02566635011696727,0.0,0.030743773095067286,0.053838190205816545,0.3695652173913044,0.0,0.2948839123097943,0.10266540046786908,0.03143473067309657,0.0,0.0,0.0,0.0,0.0,0.08695652173913043,0.0
herb273,0.10585122480499261,0.0,0.0,0.6351073488299557,0.0,0.0,0.0,0.0,0.0,0.0,0.0,0.0,0.0,0.5000000000000001,0.0,0.0,0.0,0.03857583749052298,0.0,0.025031308716087945,0.10432810619146021,0.0,0.0,0.0,0.1126872339638022,0.08728715609439695,0.025367314471592052,0.0,0.14085904245475275,0.2925969387941234,0.08728715609439695,0.08728715609439695,0.06546536707079771,0.0,0.0,0.0,0.0,0.0,0.0,0.0,0.029695693545824933,0.9128709291752768,0.0,0.06546536707079771,0.28171808490950556,0.32732683535398854,0.0,0.0,0.0,0.0,0.0,0.04364357804719848,0.03742405942825599,0.0,0.51234753829798,0.02182178902359924,0.0,0.0,0.23145502494313785,0.0,0.0,0.0,0.0,0.0,0.027713699773684666,0.06546536707079771,0.0,0.024098134635593994,0.1781741612749496,0.0,0.03217447260438935,0.0,0.24209101306752098,0.10286889997472794,0.0,0.0,0.1061988488107183,0.15936381457791915,0.0,0.022750787759664503,0.02182178902359924,0.0,0.04364357804719848,0.02182178902359924,0.03857583749052298,0.0,0.17192047651837583,0.0,0.0,0.0,0.0,0.06546536707079771,0.0,0.0,0.09412416106700235,0.27277236279499045,0.4629100498862757,0.0,0.6479515952918629,0.03289758474798845,0.13856849886842332,0.08183170883849714,0.060522753266880246,0.0,0.2300218531141181,0.06546536707079771,0.0,0.20203050891044216,0.03742405942825599,0.0,0.0,0.0,0.0,0.5914961748546858,0.0,0.0,0.0,0.28288947493050187,0.23904572186687872,0.0,0.0,0.0,0.0,0.0,0.0,0.20203050891044216,0.20203050891044216,0.09100315103865801,0.0,0.0,0.22750787759664498,0.0,0.022043335708870272,0.16366341767699427,0.17192047651837583,0.1454785934906616,0.0,0.0,0.0,0.0,0.0,0.029160592175990215,0.022507456830317185,0.1061988488107183,0.03217447260438935,0.0,0.033671751485073696,0.0,0.5476190476190478,0.0,0.3086066999241838,0.11631052629980886,0.0,0.0,0.0,0.0,0.03217447260438935,0.0,0.14824986333222023,0.0,0.0,0.0,0.17118419700436519,0.2573957808351148,0.0,0.0,0.16448792373994225,0.0,0.0,0.0,0.0,0.0,0.0,0.5891883036371794,0.02182178902359924,0.0,0.09639253854237598,0.15748519708717804,0.03450327796711771,0.13093073414159542,0.0,0.5916079783099617,0.0,0.13957263155977062,0.0,0.025031308716087945,0.19738550848793068,0.0,0.5237229365663817,0.033671751485073696,0.0,0.0,0.0,0.13468700594029479,0.0,0.0,0.0,0.1781741612749496,0.0,0.06546536707079771,0.0,0.03742405942825599,0.0,0.0,0.0,0.08728715609439695,0.0,0.0,0.0,0.5855400437691198,0.024397501823713332,0.0,0.0,1.0000000000000002,0.4364357804719847,0.0,0.0,0.0,0.6088155473182093,0.0,0.0,0.0,0.0,0.0,0.601337794302955,0.0,0.0,0.0,0.023002185311411807,0.0,0.0,0.0,0.0,0.15936381457791915,0.0,0.0,0.030261376633440123,0.022750787759664503,0.0,0.0,0.0,0.0,0.02470831055537004,0.044543540318737404,0.0,0.0,0.0,0.0,0.3086066999241838,0.0,0.08728715609439695,0.0,0.0,0.0,0.0,0.022750787759664503,0.0,0.0,0.0,0.21821789023599236,0.12683657235796025,0.5350284209791206,0.033671751485073696,0.12344267996967355,0.13957263155977062,0.0,0.0,0.0,0.0,0.28171808490950556,0.0,0.16448792373994225,0.4800793585191832,0.17192047651837583,0.0,0.0,0.0,0.0,0.2686076546751268,0.0,0.0,0.0,0.0,0.18184824186332701,0.15275252316519466,0.0,0.0,0.0,0.0363696483726654,0.0,0.14285714285714288,0.42796049251091306,0.1286978904175574,0.02182178902359924,0.0,0.17757120130114434,0.0,0.1432670637653132,0.0,0.030860669992418384,0.0,0.2182178902359924,0.0,0.15018785229652767,0.1286978904175574,0.02817180849095055,0.022750787759664503,0.48007935851918315,0.0,0.10744306187005072,0.0,0.0,0.0,0.0,0.5580809183750252,0.0,0.09100315103865801,0.0
herb275,0.0,0.0,0.0,0.46081768756903263,0.0,0.0,0.33362306249131957,0.0,0.0,0.0,0.0,0.0,0.0,0.4146139914483855,0.0,0.0,0.32324881425670743,0.035355339059327376,0.0,0.0,0.0,0.32,0.0,0.0,0.0,0.12,0.023249527748763855,0.0,0.0,0.10314212462587935,0.0,0.02,0.06,0.0,0.0,0.0,0.0,0.0,0.0,0.1131370849898476,0.0,0.4780914437337574,0.0,0.08,0.0,0.38,0.0,0.0,0.0,0.0,0.0,0.0,0.0,0.0,0.42485291572496003,0.0,0.0,0.0,0.1414213562373095,0.0,0.0,0.0,0.0,0.0,0.0,0.06,0.02,0.0,0.10886621079036347,0.0,0.0,0.0,0.11094003924504584,0.0,0.0,0.0,0.0,0.0,0.35777087639996635,0.33362306249131957,0.02,0.02,0.04,0.02,0.035355339059327376,0.0,0.10504514628777804,0.0,0.0,0.0,0.32,0.06,0.0,0.0,0.0,0.0,0.46467017049401693,0.0,0.5163977794943221,0.0,0.0,0.39999999999999997,0.44376015698018334,0.0,0.0,0.43999999999999995,0.0,0.12344267996967354,0.0,0.0,0.0,0.33999999999999997,0.0,0.4714045207910316,0.5443310539518175,0.0,0.0,0.0,0.1460593486680443,0.0,0.0,0.0,0.0,0.0,0.0,0.12344267996967354,0.12344267996967354,0.020851441405707476,0.0,0.0,0.0,0.0,0.060609152673132646,0.0,0.10504514628777804,0.0,0.0,0.0,0.0,0.0,0.0,0.026726124191242435,0.3919400735783415,0.0,0.0,0.0,0.030860669992418384,0.0,0.4364357804719847,0.0,0.0,0.44772150434678193,0.0,0.0,0.0,0.0,0.0,0.0,0.11322770341445958,0.0,0.0,0.02581988897471611,0.0,0.0,0.0,0.0,0.030151134457776358,0.0,0.0,0.0,0.0,0.0,0.0,0.39999999999999997,0.26,0.0,0.4417261042993863,0.0,0.0,0.08,0.0,0.490577890519606,0.0,0.0,0.3,0.0,0.12060453783110543,0.0,0.39999999999999997,0.0,0.0,0.0,0.0,0.0,0.0,0.0,0.0,0.13608276348795434,0.0,0.06,0.0,0.0,0.0,0.3623286509262706,0.0,0.0,0.0,0.0,0.0,0.5366563145999496,0.0,0.0,0.020851441405707476,0.4364357804719847,1.0,0.0,0.0,0.0282842712474619,0.4417410272265133,0.0,0.0,0.0,0.0,0.0,0.408248290463863,0.0,0.0,0.0,0.0,0.0,0.0,0.0,0.0,0.0,0.0,0.0,0.0,0.020851441405707476,0.15689290811054724,0.0,0.0,0.0,0.0,0.040824829046386304,0.3,0.0,0.05773502691896258,0.03162277660168379,0.0,0.3,0.4599999999999999,0.32,0.0,0.0,0.32324881425670743,0.0,0.0,0.0,0.0,0.18,0.09299811099505542,0.4264014327112209,0.0,0.0,0.490361647617904,0.0,0.0,0.0,0.0,0.0,0.030860669992418384,0.030151134457776358,0.38,0.10504514628777804,0.0,0.0,0.0,0.0,0.0,0.0,0.0,0.0,0.0,0.0,0.08,0.0,0.0,0.034299717028501764,0.0,0.0,0.0,0.0,0.0,0.08,0.0,0.06974858324629157,0.0,0.10504514628777804,0.0,0.0282842712474619,0.0,0.32,0.0,0.09176629354822471,0.0,0.0,0.0,0.39999999999999997,0.0,0.0,0.0,0.0,0.0,0.0,0.4649905549752772,0.0,0.33362306249131957,0.0
herb279,0.0,0.0,0.0,0.0,0.0,0.0,0.04783648732349399,0.0,0.0,0.0,0.0,0.0,0.0,0.0,0.0,0.0,0.0,0.0,0.0,0.0,0.02742042485535409,0.02294157338705618,0.0,0.0,0.0,0.0,0.0,0.0,0.0,0.0,0.06882472016116853,0.0,0.0,0.0,0.0,0.0,0.03539961627023944,0.0,0.0,0.0,0.0,0.0,0.0,0.02294157338705618,0.0,0.0,0.0,0.0,0.0,0.0,0.0,0.0,0.0,0.0,0.0,0.02294157338705618,0.0,0.0,0.0,0.0,0.0,0.0,0.0,0.06765100914917384,0.0,0.0,0.0,0.050669459193814,0.0,0.027036903521793755,0.0,0.0,0.0,0.0,0.0,0.0,0.2977291710259148,0.0,0.0,0.0,0.02294157338705618,0.02294157338705618,0.09176629354822471,0.0,0.0,0.0,0.0,0.0,0.0,0.0,0.0,0.0,0.0,0.0,0.0,0.0,0.0,0.0,0.0,0.03458572319330373,0.0,0.028676966733820218,0.0,0.0,0.0,0.04588314677411236,0.0,0.0,0.0,0.0,0.0,0.0,0.0,0.0,0.0,0.0,0.0,0.0,0.0,0.0,0.0,0.0,0.0,0.0,0.0,0.0,0.0,0.11959121830873498,0.0,0.48380990291711146,0.21526419295572297,0.0,0.046348977465932154,0.0,0.0,0.0,0.0,0.0,0.0,0.29019050004400465,0.0,0.0,0.0,0.0,0.0,0.0,0.0,0.0,0.0,0.02294157338705618,0.0,0.0,0.0,0.0,0.0,0.0,0.0,0.0,0.0,0.0,0.024182541670333724,0.05923488777590923,0.0,0.0,0.0,0.02294157338705618,0.0,0.0,0.0,0.0,0.0,0.0,0.0,0.0,0.0,0.07421560439929402,0.0,0.0,0.0,0.0,0.03627381250550058,0.0,0.0,0.0,0.04588314677411236,0.0,0.0,0.0,0.02294157338705618,0.0,0.0,0.0,0.16059101370939324,0.0,0.0,0.0,0.0,0.0,0.0,0.0,0.0,0.0,0.2665569949915915,0.0,0.0,0.0,0.0,0.15061880828219448,0.0,0.0,0.051298917604257706,0.16943474841747153,0.07175473098524099,0.0,0.0,1.0000000000000002,0.0,0.0,0.0,0.0,0.0,0.0,0.0,0.0,0.0,0.0,0.0,0.03181423814878889,0.0,0.0,0.0,0.0662266178532522,0.0,0.0,0.0,0.0,0.0,0.09567297464698798,0.0,0.0,0.03244428422615251,0.0,0.0,0.0,0.0,0.0,0.0,0.0,0.0,0.0,0.0,0.0,0.0,0.02294157338705618,0.0,0.0,0.0,0.025976216673306556,0.0,0.02294157338705618,0.0,0.0,0.0,0.0,0.0,0.0,0.0,0.0,0.0,0.0,0.0,0.0,0.0,0.0,0.0,0.13764944032233706,0.0,0.0,0.0,0.0,0.0,0.0,0.0,0.0,0.0,0.0,0.0,0.0,0.0,0.0,0.0,0.0,0.0,0.0,0.0,0.213352298825066,0.0,0.0,0.0,0.0,0.4601950115131127,0.0,0.0,0.0,0.0,0.05923488777590923,0.0,0.0,0.18539590986372861,0.0,0.03458572319330373,0.0,0.0,0.03721614637823934,0.0,0.0,0.0,0.0
herb280,0.19026059766179762,0.0,0.0,0.0,0.0,0.0,0.0,0.05783149319662403,0.0,0.0,0.2773500981126146,0.1860521018838127,0.18156825980064073,0.0,0.15689290811054724,0.0,0.0,0.0,0.08362420100070908,0.0,0.0,0.0,0.0,0.0,0.0,0.0,0.0,0.0,0.0,0.0,0.0,0.0,0.07844645405527362,0.1494406444160154,0.16641005886756877,0.0,0.0,0.16724840200141816,0.0,0.11094003924504584,0.05337605126836238,0.0,0.0,0.07844645405527362,0.0,0.0,0.24019223070763074,0.12403473458920845,0.0,0.0,0.0,0.0,0.0,0.129944424547263,0.08770580193070293,0.03922322702763681,0.0,0.0,0.0,0.0,0.0,0.0,0.10482848367219183,0.0,0.0,0.11766968108291043,0.0,0.0,0.16012815380508716,0.0,0.0,0.0,0.0,0.23112508176051214,0.0,0.0,0.0,0.0,0.0,0.0,0.15689290811054724,0.0,0.0,0.0,0.0,0.0,0.15450786078738143,0.06362847629757777,0.1494406444160154,0.19611613513818404,0.03922322702763681,0.11766968108291043,0.0,0.0,0.0,0.0,0.0,0.1386750490563073,0.0,0.05913123959890826,0.0,0.0,0.0,0.049813548138671795,0.0,0.0,0.1860521018838127,0.0,0.0,0.0,0.19611613513818404,0.0,0.12136700910941023,0.0,0.0,0.0,0.0,0.0,0.0,0.0,0.0,0.0,0.07412493166611013,0.0,0.0,0.0,0.18156825980064073,0.0,0.08770580193070293,0.0,0.0,0.0,0.15848577035006547,0.0,0.0,0.0,0.0,0.0,0.05913123959890826,0.0,0.0,0.052414241836095915,0.0,0.06362847629757777,0.0,0.0,0.30261376633440124,0.0,0.0,0.0,0.16641005886756877,0.0,0.0,0.0,0.11766968108291043,0.0,0.0,0.07412493166611013,0.0,0.0,0.0,0.15191090506255,0.0,0.0,0.0,0.0,0.0,0.0,0.0,0.0,0.20801257358446093,0.0,0.0,0.0,0.11766968108291043,0.0,0.0,0.0,0.0,0.11766968108291043,0.0,0.0,0.0,0.0,0.0,0.13497638119975428,0.11826247919781652,0.0,0.0,0.18156825980064073,0.0,0.05913123959890826,0.0,0.0,0.0,0.11766968108291043,0.11766968108291043,0.0,0.056613851707229795,0.0,0.0,0.0,0.0,0.0,0.0,0.03922322702763681,0.042796049251091296,0.0,0.0,0.0,0.043852900965351466,0.0,0.040893041005476534,0.0,0.0,0.0,1.0,0.05547001962252292,0.1823843010350213,0.0,0.0,0.0,0.05063696835418333,0.23076923076923078,0.0,0.0,0.0,0.0,0.0,0.0,0.0,0.0,0.0,0.0,0.0,0.0,0.10878565864408425,0.0,0.0,0.0,0.0,0.0,0.0,0.0,0.07844645405527362,0.0,0.0,0.06201736729460423,0.0,0.0,0.0,0.0,0.052414241836095915,0.11766968108291043,0.0,0.08178608201095307,0.0,0.0,0.0,0.0,0.0,0.0,0.0,0.0,0.0,0.1386750490563073,0.0,0.15384615384615385,0.0,0.0,0.0,0.0,0.0,0.0,0.16724840200141816,0.19611613513818404,0.0,0.16641005886756877,0.0,0.0,0.14269544824634822,0.0,0.0,0.0,0.11766968108291043,0.0,0.0,0.0,0.0,0.0,0.0,0.0,0.0,0.0,0.06362847629757777,0.0,0.03922322702763681,0.0,0.0,0.0,0.0,0.0,0.0,0.0,0.0,0.0,0.0,0.0,0.0,0.0,0.0,0.0,0.0,0.0,0.0,0.0,0.12267912301642961,0.0
herb281,0.0,0.32795663669996916,0.2514474228374849,0.0,0.0,0.0282842712474619,0.0,0.08340576562282992,0.0,0.0,0.04000000000000001,0.0,0.0,0.2160246899469287,0.1979898987322333,0.0,0.19999999999999998,0.0,0.06030226891555273,0.2595542738092201,0.0,0.0,0.030499714066520935,0.2213594362117866,0.3286335345030996,0.0565685424949238,0.0,0.0,0.0,0.0,0.19798989873223333,0.0282842712474619,0.1414213562373095,0.28736848324283987,0.0,0.0,0.0,0.06030226891555273,0.24399771253216748,0.0,0.0,0.0,0.27456258919345766,0.1131370849898476,0.0,0.0,0.0,0.6260990336999411,0.35,0.0,0.03333333333333333,0.1414213562373095,0.0,0.2811127713994909,0.0,0.2262741699796952,0.0,0.0,0.0,0.3286335345030996,0.0,0.0,0.264575131106459,0.0,0.14368424162141993,0.19798989873223333,0.282842712474619,0.031234752377721216,0.0,0.26666666666666666,0.3336230624913197,0.1392621247645583,0.0,0.06666666666666667,0.28736848324283987,0.0,0.0,0.0,0.2846049894151542,0.14744195615489714,0.0565685424949238,0.0,0.0,0.2262741699796952,0.0,0.0,0.037139067635410375,0.5964809080634607,0.0,0.0,0.0282842712474619,0.0282842712474619,0.23590712984783543,0.0,0.06099942813304187,0.0,0.0,0.06666666666666667,0.0,0.4264014327112209,0.0,0.0,0.0,0.07184212081070997,0.0,0.0,0.044721359549995794,0.0,0.0,0.08728715609439697,0.0,0.0,0.2042109880970524,0.0,0.0,0.38805700005813276,0.3055050463303894,0.0,0.0,0.3670651741928988,0.23333333333333334,0.0,0.0,0.0,0.41311822359545775,0.34914862437758787,0.0,0.0,0.1264911064067352,0.0,0.0,0.0,0.11428571428571428,0.0,0.0,0.0,0.0,0.0,0.0,0.0,0.0,0.0,0.0,0.0,0.0,0.0,0.0,0.3837612894400988,0.0,0.1979898987322333,0.0,0.0,0.0,0.0,0.19798989873223333,0.03592106040535498,0.04170288281141496,0.053452248382484885,0.0,0.0,0.1192569587999888,0.0,0.0,0.04170288281141496,0.0,0.0,0.04264014327112209,0.0,0.16970562748477142,0.0,0.1,0.0,0.41311822359545775,0.0,0.0,0.0,0.0,0.0,0.0,0.28284271247461906,0.08944271909999159,0.0,0.34914862437758787,0.0,0.0,0.0,0.08528028654224418,0.0,0.0,0.0,0.1979898987322333,0.0,0.0282842712474619,0.0,0.25620504608813943,0.19798989873223333,0.19798989873223333,0.0,0.08164965809277262,0.3394112549695429,0.0,0.0,0.0,0.0,0.0,0.2262741699796952,0.06172133998483677,0.0,0.0,0.0,0.09486832980505139,0.0,0.17693034738587657,0.0,0.0282842712474619,0.0,0.05547001962252292,1.0,0.0,0.12977713690461004,0.427617987059879,0.0,0.03651483716701107,0.11094003924504584,0.05773502691896259,0.2599734734478726,0.11338934190276817,0.0,0.2086996778999804,0.0,0.0,0.0,0.05547001962252292,0.0,0.0,0.0,0.07844645405527362,0.0,0.2773500981126146,0.0,0.4000000000000001,0.43817804600413285,0.25620504608813943,0.0,0.16970562748477142,0.32998316455372223,0.0,0.0,0.0,0.0,0.0,0.0,0.264575131106459,0.0282842712474619,0.22857142857142856,0.23590712984783543,0.3753259453027346,0.22417941532712202,0.03651483716701107,0.0,0.2301585822275002,0.0,0.0,0.28,0.0,0.0,0.2694301256218254,0.0,0.0,0.0,0.43643578047198484,0.04264014327112209,0.0,0.0,0.0,0.0282842712474619,0.047140452079103175,0.08000000000000002,0.0,0.0,0.06859943405700353,0.0,0.0,0.0,0.0,0.0,0.0,0.0,0.0,0.0,0.0,0.0,0.0,0.0282842712474619,0.3670651741928988,0.0,0.19798989873223333,0.0,0.2213594362117866,0.0,0.0,0.0,0.243708718337977,0.03244428422615251,0.0,0.0,0.0,0.1979898987322333,0.0,0.0,0.0,0.27456258919345766,0.22710998958306755,0.0,0.0,0.0,0.0,0.3055050463303894
herb282,0.2537477434955704,0.0,0.0,0.7612432304867112,0.0,0.0,0.0,0.0,0.0,0.0,0.13151918984428584,0.11028219331407116,0.10762440050012628,0.6088155473182093,0.06974858324629157,0.0,0.0,0.04109974682633932,0.0,0.0,0.0,0.0,0.07521183158458504,0.0,0.12006004503753284,0.0,0.02702702702702703,0.0,0.09004503377814962,0.28776068262670096,0.0,0.06974858324629157,0.06974858324629157,0.0885807893036239,0.03287979746107146,0.0,0.0,0.04956815970966097,0.0,0.03287979746107146,0.0949157995752499,0.6669240172520741,0.0,0.1162476387438193,0.09004503377814962,0.34874291623145787,0.14237369936287486,0.036760731104690386,0.0,0.0,0.0,0.023249527748763855,0.0,0.0,0.6758378183830472,0.0,0.0,0.18641092980036,0.20549873413169661,0.0,0.0,0.0,0.09320546490018,0.0,0.0,0.06974858324629157,0.0,0.0,0.25310879886733306,0.0,0.0,0.08585457105482137,0.2579303520876644,0.27399831217559545,0.0,0.0,0.0,0.12734290799340264,0.025993762245501817,0.024239308278185982,0.06974858324629157,0.0,0.04649905549752771,0.0,0.04109974682633932,0.0,0.2442250043490654,0.0,0.0885807893036239,0.1162476387438193,0.04649905549752771,0.09299811099505542,0.0,0.0,0.07521183158458504,0.08718572905786445,0.5871392403762761,0.08219949365267865,0.6303152364470475,0.0,0.0885807893036239,0.0,0.0,0.0,0.07352146220938079,0.09299811099505542,0.11028219331407116,0.17937400083354382,0.0,0.0,0.0,0.04649905549752771,0.047960113771116836,0.5753964555687505,0.03163859985841663,0.0,0.0,0.08219949365267865,0.2122381799890044,0.0,0.0,0.10514994558491725,0.0,0.0,0.0,0.17937400083354382,0.2869984013336701,0.0,0.0,0.0,0.07271792483455794,0.0,0.09394227846020416,0.1743714581157289,0.1526406277181659,0.15499685165842572,0.0,0.10514994558491725,0.0,0.0,0.0,0.06213697660012,0.023980056885558418,0.18857857160117855,0.0,0.0,0.10762440050012628,0.0,0.5327136039034331,0.0,0.09863939238321438,0.1487044791289829,0.0,0.0,0.06974858324629157,0.0,0.0,0.13181243254912406,0.23692415692169536,0.10514994558491725,0.0,0.0,0.13678822577626598,0.10283867552865915,0.0,0.0,0.1752499093081954,0.0,0.0,0.06213697660012,0.08219949365267865,0.0,0.0,0.5347391382215687,0.0,0.0,0.1283740414907742,0.1342312110428049,0.0,0.11624763874381928,0.036760731104690386,0.720360270225197,0.0,0.07435223956449145,0.06974858324629157,0.1600142241187995,0.3504998186163908,0.10762440050012628,0.5114896104728048,0.10762440050012628,0.0,0.0,0.0,0.1076244005001263,0.0,0.023249527748763855,0.06974858324629157,0.2847473987257497,0.0,0.06974858324629157,0.0,0.0,0.0,0.02632490632463282,0.0,0.06974858324629157,0.0,0.0,0.0,0.57186276940104,0.0,0.0,0.0,0.6088155473182093,0.4417410272265133,0.0,0.1823843010350213,0.0,1.0,0.0,0.0,0.0,0.09004503377814962,0.13678822577626598,0.5932237473453119,0.0,0.0,0.0,0.024507154069793594,0.0,0.0,0.0,0.0,0.16979054399120352,0.0,0.0,0.03224129401095805,0.0,0.0,0.0885807893036239,0.0,0.0,0.0,0.047457899787624956,0.0,0.0,0.20134681656420733,0.0,0.09863939238321438,0.06974858324629157,0.11624763874381927,0.06974858324629157,0.0,0.0,0.0,0.0,0.0,0.0,0.09004503377814962,0.162746694241347,0.21621621621621623,0.5204656769514402,0.0,0.19727878476642874,0.22305671869347435,0.0,0.0,0.09119215051751065,0.0,0.09004503377814962,0.0,0.14019992744655632,0.48824008272404107,0.1526406277181659,0.09913631941932194,0.04649905549752771,0.0,0.0,0.08585457105482137,0.0,0.0,0.0,0.0,0.1162476387438193,0.18599622199011084,0.0,0.0,0.11961783342433499,0.0,0.0,0.07610194341477615,0.13678822577626598,0.10283867552865915,0.0,0.0,0.16216216216216217,0.0,0.2747531298926986,0.0,0.03287979746107146,0.0,0.06974858324629157,0.0,0.13334518676566626,0.0,0.0,0.0,0.48824008272404107,0.0,0.1144727614064285,0.10514994558491725,0.0,0.0,0.0,0.5675675675675675,0.11961783342433499,0.14543584966911588,0.10762440050012628
herb283,0.0,0.14509525002200235,0.0,0.0,0.0,0.0,0.0,0.13530201829834768,0.040555355282690636,0.0,0.0,0.36273812505500586,0.0,0.025031308716087945,0.02294157338705618,0.0,0.0,0.0,0.0,0.0,0.0,0.0,0.0,0.0,0.2073221072156823,0.0,0.0,0.0,0.2665569949915915,0.1419745572840903,0.0,0.0,0.02294157338705618,0.02913582733740325,0.0,0.0,0.0,0.0,0.0,0.0,0.06243905410544627,0.0,0.0,0.0,0.0,0.11470786693528089,0.14048787173725413,0.14509525002200233,0.0,0.0,0.10814761408717502,0.02294157338705618,0.0,0.050669459193814,0.0,0.0,0.35993701653267807,0.0,0.0,0.23693955110363693,0.0,0.0,0.0,0.0,0.116543309349613,0.0,0.04588314677411236,0.076004188790721,0.0,0.0,0.0,0.11295649894498103,0.0,0.0,0.0,0.0,0.11164843913471803,0.0,0.17954621161490197,0.0,0.13764944032233706,0.0,0.0,0.06882472016116853,0.12166606584807191,0.0,0.0,0.18608073189119673,0.0,0.1147078669352809,0.0,0.0,0.04783648732349399,0.0,0.0,0.057353933467640436,0.0,0.3244428422615251,0.08885233166386385,0.17292861596651865,0.2622224460366293,0.0,0.0,0.02913582733740325,0.0,0.0,0.0,0.0,0.0,0.0,0.03823595564509363,0.02294157338705618,0.0,0.0,0.0,0.0,0.0,0.0,0.0,0.0,0.08111071056538127,0.0,0.0,0.0,0.0,0.0,0.14159846508095775,0.14350946197048198,0.051298917604257706,0.07443229275647868,0.04783648732349399,0.0,0.023174488732966077,0.0,0.0,0.2294157338705618,0.0,0.0,0.0,0.03627381250550058,0.0,0.0,0.0,0.14886458551295736,0.13530201829834768,0.0,0.0,0.13834289277321493,0.0,0.0,0.0,0.0,0.16222142113076254,0.0,0.0,0.0,0.0,0.0,0.0,0.0,0.1934603333626698,0.05923488777590923,0.0,0.06765100914917384,0.0,0.0,0.0,0.0,0.0,0.0,0.040555355282690636,0.0,0.0,0.0,0.02294157338705618,0.0,0.0,0.0,0.0,0.2064741604835056,0.14509525002200233,0.0,0.10619884881071831,0.0,0.0,0.0,0.0,0.0,0.0,0.0,0.0,0.6917144638660746,0.04588314677411236,0.0,0.0,0.0,0.0,0.0,0.5298129428260175,0.09176629354822471,0.0,0.15737789507292674,0.0,0.0,0.0,0.0,0.025031308716087945,0.0,0.0,0.0,0.10259783520851541,0.0,0.11959121830873498,0.0,0.0,0.0,0.0,0.12977713690461004,0.0,1.0000000000000002,0.0,0.0,0.05923488777590923,0.0,0.046829290579084706,0.0,0.0,0.0,0.0,0.0,0.0,0.0,0.13497638119975428,0.0,0.16943474841747153,0.0,0.0,0.023918243661746996,0.0,0.0,0.0,0.0,0.025976216673306556,0.0,0.0,0.0,0.0,0.0,0.06488856845230502,0.06882472016116853,0.0,0.0,0.15328483487124145,0.0,0.06952346619889824,0.0,0.27060403659669535,0.0,0.0,0.0,0.0,0.14673479641335554,0.0,0.0,0.0,0.0,0.0,0.0,0.0,0.05923488777590923,0.0,0.0,0.1147078669352809,0.0,0.0,0.04588314677411236,0.1147078669352809,0.09733285267845754,0.05647824947249051,0.0,0.0,0.0,0.10814761408717502,0.0,0.13764944032233706,0.0,0.0,0.0,0.0,0.04188539082916955,0.0,0.0,0.10147651372376076,0.0,0.0,0.0,0.0,0.0,0.0,0.0,0.0,0.04588314677411236,0.0,0.0,0.0,0.0,0.023918243661746996,0.0,0.0,0.0,0.0,0.0,0.0,0.0,0.0,0.0,0.0,0.0
herb284,0.0,0.27888667551135854,0.33601075251612356,0.0,0.0,0.03779644730092272,0.0,0.0,0.0,0.0,0.0,0.0,0.0,0.28867513459481287,0.264575131106459,0.0,0.2672612419124244,0.0,0.0,0.43355498476206006,0.0,0.0,0.04075695729696112,0.29580398915498085,0.0,0.03779644730092272,0.0,0.0,0.0,0.0,0.264575131106459,0.03779644730092272,0.1889822365046136,0.3840122885898555,0.0,0.0,0.0,0.0,0.32605565837568895,0.0,0.0,0.0,0.36689969285267143,0.15118578920369088,0.0,0.0,0.0,0.0,0.46770717334674267,0.0,0.0445435403187374,0.1889822365046136,0.0,0.2921743548953888,0.0,0.30237157840738177,0.0,0.0,0.0,0.0,0.0,0.0,0.35355339059327373,0.0,0.0,0.264575131106459,0.0,0.04173919355648411,0.0,0.3563483225498992,0.4458225700602823,0.0,0.0,0.0,0.3840122885898555,0.0,0.0,0.0,0.0,0.0,0.0,0.0,0.0,0.0,0.0,0.0,0.049629166698546515,0.0,0.0,0.0,0.03779644730092272,0.03779644730092272,0.3152441624956403,0.0,0.08151391459392224,0.0,0.0,0.0890870806374748,0.0,0.0,0.0,0.0,0.0,0.0,0.0,0.0,0.05976143046671968,0.0,0.0,0.11664236870396087,0.0,0.0,0.038984058779272523,0.0,0.0,0.7130240959073808,0.4082482904638631,0.0,0.0,0.49051147158797265,0.31180478223116176,0.0,0.0,0.0,0.8970852271450606,0.4665694748158435,0.0,0.0,0.0,0.0,0.0,0.0,0.07636035483212125,0.0,0.0,0.0,0.24174688920761409,0.0,0.0,0.0,0.0,0.0,0.0,0.0,0.0,0.0,0.0,0.0,0.0,0.264575131106459,0.0,0.0,0.0,0.0,0.264575131106459,0.048001536073731935,0.05572782125753529,0.0,0.0,0.0,0.0,0.0,0.0,0.05572782125753529,0.0,0.0,0.05698028822981897,0.0,0.2267786838055363,0.0,0.0,0.253546276418555,0.966091783079296,0.0,0.0,0.0,0.0,0.0,0.0,0.264575131106459,0.0,0.0,0.4665694748158435,0.0,0.0,0.130066495428618,0.0,0.0,0.0,0.0,0.264575131106459,0.0,0.03779644730092272,0.0,0.29957234475763905,0.264575131106459,0.264575131106459,0.0,0.0,0.2267786838055363,0.0,0.0,0.0,0.0,0.0,0.30237157840738177,0.0,0.0,0.0,0.0,0.0,0.0,0.0,0.0,0.0,0.0,0.0,0.427617987059879,0.0,0.0,1.0,0.0,0.0,0.14824986333222026,0.07715167498104597,0.34740416688982556,0.1515228816828316,0.0,0.27888667551135854,0.0,0.0,0.0,0.07412493166611013,0.0,0.0,0.0,0.0,0.0,0.0,0.0,0.427617987059879,0.39036002917941326,0.34236839400873037,0.0,0.2267786838055363,0.44095855184409843,0.0,0.0,0.0,0.0,0.0,0.0,0.050507627227610534,0.03779644730092272,0.305441419328485,0.3152441624956403,0.0,0.29957234475763905,0.04879500364742666,0.0,0.3075623426146228,0.0,0.0,0.37416573867739417,0.0,0.0,0.3600411499115478,0.0,0.0,0.0,0.4082482904638631,0.05698028822981897,0.0,0.0,0.0,0.03779644730092272,0.06299407883487121,0.10690449676496977,0.0,0.0,0.09166984970282112,0.0,0.0,0.0,0.0,0.0,0.0,0.0,0.0,0.0,0.0,0.0,0.0,0.03779644730092272,0.49051147158797265,0.0,0.264575131106459,0.0,0.29580398915498085,0.0,0.0,0.0,0.32566947363946486,0.043355498476206004,0.0,0.0,0.0,0.264575131106459,0.0,0.0,0.0,0.36689969285267143,0.303488489333442,0.0,0.0,0.0,0.0,0.4082482904638631
herb285,0.0,0.0,0.0,0.0,0.0,0.0,0.0,0.0,0.0,0.0,0.0,0.0,0.0,0.0,0.0,0.0,0.0,0.0,0.0,0.0,0.0,0.0,0.0,0.0,0.0,0.0,0.0,0.0,0.0,0.0,0.1414213562373095,0.0,0.0,0.0,0.0,0.0,0.0,0.0,0.0,0.0,0.0,0.0,0.0,0.0,0.0,0.0,0.0,0.0,0.0,0.0,0.0,0.0,0.0,0.0,0.0,0.0,0.0,0.0,0.0,0.0,0.0,0.0,0.0,0.0,0.0,0.0,0.0,0.0,0.0,0.0,0.0,0.0,0.0,0.0,0.0,0.0,0.0,0.0,0.0,0.0,0.0,0.0,0.0,0.0,0.0,0.0,0.0,0.0,0.0,0.0,0.0,0.0,0.0,0.0,0.0,0.0,0.0,0.0,0.0,0.0,0.0,0.0,0.0,0.0,0.0,0.0,0.0,0.0,0.0,0.0,0.0,0.0,0.0,0.0,0.0,0.0,0.0,0.0,0.0,0.0,0.0,0.0,0.0,0.0,0.0,0.0,0.0,0.0,0.0,0.0,0.0,0.0,0.0,0.0,0.0,0.0,0.0,0.0,0.0,0.0,0.0,0.0,0.0,0.0,0.0,0.0,0.0,0.0,0.0,0.0,0.0,0.0,0.0,0.0,0.0,0.0,0.0,0.0,0.0,0.0,0.0,0.0,0.0,0.0,0.0,0.0,0.0,0.0,0.0,0.0,0.0,0.0,0.0,0.0,0.0,0.0,0.0,0.0,0.0,0.0,0.0,0.0,0.0,0.0,0.0,0.0,0.0,0.0,0.0,0.0,0.0,0.0,0.0,0.0,0.0,0.0,0.0,0.0,0.0,0.0,0.0,0.0,0.0,0.0,0.0,0.0,0.0,0.0,0.0,0.0,0.0,0.0,0.0,0.0,0.0,0.0,0.0,0.0,0.0,0.0,0.0,1.0,0.0,0.0,0.0,0.0,0.0,0.0,0.0,0.0,0.0,0.0,0.0,0.0,0.0,0.0,0.0,0.0,0.0,0.0,0.0,0.0,0.0,0.0,0.0,0.0,0.0,0.0,0.0,0.0,0.0,0.0,0.0,0.0,0.0,0.0,0.0,0.0,0.0,0.0,0.0,0.0,0.0,0.0,0.0,0.0,0.0,0.0,0.0,0.0,0.0,0.0,0.0,0.0,0.0,0.0,0.0,0.0,0.0,0.0,0.0,0.0,0.0,0.0,0.0,0.0,0.0,0.0,0.0,0.0,0.0,0.0,0.0,0.0,0.0,0.0,0.0,0.0,0.0,0.0,0.0,0.0,0.17407765595569785,0.0,0.0,0.0,0.0,0.0,0.0,0.0,0.0,0.0,0.0,0.0,0.0,0.0,0.0,0.0
herb287,0.21917850187980228,0.16329931618554522,0.0,0.0939336436627724,0.0,0.05163977794943222,0.0,0.26648544566940835,0.3195048252113469,0.05504818825631803,0.03651483716701107,0.0,0.0,0.28171808490950556,0.07745966692414832,0.0,0.0521640530957301,0.0,0.2201927530252721,0.0,0.0,0.0,0.13921151159742612,0.0,0.0,0.0,0.0,0.0,0.06666666666666665,0.05326236412913074,0.0,0.10327955589886444,0.0,0.0,0.0,0.0,0.0,0.11009637651263605,0.0,0.0,0.10540925533894599,0.0,0.0,0.07745966692414832,0.0,0.05163977794943222,0.0,0.0816496580927726,0.04564354645876384,0.0,0.0,0.0,0.0,0.0,0.20207259421636903,0.0,0.0,0.20701966780270623,0.0,0.2666666666666666,0.0,0.0,0.10350983390135311,0.0,0.0,0.0,0.0,0.08553989227683015,0.0,0.18257418583505536,0.0,0.09534625892455922,0.2506402059138015,0.1217161238900369,0.09837387536759293,0.04714045207910316,0.0837707816583391,0.18856180831641264,0.0,0.16151457061744964,0.05163977794943222,0.0,0.0,0.0,0.13693063937629152,0.0,0.0,0.0837707816583391,0.09837387536759293,0.04303314829119352,0.0,0.02581988897471611,0.1884336657203579,0.0,0.0,0.1936491673103708,0.02608202654786505,0.06085806194501845,0.06666666666666665,0.03892494720807614,0.0,0.0,0.0,0.032791291789197645,0.10886621079036347,0.02581988897471611,0.0,0.0,0.0,0.0,0.0,0.0,0.10652472825826148,0.0,0.07027283689263066,0.0,0.0,0.1217161238900369,0.0,0.0,0.06085806194501845,0.19462473604038072,0.0,0.0,0.0,0.0,0.03984095364447979,0.0,0.057735026918962574,0.0,0.053838190205816545,0.0,0.0521640530957301,0.12909944487358055,0.0,0.0,0.0,0.11677484162422842,0.0,0.0,0.0,0.0,0.0,0.0,0.0761386987626881,0.0,0.0,0.07784989441615228,0.0,0.0,0.1460593486680443,0.0,0.18257418583505536,0.0,0.07745966692414832,0.0,0.0,0.19518001458970663,0.0,0.11677484162422842,0.1905158688831361,0.0,0.20254787341673333,0.1522773975253762,0.0,0.02581988897471611,0.0,0.40509574683346666,0.02581988897471611,0.0,0.18257418583505536,0.0,0.0,0.10327955589886444,0.0,0.0,0.0,0.0,0.0,0.18073922282301275,0.0,0.09999999999999998,0.07968190728895957,0.11009637651263605,0.07745966692414832,0.08885233166386385,0.07784989441615228,0.11952286093343936,0.0,0.0,0.0,0.0,0.02581988897471611,0.0,0.0,0.0,0.07745966692414832,0.0,0.037267799624996496,0.05163977794943222,0.0,0.08856148855400953,0.0,0.0,0.0,0.10327955589886444,0.02817180849095055,0.06780635036208103,0.0,0.0,0.08660254037844387,0.0,0.026919095102908273,0.0,0.0,0.0,0.05063696835418333,0.03651483716701107,0.09004503377814962,0.05923488777590923,0.0,0.0,0.9999999999999998,0.0,0.0,0.0,0.0,0.0,0.0,0.0,0.12909944487358055,0.0,0.10127393670836667,0.0,0.19069251784911845,0.0,0.03580574370197164,0.026919095102908273,0.0,0.09837387536759293,0.21908902300206645,0.0,0.0,0.0,0.02581988897471611,0.04303314829119352,0.223606797749979,0.0,0.07302967433402215,0.12909944487358055,0.0,0.07745966692414832,0.10350983390135311,0.0,0.0,0.0,0.26648544566940835,0.0,0.09999999999999998,0.0,0.09004503377814962,0.0,0.0,0.10954451150103323,0.05504818825631803,0.0,0.07027283689263066,0.0,0.0,0.06666666666666665,0.0,0.0,0.05163977794943222,0.0,0.0,0.0,0.0,0.0,0.06356417261637282,0.0,0.0,0.0,0.1217161238900369,0.0,0.0,0.0,0.0,0.1328422328310143,0.1721325931647741,0.04714045207910316,0.1126872339638022,0.0,0.22841609628806428,0.02581988897471611,0.0,0.0,0.0,0.06780635036208103,0.028867513459481287,0.0,0.0,0.15491933384829665,0.0,0.0,0.0,0.033333333333333326,0.053838190205816545,0.0,0.0,0.0,0.11677484162422842,0.0,0.0,0.0,0.06003002251876642,0.4428074427700477,0.0,0.11952286093343936
herb288,0.19026059766179762,0.08268982305947231,0.09962709627734359,0.0,0.0,0.0,0.0,0.0,0.0,0.0,0.16641005886756877,0.2480694691784169,0.24209101306752098,0.08559209850218259,0.23533936216582085,0.0,0.07924288517503274,0.0,0.0,0.08998425413316952,0.0,0.0,0.0,0.08770580193070293,0.0,0.11766968108291043,0.0,0.0,0.0,0.0,0.03922322702763681,0.0,0.07844645405527362,0.29888128883203074,0.0,0.0,0.0,0.08362420100070908,0.33836394755025084,0.05547001962252292,0.0,0.0,0.10878565864408425,0.07844645405527362,0.0,0.0,0.3202563076101743,0.06201736729460423,0.1386750490563073,0.0,0.0,0.0,0.0,0.086629616364842,0.08770580193070293,0.07844645405527362,0.0,0.0,0.0,0.0,0.0,0.0,0.10482848367219183,0.0,0.0,0.27456258919345766,0.0,0.0,0.21350420507344953,0.09245003270420485,0.11566298639324805,0.0,0.0,0.1849000654084097,0.09962709627734359,0.0,0.0,0.0,0.0,0.0,0.15689290811054724,0.0,0.03922322702763681,0.0,0.0,0.0,0.2575131013123024,0.0,0.0,0.2614881801842454,0.31378581622109447,0.27456258919345766,0.3680373690492888,0.0,0.33836394755025084,0.0,0.0,0.6009252125773316,0.0,0.0,0.0,0.0,0.0,0.0,0.0,0.0,0.31008683647302115,0.0,0.0,0.48418202613504197,0.0,0.0,0.12136700910941023,0.0,0.0,0.1345345587992625,0.12104550653376049,0.0,0.0,0.12725695259515554,0.09245003270420485,0.0,0.0,0.0,0.14322297480788657,0.12104550653376049,0.24209101306752098,0.0,0.0,0.0,0.0,0.0,0.5150787536377128,0.0,0.0,0.0,0.0,0.0,0.0,0.0,0.0,0.052414241836095915,0.0,0.06362847629757777,0.0,0.0,0.18156825980064073,0.0,0.0,0.3530090432487313,0.0,0.0,0.0,0.0,0.03922322702763681,0.049813548138671795,0.05783149319662403,0.0,0.0,0.0,0.0,0.0,0.0,0.05783149319662403,0.0,0.0,0.05913123959890826,0.0,0.11766968108291043,0.0,0.1386750490563073,0.0,0.14322297480788657,0.0,0.0,0.0,0.0,0.0,0.0,0.07844645405527362,0.0,0.0,0.12104550653376049,0.0,0.0,0.17996850826633903,0.05913123959890826,0.0,0.0,0.24209101306752098,0.31378581622109447,0.0,0.0,0.0,0.0888231183368655,0.03922322702763681,0.03922322702763681,0.0,0.0,0.03922322702763681,0.0,0.0,0.0,0.0,0.0,0.07844645405527362,0.0,0.0,0.0,0.0,0.0,0.0,0.0,0.0,0.0,0.0,0.23076923076923078,0.11094003924504584,0.13678822577626598,0.0,0.14824986333222026,0.0,0.0,1.0,0.3602883460614461,0.10300524052492095,0.10482848367219183,0.0,0.08268982305947231,0.0,0.0,0.0,0.07692307692307693,0.0,0.0,0.0,0.054392829322042126,0.0,0.0,0.0,0.11094003924504584,0.10127393670836667,0.0888231183368655,0.0,0.03922322702763681,0.1307440900921227,0.0,0.0,0.0,0.0,0.0,0.0,0.0,0.27456258919345766,0.07924288517503274,0.08178608201095307,0.0,0.0888231183368655,0.05063696835418333,0.0,0.09119215051751065,0.0,0.0,0.11094003924504584,0.0,0.0,0.10675210253672476,0.23076923076923078,0.0,0.0,0.12104550653376049,0.0,0.0,0.0,0.16724840200141816,0.3922322702763681,0.0,0.4437601569801834,0.0,0.0,0.38052119532359524,0.0,0.0,0.0,0.15689290811054724,0.0,0.0,0.0,0.0,0.0,0.0,0.0,0.0,0.0,0.12725695259515554,0.0,0.03922322702763681,0.0,0.3508232077228117,0.0,0.0,0.0,0.09656090991705353,0.0,0.0,0.0,0.0,0.07844645405527362,0.0,0.0,0.0,0.10878565864408425,0.08998425413316952,0.0,0.0,0.0,0.16357216402190614,0.12104550653376049
herb290,0.09901475429766743,0.04303314829119353,0.05184758473652127,0.5940885257860047,0.0,0.0,0.0,0.0,0.0,0.21759706994462233,0.0,0.06454972243679029,0.0,0.5122507136654801,0.040824829046386304,0.0,0.04123930494211613,0.036084391824351615,0.0,0.046829290579084706,0.024397501823713332,0.0,0.0,0.04564354645876385,0.13176156917368248,0.08164965809277261,0.0,0.0,0.15811388300841897,0.2526455763199557,0.020412414523193152,0.08164965809277261,0.08164965809277261,0.05184758473652127,0.0,0.0,0.0,0.0,0.1760901812651248,0.0,0.0,0.6587325492402598,0.056613851707229795,0.08164965809277261,0.10540925533894598,0.3470110468942836,0.0,0.0,0.07216878364870323,0.0,0.0,0.06123724356957946,0.0,0.09016696346674324,0.5249007842757843,0.040824829046386304,0.08006407690254358,0.0,0.2165063509461097,0.0,0.0,0.0,0.0545544725589981,0.0,0.0,0.2041241452319315,0.0,0.0,0.16666666666666669,0.048112522432468816,0.06019292654288461,0.0,0.2264554068289192,0.16839382851364088,0.05184758473652127,0.0,0.033113308926626096,0.14907119849998599,0.0,0.021281413268968718,0.040824829046386304,0.0,0.06123724356957946,0.0,0.036084391824351615,0.0,0.18761969359661412,0.0,0.0,0.0,0.14288690166235207,0.2041241452319315,0.19153271942071845,0.0,0.2641352718976872,0.10206207261596577,0.4330127018922194,0.2646188733785785,0.6061032181989395,0.0,0.15554275420956382,0.0,0.0,0.0,0.08606629658238706,0.06123724356957946,0.032274861218395144,0.18898223650461363,0.03500700210070025,0.25197631533948484,0.0,0.0,0.021053798026662976,0.5532940079733913,0.0,0.0700140042014005,0.06299407883487121,0.09622504486493764,0.223606797749979,0.06622661785325219,0.048112522432468816,0.030772872744833184,0.0,0.0,0.07453559924999299,0.25197631533948484,0.25197631533948484,0.042562826537937436,0.0,0.0,0.08512565307587487,0.0,0.1855768722395226,0.15309310892394865,0.16081688022566926,0.23814483610392012,0.0,0.0,0.0,0.0,0.0,0.02727723627949905,0.0,0.19867985355975656,0.0,0.0,0.031497039417435604,0.0,0.5122507136654803,0.1837117307087384,0.11547005383792518,0.10879853497231116,0.0,0.0,0.020412414523193152,0.025923792368260635,0.06019292654288461,0.0,0.1386750490563073,0.0,0.0,0.0,0.16012815380508716,0.12038585308576923,0.0,0.0,0.21541010921383227,0.04003203845127179,0.08164965809277261,0.0,0.0,0.0,0.07453559924999299,0.5103103630798288,0.0,0.0,0.09016696346674324,0.14731391274719743,0.0,0.18371173070873836,0.032274861218395144,0.5533985905294665,0.06299407883487121,0.08703882797784894,0.0,0.0,0.1846372364689991,0.0,0.4898979485566356,0.0,0.16329931618554522,0.06154574548966637,0.0,0.12598815766974242,0.04622501635210243,0.020412414523193152,0.020412414523193152,0.16666666666666669,0.0,0.08164965809277261,0.0,0.0,0.0,0.0,0.0,0.1224744871391589,0.0,0.0,0.0,0.5249007842757843,0.0,0.0,0.0,0.601337794302955,0.408248290463863,0.0,0.0,0.05773502691896259,0.5932237473453119,0.046829290579084706,0.07715167498104597,0.0,0.0,0.3602883460614461,1.0,0.05360562674188975,0.0545544725589981,0.0,0.08606629658238706,0.0,0.0,0.0,0.04003203845127179,0.18633899812498247,0.0,0.0,0.0,0.0,0.0,0.0,0.05773502691896259,0.052704627669472995,0.04622501635210243,0.04166666666666668,0.020412414523193152,0.06804138174397718,0.0,0.0,0.11547005383792518,0.0,0.08164965809277261,0.0,0.0,0.14288690166235207,0.04123930494211613,0.042562826537937436,0.0,0.04622501635210243,0.026352313834736497,0.10206207261596575,0.16610264925668733,0.5439926748615558,0.0,0.17320508075688776,0.1305582419667734,0.0,0.055555555555555566,0.0,0.0,0.10540925533894598,0.06299407883487121,0.15386436372416593,0.46948553403344245,0.16081688022566926,0.0,0.14288690166235207,0.0,0.23094010767585033,0.10050378152592122,0.0,0.19802950859533486,0.0,0.0,0.13608276348795437,0.08164965809277261,0.0,0.024753688574416857,0.0,0.03402069087198859,0.0,0.08908708063747482,0.16012815380508716,0.12038585308576923,0.040824829046386304,0.06622661785325219,0.16610264925668736,0.020412414523193152,0.16081688022566926,0.1825741858350554,0.028867513459481294,0.0,0.08164965809277261,0.05025189076296061,0.14048787173725413,0.0,0.0,0.0,0.5103103630798287,0.0,0.10050378152592122,0.0,0.056613851707229795,0.046829290579084706,0.0,0.5220368976638744,0.0,0.08512565307587487,0.06299407883487121
herb294,0.0,0.2214546129433066,0.5002780094738026,0.0,0.0,0.02626128657194451,0.08213785172900903,0.0,0.0,0.0,0.0,0.0,0.0,0.2005738892714385,0.18382900600361157,0.0,0.39791858180796824,0.0,0.0,0.2108663315950723,0.0,0.0,0.02831827358942995,0.2055270768301462,0.0,0.02626128657194451,0.0,0.0,0.0,0.0,0.18382900600361157,0.02626128657194451,0.10504514628777804,0.23346307108777453,0.0,0.0,0.0,0.0,0.25486446230486953,0.0,0.0,0.0,0.43701422443753785,0.07878385971583353,0.0,0.0,0.0,0.0,0.32496684180984076,0.0,0.030949223029508643,0.10504514628777804,0.18015093964441797,0.31900813481115786,0.0,0.2100902925755561,0.0,0.0,0.0,0.0,0.0,0.0,0.2456518422202587,0.0,0.0,0.15756771943166706,0.0,0.02900073952828708,0.0,0.2166445612065605,0.3097612370649465,0.0,0.0,0.0,0.26681493838602804,0.0,0.0,0.0,0.0,0.0,0.0,0.0,0.0,0.0,0.0,0.0,0.034482758620689655,0.0,0.0,0.04376881095324086,0.07878385971583353,0.2626128657194451,0.3011721230063664,0.0,0.1132730943577198,0.0,0.0,0.06189844605901729,0.0,0.0,0.0,0.0,0.0,0.0,0.0,0.0,0.04152273992686998,0.0,0.09007546982220899,0.16208817969462155,0.0,0.0,0.0,0.0,0.0,0.3152641443777314,0.2836543144655877,0.0,0.0,0.29821002598961344,0.2166445612065605,0.0,0.0,0.0,0.33562431103976886,0.2836543144655877,0.0,0.0,0.0,0.0,0.0,0.0,0.0530558109077291,0.0,0.0,0.0,0.11197850219117086,0.0,0.0,0.0,0.0,0.0,0.0,0.0,0.0,0.0,0.0,0.0,0.0,0.18382900600361157,0.0,0.0,0.0,0.0,0.34139672543527866,0.033351867298253506,0.038720154633118314,0.0,0.0,0.0,0.0,0.0,0.0,0.038720154633118314,0.0,0.0,0.039590379123244784,0.0,0.13130643285972254,0.0,0.0,0.0,0.33562431103976886,0.0,0.0,0.0,0.0,0.0,0.0,0.2363515791475006,0.0,0.0,0.2836543144655877,0.0,0.0,0.0602475233128778,0.0,0.0,0.0,0.0,0.2363515791475006,0.0,0.0,0.0,0.2081453617075184,0.2888741522913896,0.2626128657194451,0.0,0.0,0.21009029257555606,0.0,0.0,0.0,0.0,0.0,0.36765801200722315,0.0,0.0,0.0,0.0,0.0,0.2262778643423326,0.0,0.0,0.0,0.0,0.0,0.2599734734478726,0.0,0.0,0.34740416688982556,0.0,0.0,0.10300524052492095,0.05360562674188975,1.0,0.10527936095153945,0.0,0.38754557265078654,0.0,0.0,0.0,0.051502620262460476,0.0,0.0,0.0,0.03641785203646149,0.0,0.0,0.0,0.2599734734478726,0.2373222262672836,0.26761546505252365,0.0,0.13130643285972254,0.306381676672686,0.0,0.0,0.0,0.02626128657194451,0.0,0.02626128657194451,0.0,0.07878385971583353,0.18569533817705186,0.21903427127735742,0.0,0.4162907234150368,0.03390317518104052,0.0,0.21369687880543226,0.0,0.0,0.297112541083283,0.0,0.0,0.2858966759567453,0.0,0.0,0.3390317518104052,0.2836543144655877,0.039590379123244784,0.0,0.0,0.0,0.07878385971583353,0.04376881095324086,0.07427813527082075,0.0,0.0,0.12738595105969638,0.0,0.0,0.0,0.0,0.0,0.06369297552984819,0.0,0.04376881095324086,0.0,0.0,0.0,0.0,0.02626128657194451,0.29821002598961344,0.0,0.34139672543527866,0.0,0.26424909878161656,0.0,0.0,0.02626128657194451,0.3879049103011416,0.0301237616564389,0.3872015463311832,0.0,0.027379283909669677,0.18382900600361157,0.0,0.0,0.0,0.43701422443753785,0.2409900932515112,0.0,0.0,0.0,0.0,0.4457424941602093
herb296,0.0,0.08451542547285165,0.1018266349953196,0.0,0.0,0.4008918628686366,0.0,0.0,0.0,0.0,0.0,0.0,0.0,0.11664236870396086,0.2939873661036668,0.0,0.08099238707340582,0.0,0.0,0.12262786789699316,0.0,0.0,0.25937568796690574,0.3286878675669582,0.0,0.05345224838248487,0.0,0.1709408646894569,0.0,0.0,0.32071349029490925,0.24053511772118194,0.026726124191242435,0.1018266349953196,0.0,0.0,0.0,0.0,0.31701472973732925,0.0,0.0,0.0,0.11118739749916517,0.026726124191242435,0.0,0.0,0.0,0.0,0.14173667737846019,0.0,0.28347335475692037,0.026726124191242435,0.0,0.0885422004151433,0.0,0.1336306209562122,0.0,0.0,0.0,0.0,0.0,0.0,0.24999999999999994,0.0,0.0,0.05345224838248487,0.0,0.26562660124542986,0.0,0.0944911182523068,0.11821656093586509,0.0,0.0,0.0,0.1018266349953196,0.0,0.0,0.0,0.0,0.0,0.0,0.0,0.0,0.0,0.0,0.0,0.2456518422202587,0.0,0.0,0.0,0.026726124191242435,0.026726124191242435,0.08359173188630292,0.0,0.05763904177042349,0.10022296571715912,0.0,0.0629940788348712,0.0,0.0,0.0,0.0,0.0,0.0,0.1126872339638022,0.0,0.21128856368212912,0.0,0.0,0.08247860988423225,0.0,0.0,0.0,0.0,0.0,0.13750477455423168,0.12371791482634838,0.0944911182523068,0.0,0.13006649542861798,0.34646743359179155,0.0,0.0,0.0,0.14638501094227996,0.12371791482634838,0.0,0.0,0.0,0.0,0.0,0.0,0.05399492471560388,0.0,0.0,0.0,0.0,0.0,0.0,0.0,0.0,0.0,0.0,0.0,0.15762208124782012,0.0,0.0,0.0,0.0,0.40089186286863654,0.0,0.0,0.0,0.0,0.29398736610366677,0.16971105832553265,0.19702760155977517,0.0,0.0,0.0,0.0,0.0,0.0,0.19702760155977517,0.0,0.0,0.20145574100634503,0.0,0.18708286933869706,0.0,0.0,0.0,0.14638501094227996,0.0,0.0,0.0,0.0,0.0,0.0,0.08017837257372731,0.0,0.0,0.12371791482634838,0.0,0.0,0.0,0.0,0.041239304942116126,0.0,0.0,0.2939873661036668,0.0,0.0,0.0,0.33287514296784126,0.05345224838248487,0.29398736610366677,0.0,0.0,0.05345224838248487,0.0,0.0,0.0,0.0,0.0,0.08017837257372731,0.0,0.0,0.0,0.0,0.0,0.1315903389919538,0.0,0.0,0.0,0.0,0.0,0.11338934190276817,0.0,0.0,0.1515228816828316,0.0,0.0,0.10482848367219183,0.0545544725589981,0.10527936095153945,0.9999999999999998,0.0,0.08451542547285165,0.0,0.0,0.0,0.26207120918047955,0.0,0.09869275424396534,0.0,0.0,0.0,0.0,0.0,0.11338934190276817,0.10350983390135311,0.33287514296784126,0.0,0.18708286933869706,0.1781741612749496,0.0,0.0,0.0,0.0,0.026726124191242435,0.0,0.035714285714285705,0.10690449676496974,0.08099238707340582,0.30650301691644405,0.0,0.3026137663344012,0.17251638983558854,0.0,0.09320546490018,0.0,0.0,0.11338934190276817,0.0,0.0,0.10910894511799618,0.0,0.0,0.0,0.12371791482634838,0.36262033381142106,0.0,0.0,0.0,0.026726124191242435,0.4008918628686366,0.07559289460184544,0.0,0.0,0.06482037235521643,0.0,0.0,0.0,0.0,0.0,0.03241018617760821,0.0,0.0,0.0,0.0,0.0,0.0,0.0,0.13006649542861798,0.0,0.10690449676496974,0.0,0.2988071523335984,0.0,0.0,0.0,0.09869275424396534,0.12262786789699316,0.0,0.0,0.0,0.08017837257372731,0.0,0.0,0.0,0.11118739749916517,0.3065696697424829,0.21677749238102995,0.0,0.0,0.0,0.12371791482634838
herb297,0.0,0.0,0.0,0.0,0.0,0.16641005886756877,0.028915746598312014,0.0,0.0,0.0,0.0,0.0,0.0,0.0,0.0,0.3149448894660932,0.0,0.0,0.0,0.0,0.033149677206589796,0.0,0.0,0.0,0.0,0.05547001962252292,0.0,0.0,0.0,0.0,0.05547001962252292,0.11094003924504584,0.0,0.0,0.0,0.0,0.08559209850218259,0.0,0.0,0.0,0.0,0.0,0.0,0.02773500981126146,0.0,0.0,0.0,0.0,0.0,0.0,0.0,0.05547001962252292,0.0,0.0,0.0,0.0,0.0,0.0,0.0,0.0,0.0,0.0,0.0,0.0,0.0,0.0,0.22188007849009164,0.0,0.0,0.2288021576612147,0.0,0.0,0.0,0.0,0.0,0.0,0.0,0.0,0.0,0.0,0.0,0.22188007849009164,0.0,0.16641005886756874,0.0,0.0,0.0,0.0,0.0,0.0,0.0,0.0,0.0,0.0,0.0,0.0,0.0,0.0,0.0,0.0,0.0,0.0,0.0,0.0,0.0,0.0,0.21926450482675733,0.0,0.28539089649269644,0.0,0.0,0.0,0.0,0.0,0.0,0.0,0.0,0.0,0.0,0.0,0.0,0.0,0.0,0.0,0.0,0.0,0.0,0.0,0.0,0.0,0.17349447958987207,0.0,0.0,0.0,0.0,0.0,0.0,0.0,0.0,0.0,0.0,0.0,0.0,0.0,0.0,0.3508232077228117,0.0,0.0,0.0,0.16641005886756874,0.0,0.0,0.0,0.0,0.0,0.17611748841908675,0.0,0.0,0.0,0.0,0.0,0.0,0.0,0.0,0.0,0.0,0.0,0.0,0.1386750490563073,0.0,0.0,0.0,0.0,0.0,0.0,0.0,0.030628194591584446,0.28022426915890253,0.043852900965351466,0.0,0.0,0.0,0.0,0.0,0.02773500981126146,0.0,0.0,0.0,0.2496150883013531,0.0,0.0,0.0,0.30508510792387605,0.2995723447576391,0.15701857325533194,0.0,0.0,0.0,0.0,0.0,0.32635697593225277,0.0,0.2506402059138015,0.0,0.0,0.1386750490563073,0.0,0.0,0.0,0.0,0.15504341823651058,0.0,0.0,0.0,0.0,0.03181423814878889,0.0,0.0,0.0,0.0,0.0,0.0,0.0,0.0,0.0,0.0,0.0,1.0000000000000002,0.14617633655117154,0.23652495839563306,0.0,0.08006407690254358,0.0,0.0,0.0,0.0,0.0,0.0,0.0,0.0,0.0,0.0,0.0,0.0,0.0,0.0,0.0,0.0,0.0,0.0,0.0,0.0,0.0,0.02773500981126146,0.0,0.14457873299156007,0.0,0.0,0.0,0.0,0.0,0.0,0.0,0.0,0.0,0.0,0.0,0.0,0.0,0.0,0.0,0.0,0.0,0.0,0.0,0.0,0.0,0.0,0.0,0.3721042037676254,0.0,0.0,0.0,0.0,0.0,0.0,0.0,0.0,0.0,0.0,0.0,0.0,0.0,0.16641005886756874,0.0,0.2579303520876644,0.0,0.0,0.0,0.0,0.0,0.0,0.17069718549972973,0.0,0.0,0.0,0.0,0.0,0.19611613513818404,0.17069718549972973,0.0,0.0,0.19088542889273336,0.0,0.0,0.0,0.0,0.0
herb298,0.02556549962824568,0.17777777777777778,0.3212877315609996,0.0,0.0,0.2740640638812595,0.0,0.0,0.0,0.0,0.0,0.0,0.0,0.16101529717988267,0.14757295747452437,0.0,0.5111012519999519,0.0,0.0,0.1934603333626698,0.10079052613579392,0.0,0.022733144649015782,0.37712361663282534,0.05443310539518174,0.06324555320336758,0.04901430813958719,0.0,0.02721655269759087,0.021744269101781406,0.3583914681524163,0.16865480854231357,0.12649110640673517,0.1874178434105831,0.0,0.0,0.0,0.0,0.18186515719212626,0.0,0.0,0.02519763153394848,0.32158794041257743,0.06324555320336758,0.02721655269759087,0.0,0.0,0.0,0.2608745973749755,0.0,0.024845199749997663,0.10540925533894596,0.07231015260621873,0.25609110844884536,0.0,0.14757295747452437,0.0,0.0,0.0,0.0,0.0,0.0,0.19720265943665385,0.0,0.0267739776300833,0.16865480854231357,0.14757295747452437,0.20952908873087348,0.0,0.49690399499995325,0.24866794886408367,0.0,0.0,0.07453559924999299,0.4551576197114161,0.0,0.03419927840283847,0.03849001794597505,0.0,0.0,0.04216370213557839,0.16865480854231357,0.08432740427115679,0.08432740427115679,0.0,0.0,0.027681826617913324,0.0,0.0,0.0,0.021081851067789197,0.16865480854231357,0.43958698226385795,0.0,0.06819943394704735,0.026352313834736494,0.0,0.049690399499995326,0.0,0.0,0.0267739776300833,0.0,0.0,0.0,0.022222222222222223,0.0,0.30000000000000004,0.0,0.036155076303109365,0.06506000486323556,0.0,0.0,0.0,0.0,0.0,0.2530855341217656,0.39036002917941337,0.024845199749997663,0.0,0.512989176042577,0.1987615979999813,0.0,0.0,0.0,0.26943012562182533,0.22771001702132443,0.0,0.0,0.0,0.0,0.13187609467915742,0.0,0.042591770999996,0.0,0.0,0.07027283689263066,0.0,0.0,0.0,0.0,0.0,0.0,0.0,0.03419927840283847,0.0,0.0,0.0,0.0,0.0,0.3373096170846271,0.0298142396999972,0.0,0.0,0.0,0.2740640638812596,0.267739776300833,0.03108349360801046,0.0,0.0,0.0,0.022222222222222223,0.0,0.041344911529736156,0.03108349360801046,0.0,0.16865480854231357,0.09534625892455922,0.0,0.25298221281347033,0.0,0.0,0.0,0.26943012562182533,0.021081851067789197,0.0,0.022733144649015782,0.0,0.060858061945018464,0.0,0.14757295747452437,0.0,0.0,0.22771001702132443,0.022473328748774737,0.0,0.0,0.0,0.0,0.021081851067789197,0.0,0.16865480854231357,0.0,0.18973665961010278,0.03253000243161778,0.5728918992315463,0.21081851067789195,0.25298221281347033,0.0,0.0,0.16865480854231357,0.0,0.0,0.0,0.0,0.0,0.5059644256269407,0.0,0.2214546129433066,0.0,0.0,0.23570226039551584,0.18164975363768873,0.0,0.023002185311411807,0.0,0.0,0.0,0.2086996778999804,0.024507154069793594,0.0,0.27888667551135854,0.0,0.0,0.08268982305947231,0.08606629658238706,0.38754557265078654,0.08451542547285165,0.14617633655117154,1.0,0.0,0.0,0.0,0.041344911529736156,0.0769800358919501,0.0,0.0,0.0,0.0,0.0,0.0,0.2086996778999804,0.408248290463863,0.167093470609201,0.0,0.23190036174568113,0.2459549291242073,0.0,0.03333333333333333,0.0298142396999972,0.0,0.0,0.0,0.02817180849095055,0.021081851067789197,0.14907119849998599,0.37364893492427925,0.0,0.35805743701971643,0.02721655269759087,0.0,0.29408584883752314,0.0,0.03253000243161778,0.2683281572999748,0.0,0.024845199749997663,0.20082135869223644,0.0,0.0,0.21773242158072698,0.4228900316110311,0.06356417261637282,0.0,0.0,0.0,0.06324555320336758,0.03513641844631533,0.0596284793999944,0.025949964805384102,0.23570226039551584,0.07669649888473704,0.0,0.0,0.03513641844631533,0.04216370213557839,0.3299831645537222,0.05113099925649136,0.0,0.03513641844631533,0.0,0.023002185311411807,0.041344911529736156,0.03108349360801046,0.021081851067789197,0.2393949488198693,0.04901430813958719,0.29514591494904874,0.0,0.18856180831641267,0.0596284793999944,0.0,0.021081851067789197,0.7006490497453708,0.024182541670333724,0.21758445525607323,0.0,0.0219793491131929,0.27406406388125953,0.10647942749999,0.4411494016915298,0.0,0.32158794041257743,0.31437304171433844,0.0,0.0,0.0,0.0219793491131929,0.3578300267477955
herb300,0.0,0.022473328748774737,0.0,0.0,0.0,0.0,0.0,0.0,0.0,0.0,0.0,0.0,0.0,0.0,0.0,0.41502867831964474,0.0,0.0,0.0,0.024455799402225926,0.025482359571881275,0.0,0.0,0.0,0.0,0.04264014327112209,0.0,0.0,0.0,0.021989974856677124,0.021320071635561044,0.0,0.04264014327112209,0.0,0.0,0.030151134457776365,0.0657951694959769,0.0,0.022990024493585143,0.0,0.0,0.0,0.0,0.021320071635561044,0.0,0.021320071635561044,0.0,0.0,0.0,0.0,0.0,0.08528028654224418,0.0,0.0,0.0,0.0,0.0,0.0,0.0,0.0,0.040291148201269014,0.18392019594868114,0.0,0.03143473067309657,0.05415303610738824,0.0,0.04264014327112209,0.023544080467400558,0.14506471329641488,0.0,0.0,0.0,0.0,0.025125945381480302,0.0,0.0,0.0,0.0,0.0,0.022227711223719353,0.04264014327112209,0.021320071635561044,0.04264014327112209,0.021320071635561044,0.0,0.07537783614444091,0.0,0.0,0.0,0.0,0.0,0.021320071635561044,0.0,0.0,0.0,0.0,0.0,0.050251890762960605,0.0,0.0,0.0,0.0,0.0,0.3790712527517177,0.022473328748774737,0.021320071635561044,0.0,0.0,0.2193817272381392,0.0,0.0,0.021320071635561044,0.0,0.0,0.0,0.0,0.0,0.050251890762960605,0.0,0.0,0.025125945381480302,0.0,0.0,0.0,0.0,0.0,0.0,0.0,0.0,0.0,0.0,0.0,0.0,0.0,0.027994625547792716,0.0,0.045454545454545456,0.25712973861328997,0.0,0.0,0.08703882797784893,0.3988620176087328,0.0,0.0,0.0,0.0,0.0,0.0,0.023262105259961773,0.0,0.0,0.0,0.0,0.0,0.0,0.0,0.0,0.0,0.0,0.22498852128662875,0.0,0.08257228238447704,0.0,0.0,0.0,0.08528028654224418,0.0,0.0,0.0,0.0,0.0,0.0,0.0,0.0,0.04264014327112209,0.13794014696151086,0.09417632186960223,0.24618298195866556,0.033709993123162106,0.021320071635561044,0.0,0.027524094128159014,0.0,0.022727272727272728,0.021320071635561044,0.12227899701112964,0.0,0.0,0.2345207879911715,0.03289758474798845,0.0,0.0,0.1492405014489273,0.23028309323591917,0.0,0.12792042981336627,0.0,0.0,0.0,0.0,0.25087260300212727,0.0,0.24771684715343112,0.0,0.0,0.0,0.2326210525996177,0.027994625547792716,0.0,0.0,0.07150969419341943,0.0,0.3556433795795097,0.0,0.0,0.0,0.0,0.0,0.0,0.0,0.0,0.0,0.0,0.0,0.0,0.0,0.0,0.23652495839563306,0.0,1.0,0.0,0.061545745489666376,0.0,0.03892494720807615,0.0,0.06741998624632421,0.0,0.044455422447438706,0.0,0.0,0.0,0.027524094128159014,0.0,0.0,0.0,0.0,0.0,0.0,0.18090680674665818,0.0,0.0,0.1918806447200494,0.028490144114909487,0.0,0.0,0.0,0.0,0.0,0.2201927530252721,0.06396021490668313,0.0,0.0,0.0,0.0,0.0,0.0,0.0,0.0,0.04767312946227962,0.0,0.0,0.0,0.0,0.0,0.045454545454545456,0.021320071635561044,0.035533452725935076,0.0,0.0,0.0,0.0,0.0,0.0,0.0,0.021320071635561044,0.0,0.025854384499750957,0.0,0.0,0.0,0.0,0.04181210050035454,0.0,0.17056057308448835,0.0,0.24784079854830485,0.021320071635561044,0.0,0.0,0.06030226891555273,0.0,0.0,0.0,0.0,0.0,0.05504818825631803,0.17782168978975482,0.0,0.3015113445777636,0.0,0.0,0.0,0.0,0.0,0.0,0.0,0.0,0.0
herb302,0.0,0.0,0.0,0.0,0.0,0.0,0.052128603514268686,0.0,0.0,0.10660035817780521,0.0,0.0,0.0,0.0,0.0,0.0,0.0,0.08838834764831843,0.0,0.0,0.0,0.0,0.0,0.0,0.0,0.0,0.0,0.0,0.06454972243679027,0.0,0.0,0.0,0.0,0.06350006350009525,0.0,0.0,0.23145502494313785,0.0,0.0,0.0,0.0,0.0,0.0,0.0,0.0,0.09999999999999999,0.10206207261596575,0.0,0.0,0.0,0.0,0.0,0.0,0.0,0.11180339887498948,0.0,0.0,0.0,0.08838834764831843,0.0,0.0,0.0,0.0,0.0,0.0,0.0,0.0,0.0,0.0,0.0,0.0,0.0,0.0,0.05892556509887895,0.0,0.0,0.0,0.0,0.0,0.0,0.0,0.0,0.0,0.0,0.0,0.0,0.19695964928958382,0.0,0.0,0.08333333333333333,0.09999999999999999,0.0,0.0,0.0,0.0,0.0,0.05050762722761053,0.29462782549439476,0.0,0.0,0.0,0.0,0.0,0.0,0.0,0.0,0.0,0.1543033499620919,0.0,0.07715167498104596,0.0,0.0,0.0,0.0,0.0,0.0,0.07715167498104596,0.0,0.0,0.0,0.0,0.0,0.0,0.0,0.0,0.0,0.07715167498104596,0.15638581054280606,0.0,0.0,0.0,0.0,0.0,0.3749999999999999,0.2626128657194451,0.0,0.0,0.0,0.0,0.0,0.0,0.06681531047810609,0.0,0.0,0.0,0.0,0.07715167498104596,0.37688918072220445,0.0,0.0,0.0,0.0,0.0,0.40089186286863654,0.0,0.0,0.14744195615489714,0.0944911182523068,0.0,0.0,0.0,0.06454972243679027,0.0,0.0,0.294174202707276,0.0,0.0,0.0,0.0,0.0,0.0,0.0,0.0,0.049999999999999996,0.0,0.0,0.0,0.0,0.0,0.0,0.0,0.0,0.0,0.0,0.0,0.0,0.0,0.0,0.0,0.0,0.09999999999999999,0.0,0.0,0.0,0.0,0.0,0.0,0.0,0.0,0.0,0.0,0.0,0.0,0.0,0.0,0.0,0.0,0.0,0.35355339059327373,0.0,0.0,0.0,0.0,0.0,0.0,0.0,0.0,0.0,0.0,0.0,0.0,0.0,0.12909944487358055,0.0,0.0,0.0,0.0,0.0,0.0,0.0,0.9999999999999999,0.4330127018922194,0.0,0.0,0.0,0.47434164902525683,0.1386750490563073,0.0,0.0,0.0,0.07071067811865475,0.0,0.0,0.0,0.0,0.0,0.0,0.0,0.0,0.0,0.15,0.0,0.06681531047810609,0.0,0.0,0.0,0.07372097807744857,0.0,0.0,0.049999999999999996,0.058123819371909635,0.053300179088902604,0.0,0.0,0.1599005372667078,0.0,0.0,0.0,0.0,0.0,0.0,0.0,0.049999999999999996,0.2626128657194451,0.10660035817780521,0.0,0.0,0.0,0.06154574548966637,0.0,0.0,0.0,0.0,0.25,0.0,0.0,0.0,0.0,0.0,0.09128709291752767,0.0,0.0,0.0,0.0,0.0,0.0,0.0,0.06565321642986127,0.0,0.0,0.0,0.0,0.0,0.11470786693528087,0.0,0.06454972243679027,0.0,0.0,0.0,0.0,0.0,0.0,0.0,0.0,0.2906190968595482,0.0,0.0,0.0
herb303,0.0,0.0,0.0,0.0,0.0,0.0,0.12038585308576923,0.0,0.0,0.0,0.0,0.0,0.0,0.0,0.0,0.0,0.0,0.0,0.0,0.0,0.13801311186847084,0.0,0.0,0.0,0.0,0.0,0.0,0.0,0.07453559924999299,0.0,0.05773502691896258,0.0,0.05773502691896258,0.07332355751067667,0.0,0.0,0.17817416127494962,0.0,0.0,0.0,0.0,0.0,0.0,0.05773502691896258,0.0,0.11547005383792516,0.11785113019775795,0.0,0.0,0.0,0.0,0.0,0.0,0.0,0.06454972243679029,0.0,0.0,0.0,0.0,0.0,0.0,0.0,0.0,0.0,0.0,0.0,0.0,0.0,0.0,0.0,0.0,0.0,0.0,0.06804138174397717,0.0,0.0,0.0,0.0,0.0,0.0,0.0,0.0,0.0,0.0,0.0,0.0,0.07580980435789035,0.0,0.0,0.09622504486493764,0.0,0.0,0.0,0.0,0.0,0.0,0.0,0.2041241452319315,0.0,0.0,0.0,0.0,0.0,0.0,0.060858061945018464,0.0,0.0,0.0,0.0,0.0,0.0,0.0,0.0,0.0,0.0,0.0,0.0,0.0,0.0,0.0,0.0,0.0,0.0,0.0,0.0,0.0,0.08908708063747481,0.0,0.0,0.0,0.0,0.0,0.0,0.14433756729740646,0.07580980435789035,0.0,0.0,0.0,0.0,0.0,0.0,0.07715167498104596,0.0,0.0,0.0,0.0,0.08908708063747481,0.2611164839335468,0.0,0.0,0.0,0.0,0.0,0.3086066999241838,0.0,0.0,0.08512565307587487,0.10910894511799621,0.0,0.0,0.0,0.07453559924999299,0.0,0.0,0.0,0.0,0.0,0.0,0.0,0.0,0.0,0.0,0.0,0.05773502691896258,0.0,0.0,0.0,0.0,0.0,0.0,0.0,0.0,0.0,0.061545745489666376,0.11547005383792516,0.0,0.0,0.0,0.05773502691896258,0.0,0.0,0.0,0.05773502691896258,0.0,0.0,0.0,0.0,0.0,0.0,0.0,0.0,0.0,0.0,0.0,0.0,0.0,0.0,0.0,0.3061862178478973,0.0,0.0,0.0,0.0,0.0,0.0,0.0662266178532522,0.0,0.0,0.0,0.0,0.0,0.0,0.0,0.0,0.0,0.0,0.0,0.08006407690254358,0.0,0.061545745489666376,0.4330127018922194,1.0000000000000002,0.0,0.0,0.0,0.0,0.08006407690254358,0.0,0.0,0.0,0.08164965809277262,0.0,0.0,0.0,0.0,0.0,0.0,0.0,0.0,0.0,0.0,0.0,0.07715167498104596,0.0,0.0,0.0,0.08512565307587487,0.0,0.0,0.05773502691896258,0.0,0.061545745489666376,0.0,0.0,0.061545745489666376,0.0,0.0,0.0,0.0,0.0,0.0,0.0,0.05773502691896258,0.07580980435789035,0.0,0.0,0.0,0.0,0.07106690545187017,0.0,0.0,0.0,0.0,0.0,0.0,0.0,0.0,0.0,0.0,0.10540925533894598,0.0,0.0,0.0,0.05773502691896258,0.0,0.0,0.0,0.07580980435789035,0.0,0.0,0.0,0.0,0.0,0.0,0.0,0.0,0.0,0.0,0.0,0.0,0.0,0.0,0.0,0.0,0.20134681656420733,0.0,0.0,0.0
herb305,0.0,0.041344911529736156,0.049813548138671795,0.0,0.0,0.0,0.0,0.17349447958987207,0.0,0.0,0.0,0.0,0.0,0.08559209850218259,0.03922322702763681,0.0,0.03962144258751637,0.0,0.0,0.04499212706658476,0.0,0.0,0.0,0.043852900965351466,0.0,0.0,0.0,0.0,0.0,0.0,0.0,0.0,0.0,0.049813548138671795,0.0,0.0,0.0,0.0,0.042295493443781355,0.0,0.0,0.0,0.054392829322042126,0.0,0.0,0.0,0.0,0.0,0.06933752452815364,0.0,0.0,0.0,0.0,0.043314808182421,0.0,0.03922322702763681,0.0,0.0,0.0,0.0,0.0,0.0,0.26207120918047955,0.0,0.0,0.0,0.0,0.129944424547263,0.0,0.046225016352102424,0.05783149319662403,0.0,0.0,0.0,0.049813548138671795,0.0,0.1908854288927333,0.0,0.0,0.0,0.0,0.0,0.0,0.0,0.1386750490563073,0.0,0.2575131013123024,0.0,0.0,0.0,0.0,0.0,0.040893041005476534,0.0,0.042295493443781355,0.09805806756909201,0.0,0.046225016352102424,0.15191090506255,0.0,0.0,0.0,0.0,0.0,0.0,0.0,0.31008683647302115,0.0,0.0,0.060522753266880246,0.0,0.0,0.0,0.0,0.0,0.06726727939963124,0.060522753266880246,0.0,0.0,0.06362847629757777,0.1849000654084097,0.0,0.0,0.0,0.07161148740394328,0.060522753266880246,0.0,0.0,0.0,0.0,0.08178608201095307,0.0,0.03962144258751637,0.0,0.0,0.0,0.0,0.0,0.0,0.0,0.0,0.0,0.0,0.0,0.17349447958987207,0.0,0.0,0.0,0.0,0.19611613513818404,0.0,0.0,0.2773500981126146,0.0,0.15689290811054724,0.24906774069335896,0.28915746598312014,0.0,0.0,0.0,0.0,0.0,0.0,0.40482045237636816,0.0,0.0,0.2956561979945413,0.0,0.0,0.0,0.0,0.0,0.07161148740394328,0.0,0.0,0.0,0.0,0.0,0.0,0.03922322702763681,0.0,0.0,0.24209101306752098,0.0,0.0,0.0,0.0,0.0,0.0,0.0,0.03922322702763681,0.0,0.07844645405527362,0.0,0.04441155916843275,0.0,0.15689290811054724,0.0,0.0,0.0,0.0,0.20180183819889375,0.0,0.0,0.0,0.03922322702763681,0.0,0.0,0.0,0.0,0.1315587028960544,0.0,0.0,0.0,0.0,0.0,0.0,0.05547001962252292,0.0,0.13497638119975428,0.07412493166611013,0.0,0.10127393670836667,0.07692307692307693,0.04003203845127179,0.051502620262460476,0.26207120918047955,0.0,0.041344911529736156,0.0,0.0,0.0,1.0,0.0,0.1448413648755803,0.0,0.0,0.0,0.0,0.0,0.05547001962252292,0.05063696835418333,0.04441155916843275,0.0,0.0,0.06537204504606135,0.0,0.0,0.11094003924504584,0.11766968108291043,0.0,0.0,0.0,0.0,0.03962144258751637,0.040893041005476534,0.0,0.04441155916843275,0.25318484177091666,0.0,0.04559607525875532,0.0,0.0,0.05547001962252292,0.0,0.0,0.05337605126836238,0.0,0.0,0.10127393670836667,0.060522753266880246,0.0,0.11766968108291043,0.0,0.0,0.0,0.0,0.05547001962252292,0.09656090991705353,0.0,0.047565149415449405,0.0,0.1849000654084097,0.0,0.0,0.0,0.0,0.0,0.0,0.0,0.0,0.0,0.17349447958987207,0.0,0.06362847629757777,0.0,0.0,0.0,0.043852900965351466,0.0,0.0,0.07844645405527362,0.048280454958526765,0.0,0.0,0.0,0.0,0.03922322702763681,0.0,0.0,0.0,0.054392829322042126,0.04499212706658476,0.0,0.0,0.0,0.0,0.060522753266880246
herb307,0.30996520993903326,0.0,0.0,0.2214037213850238,0.0,0.0,0.0,0.0,0.0,0.0,0.0,0.0,0.0,0.0,0.10954451150103323,0.0,0.0,0.0,0.0,0.04188539082916955,0.0,0.0,0.0,0.0,0.2357022603955158,0.03651483716701107,0.0,0.0,0.18856180831641264,0.15064871543094188,0.0,0.1460593486680443,0.07302967433402215,0.046373889576016826,0.0,0.0,0.0563436169819011,0.0,0.0,0.0,0.09938079899999065,0.17457431218879385,0.0,0.0,0.28284271247461895,0.0,0.0,0.0,0.0,0.0,0.0,0.1460593486680443,0.0,0.0,0.1224744871391589,0.0,0.0,0.1951800145897066,0.0,0.0,0.06900655593423542,0.0,0.14638501094227996,0.053838190205816545,0.0,0.07302967433402215,0.0,0.04032389192727559,0.0,0.0,0.0,0.0,0.15191090506254998,0.34426518632954817,0.0,0.0,0.059234887775909226,0.2666666666666666,0.0,0.03806934938134405,0.0,0.0,0.07302967433402215,0.0,0.0,0.12909944487358055,0.0,0.0,0.0,0.12171612389003691,0.0,0.0,0.0,0.0,0.15749984619163154,0.18257418583505533,0.0,0.0,0.04714045207910316,0.0,0.1854955583040673,0.0,0.0,0.0,0.19245008972987526,0.0,0.0,0.0,0.06262242910851494,0.0,0.12171612389003691,0.03651483716701107,0.0,0.0,0.0,0.0,0.0,0.21516574145596756,0.0,0.0,0.043033148291193514,0.0,0.13801311186847084,0.0,0.0,0.0,0.1690308509457033,0.0,0.0,0.0,0.1522773975253762,0.0,0.0,0.273861278752583,0.0,0.3651483716701107,0.0778498944161523,0.0,0.0,0.0,0.14907119849998599,0.0975900072948533,0.0,0.2369395511036369,0.0,0.0,0.0,0.0,0.19920476822239894,0.0,0.2065591117977289,0.0,0.0,0.0,0.10954451150103323,0.0,0.0,0.13801311186847084,0.0,0.0,0.0,0.0,0.28644594961577313,0.16151457061744964,0.0,0.0,0.2752409412815901,0.0,0.0,0.0,0.19364916731037082,0.0,0.0,0.1460593486680443,0.0,0.0,0.0,0.26352313834736496,0.0,0.0,0.0,0.09428090415820632,0.0,0.1556997888323046,0.0,0.0,0.0,0.0,0.1460593486680443,0.0,0.0,0.0,0.0,0.2253744679276044,0.0,0.0,0.10954451150103323,0.0,0.0,0.03651483716701107,0.0,0.0,0.04714045207910316,0.0,0.0,0.1460593486680443,0.0,0.0,0.0,0.0,0.0,0.0,0.0,0.15936381457791915,0.0,0.0,0.0,0.0,0.16979054399120352,0.0,0.0,0.0,0.0,0.0,0.18633899812498247,0.0,0.0,0.0,0.0769800358919501,0.03892494720807615,0.0,0.0,0.0,0.9999999999999998,0.0,0.0,0.0,0.0,0.0,0.0,0.0,0.0,0.0,0.0,0.0,0.0,0.0,0.0,0.2065591117977289,0.0,0.0,0.07302967433402215,0.0,0.0,0.0,0.0,0.0,0.0,0.0,0.03651483716701107,0.08489527199560176,0.0,0.0,0.2065591117977289,0.0,0.0,0.0,0.0,0.0,0.18856180831641264,0.0,0.22019275302527208,0.03651483716701107,0.0,0.0,0.0,0.06085806194501846,0.0,0.17978662999019787,0.0,0.0,0.0,0.0,0.30429030972509225,0.03651483716701107,0.0,0.044280744277004756,0.1878672873255448,0.06085806194501846,0.0,0.15936381457791915,0.35805743701971643,0.21535276082326618,0.03651483716701107,0.0,0.2122381799890044,0.0,0.0,0.0,0.051639777949432225,0.0,0.1460593486680443,0.0,0.04188539082916955,0.0,0.04714045207910316,0.0,0.10954451150103323,0.0,0.17978662999019787,0.0,0.0,0.0,0.0,0.0,0.1878672873255448,0.1522773975253762,0.1690308509457033
herb309,0.17912443020795965,0.0,0.0,0.0,0.0,0.02461829819586655,0.0,0.32667930388828254,0.0,0.0,0.0,0.03892494720807615,0.0,0.0,0.02461829819586655,0.0,0.0,0.0,0.0,0.08471737420873576,0.0,0.0,0.053093187320189895,0.0,0.0,0.0,0.0,0.1574591643244434,0.03178208630818641,0.050783671611902566,0.02461829819586655,0.1723280873710658,0.0,0.06253053994807226,0.0,0.06963106238227915,0.0,0.0,0.053093187320189895,0.03481553119113957,0.0,0.0,0.0,0.0,0.0,0.0,0.2512594538148031,0.0,0.0,0.0,0.20309059861498083,0.02461829819586655,0.0,0.0,0.0,0.0492365963917331,0.0,0.0,0.04351941398892446,0.0,0.0,0.026546593660094948,0.0,0.0,0.0,0.02461829819586655,0.02461829819586655,0.10874544956540738,0.0,0.14506471329641488,0.0,0.0,0.0,0.0,0.0,0.0,0.15974461276617435,0.22473328748774735,0.0,0.0,0.0,0.0,0.0,0.02461829819586655,0.08703882797784893,0.0,0.0,0.0,0.0,0.0,0.02461829819586655,0.0,0.0,0.0,0.053093187320189895,0.4000473456828314,0.0,0.0,0.09534625892455922,0.0,0.15632634987018063,0.0,0.0,0.0,0.20759971844307282,0.0,0.03892494720807615,0.0,0.0,0.07597371763975865,0.0,0.0,0.0,0.0,0.0,0.0,0.0,0.3481553119113957,0.04494665749754947,0.0,0.08703882797784893,0.0,0.0,0.0,0.0,0.0,0.0,0.0,0.0,0.0,0.07699905035090181,0.0,0.0,0.0,0.0,0.0,0.0,0.0,0.07422696190252055,0.0,0.0,0.0,0.025391835805951283,0.15974461276617435,0.25408390302421974,0.0,0.03798685881987932,0.0,0.0,0.0,0.2088931871468374,0.0,0.17407765595569785,0.0,0.0,0.0,0.0,0.0,0.0,0.0,0.0,0.0,0.2896827297511606,0.07259540086406278,0.0,0.02461829819586655,0.0,0.0,0.0,0.0,0.0,0.0,0.0,0.12309149097933272,0.02461829819586655,0.0,0.0,0.03553345272593508,0.0,0.0,0.0,0.0,0.1899342940993966,0.18370235837851728,0.0,0.0,0.0,0.0,0.0,0.0,0.07385489458759964,0.07422696190252055,0.07385489458759964,0.0,0.0,0.02461829819586655,0.0,0.0,0.2132007163556105,0.0,0.0,0.21110016546037452,0.0,0.0,0.0,0.14770978917519928,0.0,0.0,0.0,0.0,0.08257228238447706,0.09090909090909093,0.0,0.0,0.0,0.0,0.0,0.0,0.0,0.16943474841747153,0.0,0.0,0.19069251784911845,0.0,0.0,0.0,0.09869275424396534,0.0,0.0,0.0,0.0,0.0,0.1448413648755803,0.0,1.0000000000000002,0.0,0.0,0.0,0.0,0.0,0.0,0.0,0.027874733666903028,0.0,0.0,0.0,0.0,0.0,0.06963106238227915,0.07385489458759964,0.0,0.0,0.0,0.02461829819586655,0.14920941939059815,0.0,0.0,0.0,0.03178208630818641,0.0,0.0,0.026243194054073903,0.0,0.0,0.0,0.029012942659282975,0.0,0.0,0.0,0.06356417261637282,0.0,0.0,0.07385489458759964,0.0,0.0,0.0,0.24618298195866553,0.17407765595569785,0.15151515151515155,0.0,0.05970814340265321,0.0,0.17407765595569785,0.0,0.0,0.0,0.0,0.0,0.16412198797244368,0.0,0.16116459280507608,0.048280454958526765,0.32667930388828254,0.0,0.0,0.0,0.0,0.0,0.055048188256318034,0.06963106238227915,0.0,0.17232808737106584,0.0,0.0,0.0,0.0,0.02566635011696727,0.0,0.0,0.0,0.0,0.0,0.0,0.23961691914926153,0.0,0.0,0.0,0.0
herb311,0.0,0.06666666666666667,0.0,0.0,0.0,0.0,0.1318760946791574,0.0,0.0,0.0,0.0,0.0,0.0,0.0,0.0,0.0,0.0,0.11180339887498948,0.0,0.0,0.0,0.0,0.0,0.0,0.0,0.06324555320336758,0.0,0.0,0.0,0.0,0.0,0.0,0.0,0.0,0.0,0.0,0.2927700218845599,0.0,0.06819943394704735,0.0,0.0,0.0,0.0,0.0,0.0,0.0,0.0,0.0,0.0,0.0,0.0,0.0,0.0,0.0,0.0,0.0,0.0,0.0,0.11180339887498948,0.0,0.0,0.0,0.0,0.0,0.0,0.0,0.0,0.0,0.0,0.0,0.0,0.0,0.0,0.0,0.0,0.0,0.0,0.0,0.0,0.0,0.0,0.0,0.0,0.0,0.0,0.0,0.16609095970747992,0.0,0.0,0.0,0.12649110640673517,0.0,0.0,0.0,0.0,0.0,0.0,0.0,0.0,0.0,0.0,0.0,0.0,0.0,0.0,0.0,0.0,0.19518001458970663,0.0,0.09759000729485331,0.0,0.0,0.0,0.0,0.0,0.0,0.09759000729485331,0.0,0.0,0.0,0.0,0.0,0.0,0.0,0.0,0.0,0.0,0.1978141420187361,0.0,0.0,0.0,0.0,0.0,0.0,0.2491364395612199,0.0,0.0,0.0,0.0,0.0,0.0,0.0,0.0,0.0,0.0,0.0,0.0,0.0,0.0,0.0,0.0,0.0,0.0,0.3380617018914066,0.0,0.0,0.09325048082403138,0.0,0.0,0.0,0.0,0.0,0.0,0.0,0.3721042037676254,0.0,0.0,0.0,0.0,0.0,0.0,0.0,0.0,0.0,0.0,0.0,0.0,0.0,0.0,0.0,0.0,0.0,0.0,0.0,0.0,0.0,0.0,0.0,0.0,0.0,0.12649110640673517,0.0,0.0,0.0,0.0,0.0,0.0,0.0,0.0,0.0,0.0,0.0,0.0,0.0,0.0,0.0,0.0,0.0,0.22360679774997896,0.0,0.0,0.0,0.0,0.0,0.0,0.0,0.0,0.0,0.0,0.0,0.0,0.0,0.0,0.0,0.0,0.0,0.0,0.0,0.0,0.06741998624632421,0.47434164902525683,0.0,0.0,0.0,0.0,0.9999999999999999,0.08770580193070293,0.0,0.0,0.0,0.0,0.0,0.0,0.0,0.0,0.0,0.0,0.0,0.0,0.0,0.18973665961010275,0.0,0.0,0.0,0.0,0.0,0.0,0.0,0.0,0.06324555320336758,0.07352146220938077,0.0,0.0,0.0,0.0,0.0,0.0,0.0,0.0,0.0,0.0,0.0,0.0,0.2491364395612199,0.13483997249264842,0.0,0.0,0.08944271909999159,0.0,0.0,0.0,0.0,0.0,0.316227766016838,0.0,0.0,0.0,0.0,0.0,0.0,0.0,0.0,0.0,0.0,0.0,0.0,0.0,0.0,0.0,0.0,0.0,0.0,0.0,0.14509525002200233,0.0,0.0816496580927726,0.0,0.0,0.0,0.0,0.0,0.0,0.0,0.0,0.0,0.0,0.0,0.0
herb312,0.03363363969981562,0.0,0.0,0.0,0.22237479499833035,0.0,0.028915746598312014,0.08178608201095308,0.0,0.0,0.07844645405527362,0.043852900965351466,0.17118419700436519,0.0,0.02773500981126146,0.0,0.0,0.04902903378454601,0.059131239598908265,0.0,0.033149677206589796,0.08320502943378438,0.0,0.0,0.0,0.02773500981126146,0.0,0.0,0.03580574370197164,0.05721295676906231,0.0,0.0,0.05547001962252292,0.0704469953676347,0.0,0.0,0.042796049251091296,0.11826247919781653,0.0,0.03922322702763681,0.15097027121927944,0.0,0.0,0.0,0.0,0.0,0.11322770341445959,0.08770580193070293,0.0,0.0,0.0,0.0,0.0,0.0,0.0,0.0,0.0,0.0,0.04902903378454601,0.0,0.0,0.11962972091091584,0.0,0.0,0.0,0.0,0.0,0.0,0.03774256780481986,0.0,0.0,0.0,0.0,0.19611613513818402,0.0,0.0,0.0,0.0,0.0,0.0,0.1386750490563073,0.0,0.0,0.0,0.0,0.0,0.07283570407292297,0.0899842541331695,0.0,0.09245003270420488,0.02773500981126146,0.0,0.0,0.0,0.0,0.0,0.0,0.06537204504606134,0.0,0.08362420100070908,0.0,0.0,0.0,0.0704469953676347,0.0,0.02773500981126146,0.043852900965351466,0.0,0.0,0.0,0.0,0.0,0.11442591353812462,0.0,0.0,0.04756514941544941,0.0,0.0,0.0,0.0,0.0,0.2508726030021272,0.0,0.0,0.0,0.0,0.08559209850218259,0.028915746598312014,0.12403473458920847,0.0,0.0,0.0,0.08404977220207888,0.06933752452815364,0.21850711221876892,0.0,0.0,0.0,0.2508726030021272,0.0,0.0,0.22237479499833035,0.0,0.04499212706658475,0.0,0.0,0.042796049251091296,0.04181210050035454,0.0,0.0,0.0,0.029565619799454133,0.0,0.07412493166611012,0.0,0.0,0.08178608201095308,0.15724272550828777,0.0,0.0,0.02923526731023431,0.03580574370197164,0.0,0.0,0.054392829322042126,0.08320502943378438,0.0,0.0,0.0,0.0,0.04902903378454601,0.0,0.0,0.02773500981126146,0.08320502943378438,0.02990743022772896,0.0,0.0,0.043852900965351466,0.0,0.0,0.0,0.0,0.0,0.02773500981126146,0.22269966704152225,0.1254363015010636,0.0,0.0,0.042796049251091296,0.0,0.0,0.0,0.0,0.0,0.0,0.08320502943378438,0.0,0.08006407690254358,0.02773500981126146,0.0,0.0,0.0,0.0,0.0,0.0,0.060522753266880246,0.0,0.09805806756909202,0.0,0.062017367294604234,0.03413943709994595,0.05783149319662403,0.030261376633440123,0.0,0.0,0.10878565864408425,0.07844645405527362,0.03224129401095805,0.0,0.0,0.0,0.03580574370197164,0.054392829322042126,0.0,0.03641785203646149,0.0,0.0,0.0,0.0,0.1386750490563073,0.08006407690254358,0.0,0.0,0.0,0.08770580193070293,1.0000000000000002,0.0,0.0,0.21134098610290408,0.03922322702763681,0.0,0.0,0.0,0.0,0.0,0.0,0.0,0.0,0.02773500981126146,0.05547001962252292,0.0,0.11118739749916517,0.0,0.0,0.0,0.04089304100547654,0.0,0.0,0.02773500981126146,0.0644825880219161,0.029565619799454133,0.1283881477532739,0.0,0.029565619799454133,0.0,0.0,0.0,0.0,0.0,0.0,0.0,0.02773500981126146,0.21850711221876892,0.0,0.0,0.0,0.0,0.0682788741998919,0.0,0.0,0.12403473458920847,0.0,0.04622501635210244,0.02773500981126146,0.0,0.0,0.0,0.0,0.0,0.0,0.0,0.0,0.0,0.0,0.0,0.02773500981126146,0.03641785203646149,0.0,0.11766968108291043,0.0,0.0,0.0,0.0,0.0,0.03580574370197164,0.0,0.0,0.0,0.0,0.04181210050035454,0.0,0.0,0.0,0.03224129401095805,0.0,0.028915746598312014,0.0
herb314,0.0,0.0219793491131929,0.0,0.0,0.0,0.10425720702853739,0.0,0.24595018476053826,0.0,0.0,0.0,0.0,0.0,0.0,0.0,0.0,0.02106313659355673,0.0,0.044455422447438706,0.0,0.02492223931396134,0.0,0.04496937504132879,0.0,0.0,0.0,0.0,0.0,0.026919095102908273,0.06451985904290104,0.0,0.0,0.0,0.0,0.0,0.29488391230979427,0.0,0.0,0.0,0.0,0.0,0.0,0.0,0.10425720702853739,0.0,0.020851441405707476,0.0,0.0,0.0,0.0,0.0,0.0,0.0,0.0,0.023312620206007845,0.0,0.0,0.0,0.0,0.026919095102908273,0.3940552031195504,0.04496937504132879,0.0,0.030743773095067286,0.10592542826647522,0.0,0.0,0.1381593897175512,0.0,0.02457365935914952,0.030743773095067286,0.28232985128663995,0.0,0.0,0.026481357066618805,0.0,0.0,0.0,0.0,0.0,0.0834057656228299,0.1876629726513673,0.04170288281141495,0.06255432421712243,0.0,0.0,0.0,0.0,0.026481357066618805,0.17376201171422898,0.020851441405707476,0.020851441405707476,0.0,0.0,0.0,0.0,0.0,0.04914731871829904,0.0,0.3457820374040623,0.0,0.026064301757134343,0.028915746598312014,0.26481357066618805,0.0219793491131929,0.10425720702853739,0.0,0.0,0.0,0.0,0.0,0.04170288281141495,0.0,0.0,0.028375217691958287,0.0,0.0,0.04914731871829904,0.0,0.0,0.0,0.03143473067309657,0.0,0.0,0.0,0.0,0.0,0.0,0.3263766828841098,0.03382550457458691,0.021739130434782608,0.0,0.02106313659355673,0.0,0.0,0.0,0.0,0.0,0.0,0.0,0.0,0.0,0.0,0.0,0.030743773095067286,0.0,0.0,0.0,0.0,0.020851441405707476,0.0,0.044455422447438706,0.0,0.0,0.020851441405707476,0.0,0.0,0.0,0.04721921646498856,0.0,0.2417728402451219,0.08075728530872482,0.0,0.030743773095067286,0.0,0.18766297265136728,0.0,0.040893041005476534,0.04170288281141495,0.0,0.036860489038724284,0.0,0.0,0.0,0.04170288281141495,0.33727031280996594,0.0,0.0,0.03296902366978935,0.0,0.0,0.0,0.0,0.022227711223719353,0.10425720702853739,0.0,0.0,0.0,0.0,0.0,0.0,0.0,0.020851441405707476,0.0,0.0,0.0,0.020851441405707476,0.056750435383916574,0.0,0.0,0.0,0.03575992699260758,0.026919095102908273,0.02360960823249428,0.0,0.0,0.25025866535630953,0.13689641954834839,0.0,0.0,0.27975144247209416,0.02566635011696727,0.32608695652173914,0.022750787759664503,0.020851441405707476,0.09567297464698798,0.0,0.0,0.0,0.023918243661746996,0.0,0.0,0.026919095102908273,0.0,0.0,0.0,0.0,0.0,0.0,0.044455422447438706,0.0,0.0,0.0,0.0,0.0,0.0,0.0,1.0,0.0,0.0,0.0,0.0,0.18887686585995425,0.0,0.020851441405707476,0.13900960937138318,0.0,0.0,0.0,0.0,0.0,0.0,0.02786391062876764,0.020851441405707476,0.0,0.021739130434782608,0.0,0.0,0.0,0.020851441405707476,0.0,0.0,0.0,0.0,0.0,0.02457365935914952,0.2270017415356663,0.0,0.0,0.0,0.0,0.0,0.0,0.0,0.0,0.0,0.0,0.0,0.0,0.0,0.0,0.0,0.0,0.034752402342845795,0.0,0.0,0.0,0.0,0.0,0.03806934938134405,0.0,0.0,0.0,0.020851441405707476,0.0,0.0,0.0,0.027379283909669677,0.11656310103003922,0.0,0.0,0.0,0.02566635011696727,0.0,0.0,0.1884336657203579,0.32608695652173914,0.0,0.0,0.0,0.3143473067309657,0.0,0.0,0.0,0.0,0.03575992699260758,0.0,0.0
herb316,0.0,0.0,0.0,0.0,0.0,0.0,0.0,0.0,0.0,0.0,0.0,0.0,0.0,0.0,0.0,0.0,0.0,0.0,0.0,0.0,0.0,0.0,0.0,0.0,0.25318484177091666,0.0,0.0,0.0,0.0,0.0,0.0,0.0,0.0,0.0,0.0,0.0,0.0,0.0,0.0,0.2218800784900917,0.0,0.0,0.0,0.0,0.0,0.15689290811054724,0.0,0.31008683647302115,0.0,0.0,0.0,0.0,0.0,0.0,0.0,0.0,0.0,0.0,0.0,0.25318484177091666,0.0,0.0,0.0,0.0,0.0,0.0,0.19611613513818404,0.0,0.0,0.0,0.0,0.0,0.0,0.0,0.0,0.0,0.0,0.0,0.3069703067574603,0.20446520502738266,0.0,0.0,0.0,0.19611613513818404,0.0,0.0,0.0,0.3817708577854666,0.0,0.0,0.0,0.0,0.0,0.0,0.0,0.0,0.15848577035006547,0.0,0.0,0.0,0.0,0.0,0.0,0.0,0.0,0.0,0.0,0.0,0.0,0.0,0.0,0.0,0.20227834851568371,0.0,0.21350420507344955,0.0,0.0,0.0,0.0,0.0,0.0,0.0,0.0,0.0,0.0,0.0,0.0,0.0,0.0,0.0,0.0,0.0,0.0,0.0,0.0,0.0,0.0,0.0,0.0,0.0,0.0,0.0,0.16182267881254697,0.0,0.0,0.0,0.0,0.4139186771923578,0.0,0.0,0.0,0.0,0.0,0.0,0.0,0.0,0.0,0.0,0.0,0.0,0.041344911529736156,0.0,0.0,0.0,0.0,0.0,0.0,0.0,0.0,0.0,0.0,0.0,0.0,0.0,0.15689290811054724,0.0,0.0,0.0,0.0,0.03922322702763681,0.0,0.0,0.0,0.0,0.0,0.0,0.0,0.0,0.0,0.0,0.0,0.0,0.0,0.0,0.0,0.0,0.0,0.0,0.0,0.15689290811054724,0.0,0.0,0.0,0.0,0.0,0.0,0.0,0.0,0.0,0.17541160386140586,0.0,0.0,0.0,0.0,0.15689290811054724,0.0,0.0,0.2773500981126146,0.0,0.0,0.0,0.0,0.0,0.0,0.0,0.0,0.0,0.0,0.0,0.0,0.0,0.0,0.0,0.0,0.0,0.0,0.0,0.0,1.0,0.0,0.0,0.0,0.0,0.0,0.0,0.0,0.0,0.0,0.0,0.0,0.0,0.0,0.052414241836095915,0.0,0.0,0.0,0.28915746598312014,0.0,0.0,0.0,0.0,0.0,0.0,0.0,0.0,0.0,0.0,0.0,0.0,0.0,0.0,0.0,0.0,0.0,0.0,0.0,0.0,0.0,0.0,0.0,0.0,0.0,0.0,0.0,0.0,0.0,0.0,0.0,0.0,0.0,0.0,0.0,0.0,0.0,0.0,0.0,0.0,0.0,0.0,0.0,0.0,0.0,0.0,0.0,0.0,0.0,0.0,0.0,0.0,0.0,0.0,0.0,0.0,0.0,0.0,0.0,0.0,0.0
herb318,0.15401027590842437,0.0,0.06451612903225808,0.09240616554505461,0.0,0.0,0.05296271413323761,0.0,0.0,0.0,0.0,0.0,0.0,0.083141099321054,0.0,0.0,0.0,0.0,0.0,0.02913582733740325,0.060717674071891624,0.07620007620011429,0.13694775891619418,0.0,0.0,0.0,0.0,0.0,0.0,0.0,0.0254000254000381,0.0,0.0254000254000381,0.0,0.0,0.0,0.0,0.0,0.0,0.03592106040535498,0.24195539543709926,0.0,0.0,0.254000254000381,0.032791291789197645,0.0,0.0,0.0,0.0,0.0,0.0,0.0254000254000381,0.0,0.0,0.08519427513705972,0.0508000508000762,0.0,0.2036532699906392,0.0,0.0,0.0,0.16433731069943303,0.1018266349953196,0.0,0.03225806451612904,0.07620007620011429,0.0508000508000762,0.0,0.0,0.0,0.0,0.15632634987018063,0.0,0.1496710850223124,0.0,0.0,0.0,0.0,0.0,0.0,0.0,0.0,0.0254000254000381,0.0508000508000762,0.0,0.0,0.0,0.0,0.22580645161290325,0.0,0.0,0.07620007620011429,0.0,0.0,0.027389551783238836,0.0,0.0,0.0,0.0,0.0,0.0,0.0,0.0,0.0,0.0,0.0,0.0,0.0,0.0,0.0,0.0,0.0508000508000762,0.0,0.0,0.0,0.0,0.0,0.0,0.0,0.0,0.0,0.4212117695871159,0.0,0.0,0.0,0.0,0.0,0.0,0.0,0.0,0.0,0.0,0.0,0.0,0.13340746919301402,0.0,0.0,0.22975187432024508,0.3063358324269934,0.0,0.0,0.16971105832553268,0.0,0.0,0.0,0.0,0.0,0.0,0.027713699773684666,0.0,0.0,0.0,0.0,0.0,0.20320020320030482,0.0,0.0,0.14400460822119582,0.0,0.22975187432024508,0.0,0.0,0.0,0.0,0.0,0.1270001270001905,0.0,0.0,0.0,0.0,0.0,0.0,0.0,0.0,0.07620007620011429,0.0,0.0,0.0,0.0,0.0,0.0,0.09837387536759293,0.0,0.0,0.1778001778002667,0.29135827337403253,0.0,0.19596545041740515,0.0,0.0,0.0,0.0,0.0508000508000762,0.0,0.0,0.0254000254000381,0.2794002794004191,0.0,0.0,0.1524001524002286,0.0,0.0,0.0,0.0,0.041204282171516456,0.0,0.0,0.0,0.0,0.0,0.0,0.0,0.0,0.0,0.0,0.0,0.0,0.0,0.0885807893036239,0.0,0.0,0.0,0.09837387536759293,0.0,0.0,0.0,0.0,0.0,0.0,0.0,0.0,0.0,0.0,0.0,0.0,0.0,0.21134098610290408,0.0,0.0,1.0000000000000002,0.0,0.032791291789197645,0.0,0.0,0.0,0.0,0.3666177875533833,0.0,0.0,0.1524001524002286,0.0,0.2286002286003429,0.0,0.0508000508000762,0.0,0.0,0.0,0.0,0.16395645894598823,0.0508000508000762,0.32479622744662096,0.0,0.1567723603339241,0.21552636243212991,0.0,0.0,0.0,0.0,0.0,0.0,0.0,0.0,0.0,0.13340746919301402,0.0,0.0254000254000381,0.0,0.0,0.0,0.0,0.0,0.056796183424706485,0.0,0.0,0.0254000254000381,0.0,0.03080205518168487,0.21780342093451605,0.0,0.0,0.0,0.0,0.0,0.1016001016001524,0.0,0.0,0.07620007620011429,0.0,0.0,0.0,0.0,0.0508000508000762,0.0,0.0,0.0,0.0,0.0,0.0,0.0,0.0,0.22975187432024508,0.0,0.0,0.0,0.0,0.17424273674761284,0.0,0.1567723603339241
herb319,0.0,0.4173993557999608,0.2514474228374849,0.0,0.0,0.0282842712474619,0.0,0.0,0.35000000000000003,0.0,0.0,0.0,0.043643578047198484,0.401188709901439,0.3111269837220809,0.0,0.19999999999999998,0.0,0.0,0.2595542738092201,0.0,0.0,0.030499714066520935,0.2213594362117866,0.0,0.0282842712474619,0.0,0.0,0.07302967433402215,0.0,0.19798989873223333,0.0282842712474619,0.1414213562373095,0.3592106040535499,0.0,0.0,0.0,0.06030226891555273,0.24399771253216748,0.0,0.0,0.0,0.27456258919345766,0.1131370849898476,0.0,0.0,0.05773502691896259,0.08944271909999159,0.35,0.0,0.03333333333333333,0.16970562748477142,0.0,0.2186432666440485,0.0316227766016838,0.2262741699796952,0.0,0.0,0.0,0.25560386016907755,0.0,0.0,0.264575131106459,0.0,0.0,0.19798989873223333,0.0,0.031234752377721216,0.07698003589195011,0.26666666666666666,0.3336230624913197,0.0,0.3922322702763681,0.06666666666666667,0.28736848324283987,0.051639777949432225,0.0,0.0,0.0,0.2359071298478354,0.0,0.0,0.0282842712474619,0.0,0.0,0.0,0.07427813527082075,0.0917662935482247,0.0,0.09428090415820635,0.0282842712474619,0.0282842712474619,0.44232586846469146,0.0,0.06099942813304187,0.0,0.0,0.1,0.0,0.08528028654224418,0.0,0.0,0.0,0.0,0.0,0.0,0.044721359549995794,0.0,0.0,0.08728715609439697,0.0,0.0,0.029172998299578912,0.0,0.0,0.38805700005813276,0.3055050463303894,0.0,0.0,0.3670651741928988,0.23333333333333334,0.0,0.0,0.0,0.41311822359545775,0.34914862437758787,0.043643578047198484,0.0,0.0,0.0,0.0,0.0,0.05714285714285714,0.07071067811865475,0.07427813527082075,0.0,0.0,0.0,0.0,0.0,0.0,0.03779644730092272,0.0,0.0,0.0,0.0,0.043643578047198484,0.04264014327112209,0.030860669992418384,0.1979898987322333,0.0,0.0,0.0,0.0,0.19798989873223333,0.03592106040535498,0.12510864843424488,0.053452248382484885,0.0,0.0,0.2086996778999804,0.07302967433402215,0.0,0.04170288281141496,0.0,0.0,0.04264014327112209,0.4992301766027063,0.16970562748477142,0.0,0.0,0.0632455532033676,0.41311822359545775,0.0565685424949238,0.0,0.0,0.0,0.0,0.0,0.39597979746446665,0.08944271909999159,0.0,0.34914862437758787,0.0,0.0,0.0,0.0,0.0,0.0,0.0,0.1979898987322333,0.0,0.0282842712474619,0.0,0.22417941532712202,0.19798989873223333,0.19798989873223333,0.0,0.0,0.2545584412271571,0.0,0.0,0.0,0.0,0.0,0.2262741699796952,0.0,0.0,0.05,0.0,0.0,0.0,0.0,0.0,0.0,0.03244428422615251,0.0,0.4000000000000001,0.0,0.0,0.427617987059879,0.0,0.21908902300206645,0.11094003924504584,0.05773502691896259,0.2599734734478726,0.11338934190276817,0.0,0.2086996778999804,0.0,0.07071067811865475,0.08164965809277262,0.05547001962252292,0.0,0.0,0.0,0.03922322702763681,0.0,0.0,0.0,1.0,0.36514837167011077,0.25620504608813943,0.0,0.16970562748477142,0.32998316455372223,0.0,0.0,0.0,0.0,0.0,0.0,0.11338934190276817,0.0282842712474619,0.22857142857142856,0.23590712984783543,0.37532594530273466,0.22417941532712202,0.03651483716701107,0.0282842712474619,0.2301585822275002,0.030151134457776365,0.0,0.28,0.030151134457776365,0.03333333333333333,0.2694301256218254,0.0,0.0,0.0,0.3055050463303894,0.04264014327112209,0.0565685424949238,0.07427813527082075,0.0,0.0282842712474619,0.047140452079103175,0.08000000000000002,0.03481553119113957,0.0,0.06859943405700353,0.0,0.0,0.047140452079103175,0.0,0.0,0.0,0.0,0.0,0.0,0.0,0.0,0.0,0.0282842712474619,0.3670651741928988,0.0,0.19798989873223333,0.07427813527082075,0.2213594362117866,0.0,0.0,0.0,0.243708718337977,0.09733285267845754,0.0,0.0,0.0,0.1979898987322333,0.0,0.0,0.0,0.27456258919345766,0.22710998958306755,0.0,0.03287979746107146,0.2910427500435996,0.0,0.3055050463303894
herb321,0.06262242910851494,0.19051586888313607,0.2295390425243835,0.0,0.0,0.23237900077244497,0.0,0.0,0.0,0.0,0.0,0.0,0.0,0.19720265943665385,0.18073922282301277,0.0,0.39123039821797573,0.0,0.0,0.29617443887954614,0.030860669992418377,0.0,0.05568460463897045,0.46188021535170065,0.0,0.07745966692414832,0.0,0.0,0.0,0.0,0.3872983346207416,0.07745966692414832,0.15491933384829665,0.26233033431358116,0.0,0.0,0.0,0.0,0.2227384185558818,0.0,0.0,0.0,0.2506402059138015,0.12909944487358055,0.0,0.0,0.0,0.1632993161855452,0.3195048252113469,0.0,0.06085806194501845,0.15491933384829665,0.0,0.19959308197927036,0.0,0.23237900077244497,0.0,0.0,0.0,0.0,0.0,0.0,0.24152294576982394,0.0,0.0,0.20655911179772884,0.07745966692414832,0.2851329742561005,0.0,0.48686449556014766,0.3045547950507524,0.0,0.0,0.0,0.5246606686271623,0.0,0.0,0.0,0.0,0.0,0.02581988897471611,0.02581988897471611,0.10327955589886444,0.05163977794943222,0.0,0.0,0.03390317518104052,0.0837707816583391,0.0,0.0,0.02581988897471611,0.10327955589886444,0.43070552164653236,0.0,0.05568460463897045,0.0,0.0,0.06085806194501845,0.0,0.15569978883230456,0.0,0.0,0.0,0.0,0.05443310539518174,0.0,0.0408248290463863,0.0,0.04428074427700476,0.07968190728895957,0.0,0.0,0.02663118206456537,0.0,0.0,0.3542459542160381,0.2788866755113585,0.0,0.0,0.6701662532667126,0.21300321680756457,0.0,0.0,0.0,0.3771236166328253,0.35856858280031806,0.0,0.0,0.0,0.0,0.0,0.0,0.0521640530957301,0.0,0.0,0.0,0.0,0.07784989441615228,0.0,0.0,0.0,0.0,0.0,0.0,0.0,0.0,0.0,0.0,0.0,0.18073922282301277,0.0,0.0,0.0,0.0,0.18073922282301275,0.032791291789197645,0.03806934938134405,0.0,0.0,0.0,0.0,0.0,0.0,0.03806934938134405,0.0,0.20655911179772887,0.03892494720807614,0.0,0.2581988897471611,0.0,0.0,0.0,0.3771236166328253,0.0,0.02581988897471611,0.027842302319485226,0.0,0.0,0.0,0.18073922282301277,0.0,0.0,0.3187276291558383,0.0,0.0,0.0,0.0,0.0,0.0,0.0,0.20655911179772887,0.0,0.10327955589886444,0.0,0.4677642769637489,0.20655911179772884,0.18073922282301275,0.0,0.0,0.15491933384829665,0.0,0.0,0.033333333333333326,0.0,0.0,0.20655911179772887,0.0,0.30512857662936466,0.0,0.0,0.08660254037844387,0.0,0.026919095102908273,0.0,0.0,0.0,0.0,0.43817804600413285,0.0,0.0,0.39036002917941326,0.0,0.0,0.10127393670836667,0.052704627669472995,0.2373222262672836,0.10350983390135311,0.0,0.408248290463863,0.027524094128159014,0.0,0.0,0.05063696835418333,0.0,0.0,0.0,0.0,0.0,0.0,0.032791291789197645,0.36514837167011077,0.9999999999999998,0.23388213848187442,0.0,0.3356585566713094,0.30123203803835463,0.0,0.0,0.03651483716701107,0.0,0.0,0.0,0.034503277967117704,0.07745966692414832,0.2086562123829204,0.21535276082326618,0.0,0.20464687117164013,0.033333333333333326,0.0,0.21010507881568247,0.0,0.07968190728895957,0.2556038601690775,0.0,0.030429030972509225,0.2459549291242073,0.0,0.0,0.0,0.3984095364447979,0.03892494720807614,0.0,0.0,0.0,0.05163977794943222,0.04303314829119352,0.07302967433402215,0.0,0.0,0.06262242910851494,0.0,0.0,0.0,0.02581988897471611,0.404145188432738,0.0939336436627724,0.0,0.0,0.0,0.0,0.0,0.0761386987626881,0.05163977794943222,0.3350831266333564,0.03001501125938321,0.20655911179772884,0.0,0.202072594216369,0.0,0.0,0.0,0.4767312946227961,0.029617443887954616,0.0,0.0,0.026919095102908273,0.18073922282301277,0.0521640530957301,0.25425669046549126,0.0,0.2506402059138015,0.2073221072156823,0.0,0.0,0.0,0.0,0.2788866755113585
herb322,0.027461751819054483,0.167093470609201,0.2013190579900678,0.0,0.0,0.20380986614602725,0.0,0.30050125348238005,0.0,0.0,0.0,0.0,0.0,0.17295817388759027,0.3396831102433787,0.0,0.16012815380508713,0.0,0.0,0.2597621667330655,0.0,0.0,0.24419314525275218,0.45573271518765,0.0,0.06793662204867575,0.0,0.0,0.0,0.0,0.45291081365783825,0.20380986614602725,0.11322770341445958,0.23007892341722033,0.06405126152203486,0.0,0.0,0.0,0.5860635486066051,0.0,0.0,0.027066598098038335,0.2512297172085311,0.09058216273156766,0.029235267310234306,0.0,0.0,0.0,0.2802242691589025,0.0,0.24019223070763068,0.11322770341445958,0.07767356373806174,0.17505471314812437,0.0,0.2943920288775949,0.0,0.0,0.0,0.0,0.0,0.0,0.24209101306752095,0.0,0.0,0.1585187847802434,0.0,0.22507034547615992,0.0,0.2135042050734495,0.30050125348238005,0.0,0.0,0.0,0.23007892341722033,0.0,0.03673591791853225,0.0,0.0,0.0,0.0,0.0,0.0,0.0,0.0,0.0,0.11894020669001051,0.0,0.02875986542715254,0.0,0.11322770341445958,0.06793662204867575,0.23609608232494284,0.0,0.17093520167692655,0.05661385170722978,0.0,0.10675210253672475,0.0,0.27311549679956754,0.0,0.0,0.0,0.23007892341722033,0.0,0.0,0.03580574370197164,0.06988565578146122,0.07767356373806174,0.20965696734438366,0.0,0.0,0.023357091793352585,0.0,0.0,0.31069425495224695,0.24459979523511427,0.053376051268362375,0.0,0.293887343348258,0.4803844614152614,0.0,0.0,0.0,0.3307592922378892,0.2795426231258449,0.0,0.0,0.3038218101251,0.0,0.04721921646498856,0.0,0.04575090108716775,0.0,0.0,0.0,0.0,0.0,0.0,0.0,0.0,0.0,0.0,0.0,0.0,0.0,0.0,0.0,0.0,0.40761973229205445,0.06405126152203486,0.0,0.0,0.0,0.1585187847802434,0.05751973085430508,0.06677805632941779,0.0,0.0,0.0,0.0,0.0,0.04441155916843275,0.06677805632941779,0.04441155916843275,0.0,0.06827887419989188,0.0,0.24910094751181105,0.0,0.0,0.0,0.3307592922378892,0.0,0.022645540682891915,0.0,0.0,0.1307440900921227,0.0,0.20380986614602725,0.0,0.0,0.2795426231258449,0.02414022747926338,0.0,0.0,0.0,0.03494282789073061,0.0,0.0,0.520847435706514,0.0,0.022645540682891915,0.0,0.46153846153846156,0.18116432546313532,0.1585187847802434,0.0,0.0,0.1358732440973515,0.0,0.0,0.0,0.0,0.0,0.20380986614602722,0.1976664844429603,0.0,0.0,0.0,0.15191090506255,0.0,0.18887686585995425,0.02470831055537004,0.0,0.0,0.0,0.25620504608813943,0.0,0.025976216673306556,0.34236839400873037,0.0,0.0,0.0888231183368655,0.04622501635210243,0.26761546505252365,0.33287514296784126,0.0,0.167093470609201,0.0,0.0,0.0,0.04441155916843275,0.0,0.027874733666903028,0.0,0.0,0.18887686585995425,0.0,0.0,0.25620504608813943,0.23388213848187442,1.0,0.04622501635210243,0.24910094751181105,0.3019405424385589,0.0,0.0,0.03202563076101743,0.0,0.04529108136578383,0.0,0.06052275326688024,0.20380986614602725,0.183003604348671,0.44858255641739136,0.0,0.4358974358974359,0.029235267310234306,0.0,0.18427434427242972,0.0,0.0,0.22417941532712202,0.0,0.0,0.40061680838488767,0.0,0.0,0.029235267310234306,0.24459979523511427,0.30725493389951347,0.0,0.0,0.0,0.04529108136578383,0.33968311024337877,0.12810252304406972,0.027874733666903028,0.0,0.19223226273338137,0.0,0.0,0.0,0.0,0.0,0.10984700727621793,0.0,0.0,0.0,0.02470831055537004,0.04441155916843275,0.033389028164708894,0.022645540682891915,0.293887343348258,0.0,0.20380986614602725,0.0,0.4810511993647417,0.0,0.0,0.022645540682891915,0.1951231356683212,0.15585730003983933,0.033389028164708894,0.0,0.21248647409244853,0.1585187847802434,0.0,0.0,0.0,0.2198260025574647,0.4156194667729049,0.0,0.0,0.0,0.0,0.24459979523511427
herb324,0.0,0.0,0.0,0.14852213144650114,0.0,0.0,0.042562826537937436,0.0,0.0,0.0,0.0,0.0,0.0,0.044543540318737404,0.0,0.0,0.0,0.14433756729740646,0.0,0.0,0.0,0.0,0.0,0.0,0.0,0.040824829046386304,0.0,0.0,0.0,0.0,0.0,0.0,0.0,0.0,0.0,0.0,0.0,0.0,0.0440225453162812,0.0,0.0,0.048795003647426664,0.0,0.0,0.0,0.040824829046386304,0.0,0.0,0.0,0.0,0.0,0.0,0.0,0.09016696346674324,0.04564354645876385,0.0,0.0,0.0,0.0,0.0,0.0,0.0,0.0,0.0,0.0,0.0,0.0,0.0,0.0,0.0,0.0,0.0,0.0,0.0,0.0,0.0,0.0,0.0,0.0,0.0,0.0,0.0,0.0,0.0,0.2165063509461097,0.0,0.0,0.0,0.0,0.0,0.0,0.0,0.0,0.0,0.0,0.0,0.04123930494211613,0.0,0.052704627669472995,0.0,0.0,0.0,0.0,0.0,0.0,0.0,0.0,0.06299407883487121,0.0,0.0,0.0,0.0,0.0,0.048112522432468816,0.0,0.0,0.0,0.0,0.0,0.0,0.048112522432468816,0.0,0.0,0.0,0.0,0.0,0.0,0.0,0.0,0.0,0.0,0.0,0.0,0.0,0.0,0.0,0.0,0.0,0.0,0.0,0.0,0.1091089451179962,0.0,0.0,0.0,0.0,0.12598815766974242,0.0,0.044543540318737404,0.0,0.0,0.0,0.14433756729740646,0.0,0.0,0.0,0.0,0.0,0.0,0.0,0.0,0.0,0.0,0.0,0.0,0.0,0.12309149097933274,0.0,0.0,0.0,0.0,0.0,0.0,0.040824829046386304,0.0,0.0,0.04508348173337162,0.0,0.0,0.0,0.0,0.052704627669472995,0.0,0.0,0.0,0.0,0.0,0.0,0.040824829046386304,0.0,0.040824829046386304,0.0,0.0,0.0,0.0,0.0,0.0,0.0,0.0,0.0,0.0,0.0,0.0,0.0,0.0,0.0,0.0,0.0,0.0,0.0912870929175277,0.0,0.0,0.0,0.044543540318737404,0.040824829046386304,0.0,0.0,0.0,0.047457899787624956,0.0,0.0,0.0,0.0,0.0,0.04166666666666668,0.0,0.0,0.0,0.0,0.0,0.0,0.0,0.0,0.0,0.0,0.0,0.0,0.0,0.0,0.0,0.0,0.0,0.04622501635210243,1.0000000000000002,0.0,0.0,0.0,0.0,0.0,0.0,0.0,0.0,0.0,0.0,0.0,0.0,0.0,0.0,0.0,0.040824829046386304,0.0,0.04351941398892446,0.0,0.0,0.0,0.0,0.0,0.0,0.0,0.0,0.0,0.0,0.040824829046386304,0.0,0.0,0.0,0.0,0.0,0.0,0.0,0.0,0.0,0.0,0.0,0.0,0.0,0.0,0.0,0.0,0.0,0.0,0.0,0.0,0.0,0.0,0.09491579957524991,0.040824829046386304,0.0,0.0,0.17320508075688776,0.0,0.0,0.0,0.0,0.0,0.0,0.0,0.12247448713915891,0.0,0.0,0.0,0.0,0.0,0.0,0.047457899787624956,0.0,0.0,0.0
herb325,0.0,0.10540925533894599,0.1270001270001905,0.0,0.0,0.26,0.3127716210856121,0.0,0.0,0.0,0.0,0.0,0.0,0.1091089451179962,0.2,0.0,0.5454823740581938,0.0,0.04264014327112209,0.22941573387056174,0.0,0.3,0.17253243712550145,0.38013155617496425,0.02581988897471611,0.08,0.023249527748763855,0.0,0.02581988897471611,0.02062842492517587,0.33999999999999997,0.14,0.16,0.17780017780026672,0.0565685424949238,0.0,0.0,0.0,0.23723210104756448,0.0,0.0,0.0,0.16641005886756874,0.18,0.0,0.02,0.0,0.0,0.17677669529663687,0.06324555320336758,0.1649915822768611,0.1,0.0,0.1546041365047852,0.022360679774997897,0.14,0.0,0.0,0.0,0.02581988897471611,0.0,0.0,0.18708286933869706,0.0,0.0,0.18,0.0,0.3092082730095704,0.0,0.3064129385141706,0.29488391230979427,0.0,0.0,0.0,0.35560035560053344,0.0,0.0,0.0,0.33541019662496846,0.3127716210856121,0.02,0.0,0.1,0.02,0.0,0.0,0.02626128657194451,0.0,0.0508000508000762,0.03333333333333334,0.31999999999999995,0.08,0.2502172968684897,0.0,0.02156655464068768,0.0,0.0,0.023570226039551584,0.0,0.0,0.0,0.37499999999999994,0.41602514716892186,0.0,0.021081851067789197,0.3,0.0,0.030860669992418384,0.0,0.030860669992418384,0.06666666666666668,0.3,0.02062842492517587,0.0,0.4082482904638631,0.20579830217101058,0.1543033499620919,0.0,0.0,0.38933141071383004,0.23570226039551584,0.030151134457776358,0.0,0.0,0.21908902300206642,0.21602468994692867,0.0,0.0,0.0,0.0,0.0,0.0,0.020203050891044214,0.0,0.0,0.0,0.0,0.0,0.0,0.0,0.0,0.0,0.28879794895246214,0.0,0.0,0.0,0.06172133998483677,0.0,0.0,0.2,0.0,0.31980107453341566,0.0,0.0,0.16,0.0,0.0,0.0,0.0,0.0,0.0,0.05163977794943222,0.0,0.02948839123097943,0.0,0.16,0.0,0.03922322702763681,0.32,0.0,0.035355339059327376,0.0,0.21908902300206642,0.0,0.22000000000000003,0.0,0.3312945782245397,0.0,0.0,0.13999999999999999,0.0,0.0,0.1851640199545103,0.0,0.3,0.0,0.0,0.030860669992418384,0.0,0.0,0.22,0.0,0.06,0.0,0.3623286509262706,0.19999999999999998,0.16,0.0,0.0,0.1,0.0,0.0,0.0,0.33968311024337866,0.0,0.12000000000000001,0.0,0.18382900600361157,0.0,0.0,0.0,0.0,0.0,0.0,0.3,0.0,0.07844645405527362,0.16970562748477142,0.0,0.0,0.2267786838055363,0.0,0.02581988897471611,0.03922322702763681,0.020412414523193152,0.13130643285972254,0.18708286933869706,0.0,0.23190036174568113,0.0,0.0,0.0,0.0,0.0,0.0,0.0,0.0,0.020851441405707476,0.0,0.0,0.16970562748477142,0.3356585566713094,0.24910094751181105,0.0,1.0,0.23333333333333334,0.0,0.0,0.0,0.3,0.31999999999999995,0.3,0.05345224838248487,0.1,0.42426406871192845,0.29192017967990463,0.0,0.20380986614602725,0.0,0.0,0.11624763874381927,0.0,0.030860669992418384,0.1414213562373095,0.31980107453341566,0.04714045207910317,0.16329931618554522,0.0,0.0,0.0,0.1543033499620919,0.18090680674665816,0.0,0.0,0.0,0.08,0.23333333333333336,0.08485281374238571,0.0,0.0,0.07276068751089988,0.0,0.0,0.0,0.0,0.223606797749979,0.04850712500726659,0.0,0.0,0.0,0.0,0.0,0.0,0.12,0.19466570535691502,0.0,0.14,0.02626128657194451,0.223606797749979,0.0,0.0,0.3,0.270801280154532,0.04588314677411236,0.0,0.0,0.020851441405707476,0.1,0.0,0.14770978917519928,0.0,0.1386750490563073,0.2064741604835056,0.0,0.0,0.0,0.3127716210856121,0.1543033499620919
herb326,0.0,0.2459549291242073,0.2963336296671112,0.0,0.0,0.2,0.0,0.0,0.0,0.0,0.0,0.0,0.0,0.2545875386086578,0.2666666666666667,0.0,0.26937401188058957,0.0,0.07106690545187015,0.26765168951565543,0.0,0.0,0.10783277320343843,0.298142396999972,0.08606629658238704,0.03333333333333334,0.0,0.0,0.04303314829119352,0.03438070820862645,0.23333333333333334,0.06666666666666668,0.13333333333333336,0.2963336296671112,0.0,0.0,0.0,0.0,0.2875540618758358,0.0,0.0,0.0,0.3235751144647171,0.10000000000000002,0.0,0.03333333333333334,0.0,0.0,0.41247895569215276,0.0,0.07856742013183862,0.13333333333333336,0.0,0.25767356084130866,0.0372677996249965,0.23333333333333336,0.0,0.0,0.0,0.04303314829119352,0.0,0.0,0.31180478223116176,0.09829463743659811,0.0,0.2,0.0,0.2208630521496931,0.0,0.3142696805273545,0.3440312310280934,0.0,0.0,0.0,0.33866700533384136,0.0,0.0,0.0,0.0,0.0,0.0,0.06666666666666668,0.03333333333333334,0.0,0.0,0.0,0.08753762190648172,0.0,0.0,0.22222222222222227,0.03333333333333334,0.03333333333333334,0.24326681639992057,0.0,0.07188851546895896,0.0,0.0,0.07856742013183862,0.0,0.0,0.0,0.0,0.0,0.0,0.0,0.0,0.052704627669472995,0.0,0.0,0.10286889997472795,0.0,0.0,0.0,0.0,0.04536092116265145,0.40016336533252067,0.3600411499115478,0.0,0.0,0.37851664930511253,0.3142696805273545,0.050251890762960605,0.0,0.0,0.42600643361512924,0.3600411499115478,0.0,0.0,0.0,0.0,0.0,0.10540925533894599,0.06734350297014739,0.0,0.0,0.0,0.0,0.0,0.0,0.0,0.0,0.0,0.03438070820862645,0.0,0.0,0.0,0.0,0.0,0.0,0.2666666666666667,0.0,0.0,0.0,0.0,0.2,0.04233337566673017,0.049147318718299055,0.0,0.0,0.0,0.07027283689263066,0.0,0.0,0.09829463743659811,0.0,0.13333333333333336,0.050251890762960605,0.06537204504606135,0.23333333333333334,0.0,0.05892556509887897,0.0,0.42600643361512924,0.0,0.0,0.07188851546895896,0.0,0.0,0.0,0.23333333333333336,0.0,0.0,0.3600411499115478,0.0,0.0,0.0,0.0,0.0,0.0,0.0,0.2666666666666667,0.0,0.0,0.0,0.3019405424385589,0.2,0.2,0.0,0.0,0.2,0.0,0.0,0.08606629658238704,0.0,0.0,0.23333333333333336,0.0,0.04376881095324086,0.0,0.0,0.0,0.0,0.0,0.0,0.0,0.0,0.0,0.32998316455372223,0.0,0.0,0.44095855184409843,0.0,0.04303314829119352,0.1307440900921227,0.06804138174397718,0.306381676672686,0.1781741612749496,0.0,0.2459549291242073,0.0,0.0,0.0,0.06537204504606135,0.0,0.0,0.0,0.0,0.13900960937138318,0.0,0.0,0.32998316455372223,0.30123203803835463,0.3019405424385589,0.0,0.23333333333333334,1.0000000000000002,0.0,0.0,0.0,0.0,0.0,0.0,0.0,0.03333333333333334,0.2357022603955159,0.27801921874276636,0.0,0.3019405424385589,0.04303314829119352,0.0,0.271244490402245,0.0,0.0,0.3771236166328254,0.0,0.0,0.3628873693012116,0.0,0.0,0.0,0.3600411499115478,0.10050378152592121,0.0,0.0,0.0,0.03333333333333334,0.11111111111111113,0.09428090415820635,0.0,0.0,0.08084520834544433,0.0,0.0,0.0,0.0,0.0,0.0,0.0,0.0,0.0,0.0,0.0,0.0,0.03333333333333334,0.37851664930511253,0.0,0.23333333333333334,0.04376881095324086,0.44721359549995804,0.0,0.0,0.0,0.28721347895177646,0.03823595564509363,0.0,0.0,0.034752402342845795,0.23333333333333336,0.0,0.0,0.0,0.3235751144647171,0.30588764516074907,0.0,0.0,0.0,0.0,0.3600411499115478
herb328,0.35007002100700246,0.0,0.0,0.2100420126042015,0.0,0.0,0.0,0.0,0.0,0.0,0.0,0.0,0.0,0.18898223650461363,0.0,0.0,0.0,0.0,0.0,0.0,0.0,0.0,0.31128640318234524,0.0,0.0,0.0,0.06711560552140244,0.0,0.0,0.0,0.0,0.0,0.0,0.0,0.0,0.0,0.0,0.0,0.0,0.08164965809277262,0.3928371006591931,0.0,0.0,0.2886751345948129,0.0,0.0,0.0,0.0,0.0,0.0,0.0,0.0,0.0,0.0,0.19364916731037085,0.05773502691896258,0.0,0.4629100498862757,0.0,0.0,0.0,0.06225728063646904,0.23145502494313785,0.0,0.0,0.0,0.05773502691896258,0.0,0.0,0.0,0.0,0.35533452725935083,0.0,0.34020690871988585,0.0,0.0,0.0,0.0,0.0,0.0,0.0,0.0,0.0,0.0,0.0,0.0,0.0,0.0,0.3666177875533833,0.0,0.0,0.05773502691896258,0.0,0.0,0.0,0.0,0.0,0.0,0.0,0.0,0.0,0.0,0.0,0.0,0.0,0.0,0.0,0.0,0.0,0.0,0.0,0.0,0.0,0.0,0.0,0.0,0.0,0.0,0.0,0.0,0.0,0.3481553119113957,0.0,0.0,0.0,0.0,0.0,0.0,0.0,0.0,0.0,0.0,0.0,0.0,0.0,0.0,0.0,0.4351941398892446,0.08703882797784893,0.0,0.0,0.0,0.0,0.0,0.0,0.0,0.0,0.0,0.0,0.0,0.0,0.0,0.0,0.0,0.2886751345948129,0.0,0.0,0.32732683535398865,0.0,0.3481553119113957,0.0,0.0,0.0,0.0,0.0,0.0,0.0,0.0,0.0,0.0,0.0,0.0,0.0,0.0,0.0,0.0,0.0,0.0,0.0,0.0,0.0,0.223606797749979,0.0,0.0,0.2886751345948129,0.33113308926626106,0.0,0.44543540318737407,0.0,0.0,0.0,0.0,0.0,0.0,0.0,0.0,0.2886751345948129,0.0,0.0,0.05773502691896258,0.0,0.0,0.0,0.0,0.0,0.0,0.0,0.0,0.0,0.0,0.0,0.0,0.0,0.0,0.05773502691896258,0.0,0.0,0.0,0.20134681656420733,0.0,0.0,0.0,0.223606797749979,0.0,0.0,0.0,0.0,0.0,0.0,0.0,0.0,0.0,0.0,0.0,0.0,0.0,0.0,0.0,0.0,0.3666177875533833,0.0,0.0,0.0,0.0,0.0,0.0,1.0000000000000002,0.0,0.0,0.2886751345948129,0.0,0.2886751345948129,0.0,0.0,0.0,0.0,0.0,0.0,0.372677996249965,0.0,0.20134681656420733,0.0,0.0,0.40824829046386313,0.0,0.0,0.0,0.0,0.0,0.0,0.0,0.0,0.0,0.0,0.0,0.0,0.0,0.0,0.0,0.0,0.0,0.0,0.0,0.0,0.0,0.0,0.0,0.4950737714883372,0.0,0.0,0.0,0.0,0.0,0.05773502691896258,0.0,0.0,0.0,0.0,0.0,0.0,0.0,0.0,0.0,0.0,0.0,0.0,0.0,0.0,0.0,0.0,0.3481553119113957,0.0,0.0,0.0,0.0,0.39605901719066977,0.0,0.35634832254989923
herb329,0.07669649888473704,0.0,0.0,0.0,0.0,0.0,0.0,0.0,0.0,0.0,0.0,0.0,0.0,0.0,0.18973665961010275,0.0,0.0,0.0,0.0,0.0,0.03779644730092272,0.0,0.0,0.0,0.0,0.03162277660168379,0.0,0.0,0.0,0.0,0.03162277660168379,0.0,0.18973665961010272,0.0,0.1341640786499874,0.0,0.0,0.0,0.0,0.08944271909999159,0.2581988897471611,0.0,0.0,0.09486832980505137,0.0,0.0,0.0,0.0,0.0,0.0,0.0,0.06324555320336758,0.0,0.13968605915391563,0.0,0.06324555320336758,0.0,0.0,0.0,0.0,0.0,0.0,0.0,0.0,0.04016096644512494,0.15811388300841894,0.0,0.03492151478847891,0.0,0.0,0.0,0.0,0.0,0.2608745973749754,0.0,0.0,0.0512989176042577,0.05773502691896257,0.0,0.0,0.03162277660168379,0.0,0.0,0.0,0.0,0.0,0.0,0.0,0.08032193289024989,0.0,0.0,0.06324555320336758,0.03296902366978935,0.0,0.0,0.0,0.0,0.0,0.0,0.0,0.0,0.0,0.0,0.0,0.0,0.0,0.0,0.0,0.0,0.0,0.316227766016838,0.0,0.0,0.0,0.0,0.0,0.0,0.0,0.0,0.0,0.0,0.0,0.05976143046671968,0.0,0.0,0.0,0.0,0.03296902366978935,0.0,0.0,0.0,0.0,0.0,0.0,0.0,0.0,0.0,0.0,0.09534625892455922,0.0,0.0,0.0,0.0,0.0,0.0,0.0,0.2927700218845599,0.0,0.0,0.0,0.0,0.0,0.0,0.0,0.09486832980505137,0.0,0.0,0.0,0.0,0.0,0.0,0.2857738033247041,0.0,0.0,0.0,0.0,0.0,0.0,0.03162277660168379,0.0,0.0,0.0,0.0,0.0,0.06324555320336758,0.0,0.0,0.0,0.0,0.06324555320336758,0.0,0.0,0.0,0.0,0.0,0.0,0.0,0.0,0.0,0.0,0.0,0.09534625892455922,0.03162277660168379,0.0,0.0,0.06324555320336758,0.09486832980505137,0.0,0.0,0.03162277660168379,0.0,0.0,0.0,0.0,0.0,0.06324555320336758,0.0,0.0,0.22360679774997896,0.0,0.0,0.0,0.0,0.0,0.03162277660168379,0.0,0.06201736729460423,0.0,0.0,0.0,0.0,0.0,0.0,0.0,0.0,0.0,0.0,0.0,0.03333333333333333,0.0,0.0,0.0,0.0,0.0,0.0,0.0,0.0,0.0,0.0,0.0,0.0,0.0,0.0,0.0,0.0,0.0,0.0,1.0,0.0,0.0,0.0,0.0,0.0,0.09486832980505137,0.0,0.0,0.0,0.0,0.0,0.15811388300841894,0.0,0.0,0.04879500364742666,0.0,0.0,0.07453559924999298,0.0,0.0,0.0,0.0,0.0,0.0,0.0,0.0,0.0,0.12649110640673517,0.0,0.08944271909999159,0.0,0.0,0.03834824944236852,0.0,0.0,0.0,0.03162277660168379,0.0,0.0,0.05423261445466404,0.0,0.0,0.0,0.0,0.0,0.0,0.3077935056255462,0.0,0.06324555320336758,0.0,0.0,0.0,0.0,0.0,0.0,0.0,0.0,0.0,0.0,0.0,0.0,0.0,0.0,0.0,0.0,0.0512989176042577,0.0,0.0,0.0,0.0
herb330,0.13719886811400706,0.0,0.0,0.10289915108550529,0.0,0.0,0.0,0.08340576562282992,0.05,0.0,0.0,0.0,0.0,0.0,0.0,0.32118202741878643,0.0,0.0,0.0,0.0,0.0,0.0,0.0,0.0,0.18257418583505536,0.0282842712474619,0.0,0.0,0.1460593486680443,0.11669199319831565,0.1131370849898476,0.1131370849898476,0.0,0.0,0.0,0.0,0.08728715609439697,0.0,0.0,0.0,0.0,0.33806170189140666,0.0,0.0,0.36514837167011077,0.0,0.0,0.0,0.0,0.0,0.0,0.0282842712474619,0.048507125007266595,0.0,0.0,0.0,0.0,0.0,0.0,0.0,0.0,0.0,0.0,0.0,0.0,0.0,0.0282842712474619,0.06246950475544243,0.0,0.0,0.0,0.0,0.11766968108291043,0.13333333333333333,0.0,0.0,0.22941573387056174,0.2065591117977289,0.0,0.0,0.0,0.1414213562373095,0.0282842712474619,0.0,0.15000000000000002,0.0,0.0,0.0,0.0,0.0,0.0,0.0,0.0,0.0,0.12199885626608374,0.45961940777125576,0.0,0.0,0.07302967433402215,0.0,0.14368424162141993,0.0,0.0,0.0,0.11925695879998881,0.0,0.0,0.0,0.1455213750217998,0.0,0.0,0.0,0.0,0.0,0.0,0.0,0.0,0.3333333333333333,0.0,0.0,0.06666666666666667,0.0,0.0,0.0,0.0,0.0,0.0,0.0,0.0,0.0,0.3833490860027325,0.0,0.0,0.21213203435596426,0.0,0.1885618083164127,0.0,0.0,0.0,0.0,0.0,0.0,0.0,0.13764944032233706,0.08340576562282992,0.0,0.0,0.0,0.0,0.0,0.39999999999999997,0.0,0.2,0.0,0.0,0.0,0.0,0.0,0.0,0.0,0.0,0.0,0.2218800784900917,0.41702882811414954,0.0,0.0,0.17056057308448835,0.0,0.0,0.0,0.0,0.0,0.0,0.1131370849898476,0.0,0.030499714066520935,0.09370425713316365,0.24494897427831788,0.08944271909999159,0.0282842712474619,0.044721359549995794,0.0,0.08728715609439697,0.12060453783110546,0.0,0.0,0.0,0.0,0.1131370849898476,0.0,0.0,0.0,0.0282842712474619,0.17457431218879393,0.0,0.0,0.0,0.0,0.0,0.0282842712474619,0.0,0.09701425001453319,0.03651483716701107,0.0,0.0,0.1131370849898476,0.0,0.0,0.0,0.0,0.09486832980505139,0.0,0.02948839123097943,0.3086066999241838,0.0,0.0,0.0,0.0,0.09863939238321438,0.06488856845230502,0.0,0.0,0.07302967433402215,0.0,0.11547005383792518,0.0,0.0,0.0,0.0298142396999972,0.18090680674665818,0.0,0.0,0.11094003924504584,0.2065591117977289,0.06963106238227915,0.0,0.0,0.0,0.0,0.0,0.0,0.03651483716701107,0.03202563076101743,0.0,0.0,0.0,0.0,0.0,1.0,0.0565685424949238,0.0,0.0,0.03779644730092272,0.0,0.0,0.0,0.0,0.0,0.0,0.0,0.0,0.0,0.0,0.16000000000000003,0.0,0.0,0.0,0.0,0.0,0.47469288317114405,0.0,0.2984810028978546,0.0565685424949238,0.0,0.0,0.0,0.0,0.0,0.4526019054848143,0.0,0.0,0.0,0.13333333333333333,0.1885618083164127,0.0,0.0,0.0,0.0,0.047140452079103175,0.0,0.15430334996209194,0.5547001962252291,0.2919201796799047,0.0282842712474619,0.0,0.1643989873053573,0.0,0.0,0.0,0.0,0.0,0.3676955262170048,0.0,0.0,0.16681153124565984,0.0,0.0,0.0,0.0,0.24370871833797697,0.0,0.0,0.0,0.0,0.0,0.0,0.11795356492391772,0.0
herb332,0.12126781251816647,0.021081851067789197,0.0,0.07276068751089988,0.0,0.0,0.3127716210856121,0.08846517369293828,0.0,0.0,0.0,0.0,0.0,0.06546536707079771,0.0,0.0,0.32324881425670743,0.0,0.0,0.02294157338705618,0.0,0.6,0.15096588248481377,0.0,0.0,0.08,0.04649905549752771,0.04264014327112209,0.0,0.0,0.02,0.0,0.0,0.0,0.0,0.0,0.0,0.0,0.0,0.0282842712474619,0.16329931618554522,0.0,0.0,0.2,0.02581988897471611,0.04,0.0,0.0,0.035355339059327376,0.0,0.0,0.0,0.0,0.02208630521496931,0.0670820393249937,0.1,0.0,0.16035674514745463,0.035355339059327376,0.0,0.0,0.04313310928137536,0.08017837257372731,0.0,0.0,0.02,0.04,0.08834522085987724,0.0,0.0,0.0,0.12309149097933274,0.0,0.11785113019775792,0.0,0.0,0.09733285267845751,0.0,0.33541019662496846,0.3127716210856121,0.0,0.0,0.06,0.02,0.07071067811865475,0.0,0.0,0.0,0.17780017780026672,0.0,0.3,0.02,0.0,0.0,0.02156655464068768,0.075,0.04040610178208843,0.0,0.07745966692414832,0.0,0.0,0.45,0.4714951667914448,0.0,0.0,0.36,0.0,0.0,0.0,0.0,0.0,0.3,0.0,0.04714045207910317,0.3810317377662722,0.0,0.0,0.0,0.03651483716701107,0.0,0.07071067811865475,0.1507556722888818,0.0,0.0,0.0,0.0,0.0,0.04170288281141495,0.0,0.0,0.04170288281141495,0.0,0.0,0.0,0.0,0.0,0.0,0.1507556722888818,0.060302268915552716,0.0,0.0,0.0,0.309426373877638,0.0,0.17693034738587657,0.0,0.0,0.0,0.02182178902359924,0.0,0.0,0.3837612894400988,0.1414213562373095,0.0,0.1,0.0,0.0,0.11338934190276817,0.0,0.12060453783110543,0.021081851067789197,0.0,0.0,0.05897678246195886,0.0,0.02,0.0,0.0,0.04,0.0,0.0,0.0,0.0,0.04,0.22000000000000003,0.02156655464068768,0.3312945782245397,0.0,0.0,0.0,0.0,0.07745966692414832,0.12344267996967354,0.0,0.5,0.11470786693528089,0.0,0.1543033499620919,0.0,0.0,0.0,0.0,0.06,0.0,0.0,0.0,0.1,0.0,0.0,0.06,0.0,0.10289915108550529,0.0,0.3849741916091625,0.0324442842261525,0.0,0.0,0.0,0.0,0.0,0.0670820393249937,0.02461829819586655,0.0,0.0,0.3,0.0,0.0,0.0,0.06974858324629157,0.06882472016116853,0.0,0.0,0.12909944487358055,0.0,0.0,0.02626128657194451,0.0,0.0,0.0,0.0,0.0,0.0,0.11766968108291043,0.0,0.07385489458759964,0.0,0.02773500981126146,0.0,0.0,0.1524001524002286,0.0,0.0,0.0,0.0,0.3,0.0,0.2886751345948129,0.0,0.0565685424949238,1.0,0.31999999999999995,0.43999999999999995,0.0,0.0,0.34345186514775167,0.0,0.0,0.0,0.18073922282301275,0.0,0.06974858324629157,0.04264014327112209,0.030860669992418384,0.1414213562373095,0.31980107453341566,0.0,0.0,0.0,0.0,0.07745966692414832,0.0,0.0,0.06,0.0,0.0,0.0,0.0,0.0,0.07385489458759964,0.044721359549995794,0.0,0.0,0.09428090415820634,0.0,0.02,0.0,0.0,0.17149858514250882,0.0,0.0,0.0,0.0,0.08846517369293828,0.14,0.0,0.0,0.02,0.05252257314388902,0.0,0.0,0.0,0.36,0.0,0.0,0.02948839123097943,0.0,0.0,0.04,0.0,0.0,0.1507556722888818,0.0,0.0,0.0,0.0,0.13719886811400706,0.3127716210856121,0.12344267996967354
herb333,0.0,0.0,0.0,0.09701425001453318,0.0,0.02,0.35447450389702706,0.0,0.0,0.04264014327112209,0.0,0.0,0.0,0.08728715609439695,0.02,0.0,0.32324881425670743,0.035355339059327376,0.0,0.0,0.0,0.32,0.02156655464068768,0.044721359549995794,0.0,0.1,0.04649905549752771,0.0,0.0,0.1443989744762311,0.04,0.02,0.1,0.0,0.08485281374238571,0.0,0.09258200997725516,0.0,0.04313310928137536,0.0,0.02721655269759087,0.09561828874675149,0.0,0.08,0.0,0.08,0.0,0.0,0.0,0.0,0.023570226039551584,0.06,0.0,0.0,0.08944271909999159,0.0,0.0,0.0,0.21213203435596423,0.0,0.0,0.0,0.0,0.0,0.0,0.06,0.0,0.02208630521496931,0.10886621079036347,0.0,0.0,0.0,0.11094003924504584,0.0,0.0,0.0,0.0,0.0,0.42485291572496003,0.396177386708442,0.0,0.0,0.06,0.0,0.0,0.0,0.18382900600361157,0.0,0.0,0.0,0.43999999999999995,0.06,0.0,0.0,0.02156655464068768,0.0,0.10101525445522107,0.0,0.10327955589886444,0.0,0.0,0.39999999999999997,0.44376015698018334,0.0,0.021081851067789197,0.52,0.0,0.3703280399090206,0.0,0.06172133998483677,0.0,0.39999999999999997,0.0,0.09428090415820634,0.43546484316145395,0.0,0.030860669992418384,0.0,0.1460593486680443,0.0,0.04714045207910317,0.0,0.0,0.0,0.0,0.12344267996967354,0.12344267996967354,0.0834057656228299,0.0,0.0,0.0,0.0,0.10101525445522107,0.0,0.18382900600361157,0.0,0.0,0.0,0.0,0.03162277660168379,0.0,0.0,0.3300547988028139,0.0,0.0,0.0,0.0,0.0,0.08728715609439695,0.14,0.0,0.490361647617904,0.0,0.05345224838248487,0.0,0.0,0.02948839123097943,0.0,0.1585187847802434,0.0,0.04216370213557839,0.0,0.0,0.0,0.11766968108291043,0.0,0.0,0.0,0.02,0.10690449676496974,0.0,0.0,0.0,0.08,0.18,0.04313310928137536,0.39755349386944766,0.0,0.0,0.08,0.03162277660168379,0.10327955589886444,0.0,0.0,0.31999999999999995,0.0,0.21105794120443452,0.030860669992418384,0.08,0.0,0.2,0.0,0.0,0.0,0.04529108136578383,0.06,0.0,0.1905158688831361,0.0,0.08,0.0,0.0,0.02581988897471611,0.4076197322920544,0.0,0.0,0.02182178902359924,0.0,0.035355339059327376,0.08944271909999159,0.0,0.0492365963917331,0.020851441405707476,0.08728715609439695,0.4599999999999999,0.0,0.0,0.0,0.11624763874381927,0.0,0.0,0.0,0.0,0.0,0.08164965809277261,0.0,0.026726124191242435,0.0,0.0,0.0,0.15,0.0,0.0,0.0,0.0,0.18973665961010275,0.05547001962252292,0.0,0.0,0.0,0.0,0.0,0.04529108136578383,0.0,0.31999999999999995,0.0,0.0,0.0,0.0,0.31999999999999995,1.0000000000000002,0.32,0.0,0.12000000000000001,0.32324881425670743,0.04170288281141495,0.0,0.04529108136578383,0.0,0.13999999999999999,0.11624763874381927,0.08528028654224418,0.030860669992418384,0.0,0.5969620057957092,0.0,0.0,0.0,0.0,0.0,0.0,0.030151134457776358,0.08,0.18382900600361157,0.04264014327112209,0.12000000000000001,0.03333333333333334,0.0282842712474619,0.0,0.0,0.024253562503633294,0.0,0.0,0.13333333333333336,0.16,0.0,0.024253562503633294,0.0,0.0,0.0,0.0,0.0,0.0,0.06,0.0,0.0,0.02,0.18382900600361157,0.044721359549995794,0.0282842712474619,0.0,0.33999999999999997,0.0,0.1835325870964494,0.0,0.02581988897471611,0.0,0.08,0.0,0.07385489458759964,0.030151134457776358,0.0,0.04588314677411236,0.0,0.09299811099505542,0.0,0.354474503897027,0.0
herb334,0.16977493752543305,0.0,0.0,0.12126781251816647,0.0,0.0,0.33362306249131957,0.0,0.0,0.0,0.0,0.0,0.0,0.06546536707079771,0.06,0.0,0.32324881425670743,0.0,0.0,0.0,0.0,0.32,0.1078327732034384,0.0,0.0,0.02,0.0,0.0,0.0,0.02062842492517587,0.0,0.0,0.04,0.0,0.0,0.0,0.0,0.0,0.0,0.0282842712474619,0.1905158688831361,0.0,0.0,0.18,0.07745966692414832,0.0,0.0,0.0,0.0,0.0,0.0,0.04,0.034299717028501764,0.0,0.11180339887498948,0.02,0.0,0.26726124191242434,0.0,0.0,0.0,0.2156655464068768,0.1603567451474546,0.02948839123097943,0.0,0.04,0.1,0.0,0.0,0.0,0.0,0.12309149097933274,0.0,0.1649915822768611,0.0,0.0,0.0,0.0,0.35777087639996635,0.33362306249131957,0.02,0.0,0.0,0.08,0.0,0.0,0.0,0.0,0.1524001524002286,0.06666666666666668,0.32,0.02,0.0,0.0,0.02156655464068768,0.0,0.0,0.04714045207910317,0.0,0.0,0.0,0.39999999999999997,0.44376015698018334,0.22860022860034293,0.0,0.31999999999999995,0.0,0.0,0.0,0.0,0.06666666666666668,0.32,0.0,0.0,0.4082482904638631,0.0,0.0,0.0,0.0,0.0,0.0,0.1507556722888818,0.07559289460184544,0.0,0.0,0.0,0.06172133998483677,0.0,0.0,0.0,0.0,0.0,0.0,0.0,0.0,0.0,0.0,0.3919647479510927,0.060302268915552716,0.0,0.0,0.2939873661036668,0.309426373877638,0.0,0.0,0.0,0.0,0.0,0.08728715609439695,0.0,0.0,0.3411211461689767,0.0,0.0,0.13999999999999999,0.0,0.0,0.1889822365046136,0.022645540682891915,0.3618136134933163,0.0,0.02581988897471611,0.0,0.0,0.0,0.1,0.0,0.0,0.0,0.0,0.07071067811865475,0.0,0.0,0.0,0.18,0.0,0.353380883439509,0.0,0.0,0.0,0.0,0.15491933384829665,0.0,0.0,0.39999999999999997,0.1835325870964494,0.0,0.1543033499620919,0.0,0.0,0.0,0.0,0.04,0.0,0.0,0.1,0.13999999999999999,0.0,0.0,0.1,0.0,0.0,0.0,0.3849741916091625,0.0324442842261525,0.02,0.19639610121239315,0.0,0.0,0.0,0.0,0.02461829819586655,0.18766297265136725,0.0,0.32,0.0,0.0,0.0,0.06974858324629157,0.0,0.0,0.0,0.07745966692414832,0.0,0.0,0.02626128657194451,0.0,0.0,0.0,0.1918806447200494,0.0,0.0,0.0,0.07302967433402215,0.0,0.0,0.0,0.0,0.0,0.2286002286003429,0.0,0.0,0.0,0.0,0.3,0.0,0.2886751345948129,0.0,0.0,0.43999999999999995,0.32,1.0,0.026726124191242435,0.0,0.32324881425670743,0.0,0.0,0.0,0.3356585566713094,0.0,0.13949716649258315,0.0,0.0,0.1414213562373095,0.3411211461689767,0.0,0.0,0.0,0.0,0.10327955589886444,0.0,0.030151134457776358,0.0,0.0,0.0,0.02,0.0,0.0,0.0,0.0,0.024253562503633294,0.0,0.0,0.0,0.0,0.0,0.0,0.24009801919951235,0.0,0.0,0.0,0.0,0.0,0.1,0.0324442842261525,0.0,0.0,0.0,0.0,0.0,0.0,0.32,0.0,0.0,0.08846517369293828,0.0,0.14596008983995232,0.04,0.18182745801939793,0.0,0.12060453783110543,0.0,0.0,0.0,0.0,0.20579830217101058,0.33362306249131957,0.1851640199545103
herb335,0.0,0.1690308509457033,0.0,0.0,0.0,0.1336306209562122,0.0,0.07881104062391006,0.1889822365046136,0.0,0.03779644730092272,0.042257712736425826,0.041239304942116126,0.0,0.026726124191242435,0.04335549847620599,0.05399492471560388,0.0,0.11396057645963795,0.09197090092274487,0.0,0.0,0.08645856265563523,0.05976143046671968,0.34503277967117707,0.0,0.0,0.05698028822981897,0.17251638983558854,0.08269767696299568,0.05345224838248487,0.05345224838248487,0.026726124191242435,0.1018266349953196,0.0,0.0,0.041239304942116126,0.05698028822981897,0.05763904177042349,0.0,0.0,0.0,0.0,0.026726124191242435,0.0,0.05345224838248487,0.0545544725589981,0.21128856368212912,0.0,0.0,0.0629940788348712,0.026726124191242435,0.0,0.059028133610095526,0.02988071523335984,0.05345224838248487,0.0,0.0,0.0,0.27602622373694163,0.0,0.028819520885211745,0.0,0.0,0.23759548165574573,0.026726124191242435,0.1336306209562122,0.029514066805047763,0.0,0.0944911182523068,0.03940552031195503,0.1315903389919538,0.0,0.1259881576697424,0.13576884666042613,0.0,0.0,0.0,0.17928429140015906,0.0,0.10690449676496974,0.08017837257372731,0.0,0.1336306209562122,0.0944911182523068,0.0,0.035093120317179816,0.3034884893334419,0.03394221166510653,0.0890870806374748,0.0,0.0,0.05572782125753528,0.0,0.0,0.0,0.0,0.0629940788348712,0.0,0.24174688920761406,0.0,0.0,0.0,0.1018266349953196,0.0,0.0,0.042257712736425826,0.0,0.04583492485141056,0.0,0.0445435403187374,0.0,0.16539535392599136,0.0,0.036369648372665396,0.04583492485141056,0.0,0.0,0.0,0.04335549847620599,0.0314970394174356,0.08058229640253801,0.0,0.0,0.04879500364742665,0.041239304942116126,0.041239304942116126,0.0,0.11952286093343936,0.04335549847620599,0.0,0.0,0.08099238707340582,0.06681531047810609,0.07018624063435963,0.0,0.0,0.04029114820126901,0.0,0.0,0.0,0.07142857142857141,0.0,0.0,0.0,0.0,0.08247860988423225,0.32232918561015206,0.029160592175990215,0.05345224838248487,0.0,0.0,0.0,0.0,0.026726124191242435,0.03394221166510653,0.07881104062391006,0.10101525445522107,0.0,0.04029114820126901,0.253546276418555,0.13801311186847082,0.0,0.03940552031195503,0.0,0.0,0.0,0.10482848367219183,0.05345224838248487,0.0,0.1889822365046136,0.0,0.04879500364742665,0.05345224838248487,0.0,0.028819520885211745,0.0,0.0,0.042257712736425826,0.18708286933869706,0.25354627641855493,0.0,0.041239304942116126,0.028490144114909487,0.0,0.0,0.08058229640253801,0.0,0.0,0.041239304942116126,0.026726124191242435,0.0,0.08017837257372731,0.0,0.06052275326688024,0.026726124191242435,0.026726124191242435,0.0,0.07715167498104596,0.16035674514745463,0.0,0.0,0.0,0.0,0.0,0.05345224838248487,0.08748177652797065,0.07018624063435963,0.0472455591261534,0.0,0.08964214570007953,0.0,0.19504737440137349,0.0,0.0,0.0,0.052414241836095915,0.264575131106459,0.0,0.15328483487124145,0.050507627227610534,0.0,0.10350983390135311,0.0,0.0,0.0,0.035714285714285705,0.0,0.02817180849095055,0.028490144114909487,0.06681531047810609,0.07715167498104596,0.0,0.0,0.0,0.0,0.11118739749916517,0.02786391062876764,0.052414241836095915,0.0,0.11338934190276817,0.034503277967117704,0.06052275326688024,0.0,0.05345224838248487,0.0,0.0,0.0,0.03779644730092272,0.0,0.0,0.026726124191242435,0.9999999999999997,0.026726124191242435,0.02699746235780194,0.08359173188630292,0.27583864218368526,0.0,0.034503277967117704,0.026726124191242435,0.0,0.028490144114909487,0.0,0.0,0.028490144114909487,0.0314970394174356,0.07273929674533079,0.0,0.0,0.0,0.0,0.04029114820126901,0.05345224838248487,0.07018624063435963,0.0,0.026726124191242435,0.0445435403187374,0.0,0.03289758474798845,0.0,0.0,0.0,0.0629940788348712,0.0445435403187374,0.026726124191242435,0.0,0.03241018617760821,0.0,0.0,0.0,0.029160592175990215,0.0,0.03940552031195503,0.026726124191242435,0.04335549847620599,0.0,0.026726124191242435,0.14037248126871926,0.0,0.0,0.0,0.0,0.03289758474798845,0.0,0.0,0.034503277967117704,0.08359173188630292,0.0,0.02699746235780194,0.03289758474798845,0.0,0.0,0.0,0.0,0.03106848830006,0.0,0.0,0.0
herb339,0.04850712500726659,0.021081851067789197,0.0508000508000762,0.0,0.0,0.08,0.020851441405707476,0.0,0.0,0.0,0.0,0.0,0.0,0.02182178902359924,0.12000000000000001,0.0,0.020203050891044214,0.0,0.0,0.06882472016116853,0.023904572186687872,0.0,0.08626621856275073,0.1341640786499874,0.0,0.2,0.0,0.0,0.0,0.0,0.14,0.16,0.19999999999999998,0.0254000254000381,0.2262741699796952,0.0,0.0,0.0,0.3881979835323782,0.08485281374238571,0.08164965809277261,0.0,0.05547001962252292,0.2,0.0,0.0,0.0,0.0,0.035355339059327376,0.0,0.07071067811865475,0.04,0.06859943405700353,0.11043152607484655,0.0,0.2,0.0,0.0,0.0,0.0,0.0,0.0,0.10690449676496974,0.0,0.0508000508000762,0.32,0.0,0.06625891564490793,0.0,0.04714045207910317,0.05897678246195886,0.0,0.0,0.04714045207910317,0.0254000254000381,0.0,0.0,0.0,0.0,0.0,0.02,0.02,0.04,0.04,0.0,0.0,0.02626128657194451,0.0,0.1778001778002667,0.0,0.3,0.32,0.18766297265136728,0.0,0.3234983196103152,0.0,0.0,0.1649915822768611,0.0,0.030151134457776358,0.0,0.0,0.0,0.0,0.06324555320336758,0.02,0.0,0.0,0.06859943405700353,0.4320493798938574,0.16666666666666669,0.02,0.0,0.0,0.0,0.034299717028501764,0.030860669992418384,0.0,0.0,0.0324442842261525,0.11785113019775792,0.0,0.07559289460184544,0.0,0.03651483716701107,0.06172133998483677,0.0,0.0,0.0,0.0,0.0,0.0,0.1414213562373095,0.0,0.0,0.0,0.0,0.0,0.060302268915552716,0.0,0.0,0.0,0.0,0.0,0.05897678246195886,0.0,0.15430334996209194,0.0,0.0,0.34,0.0,0.0,0.0,0.0,0.18,0.0254000254000381,0.02948839123097943,0.0,0.0,0.0,0.0,0.18073922282301277,0.0,0.0,0.03922322702763681,0.02,0.0,0.0,0.12000000000000001,0.0,0.0,0.0,0.03651483716701107,0.0,0.2,0.02156655464068768,0.0,0.0,0.0,0.16,0.0,0.0,0.030860669992418384,0.0,0.02,0.0,0.0,0.0,0.0,0.0,0.43999999999999995,0.060302268915552716,0.06,0.0,0.11322770341445958,0.18,0.14,0.0,0.0,0.1,0.0,0.0,0.0,0.0,0.0,0.08,0.0,0.07878385971583353,0.0,0.0,0.044721359549995794,0.0492365963917331,0.0,0.0,0.0,0.02294157338705618,0.11766968108291043,0.0282842712474619,0.0,0.0,0.03779644730092272,0.0,0.0,0.27456258919345766,0.14288690166235207,0.07878385971583353,0.10690449676496974,0.02773500981126146,0.021081851067789197,0.0,0.0,0.0,0.0,0.0,0.02461829819586655,0.0,0.0,0.020851441405707476,0.0,0.0508000508000762,0.0282842712474619,0.07745966692414832,0.20380986614602725,0.0,0.1,0.03333333333333334,0.0,0.09486832980505137,0.0,0.0,0.12000000000000001,0.0,0.026726124191242435,1.0,0.020203050891044214,0.1876629726513673,0.0,0.09058216273156766,0.0,0.02,0.023249527748763855,0.0,0.24688535993934707,0.0282842712474619,0.0,0.2592724864350674,0.02721655269759087,0.0,0.0,0.0,0.030860669992418384,0.060302268915552716,0.0,0.0,0.0,0.4,0.06666666666666668,0.3676955262170047,0.0,0.0,0.5093248125762992,0.0,0.0,0.0,0.02,0.0,0.09701425001453318,0.0,0.0,0.0,0.0,0.0,0.0,0.04,0.09733285267845751,0.023249527748763855,0.12,0.0,0.38013155617496425,0.0,0.0,0.02,0.02461829819586655,0.06882472016116853,0.0,0.02581988897471611,0.020851441405707476,0.02,0.020203050891044214,0.0,0.030151134457776358,0.02773500981126146,0.09176629354822471,0.0324442842261525,0.0,0.0,0.020851441405707476,0.030860669992418384
herb342,0.0,0.14907119849998599,0.17960530202677488,0.0,0.0,0.04040610178208843,0.33701018549690775,0.0,0.0,0.0,0.0,0.031943828249996996,0.0,0.15430334996209188,0.16162440712835371,0.0,0.4693877551020408,0.0,0.215365246126974,0.20857039859669468,0.0,0.32324881425670743,0.0871420401900598,0.2936400684442066,0.0,0.26263966158357477,0.04697113923010208,0.0,0.02608202654786505,0.02083785592827065,0.1414213562373095,0.060609152673132646,0.10101525445522107,0.2309211026058534,0.0,0.02857142857142857,0.0,0.0,0.1742840803801196,0.02857142857142857,0.0,0.0,0.19611613513818404,0.16162440712835371,0.0,0.16162440712835371,0.20619652471058067,0.0,0.2857142857142857,0.0,0.19047619047619047,0.10101525445522107,0.0,0.17848429930126408,0.0,0.22223355980148635,0.0,0.0,0.03571428571428571,0.0,0.0,0.02178551004751495,0.18898223650461357,0.0,0.0,0.1414213562373095,0.020203050891044214,0.04462107482531602,0.0,0.19047619047619047,0.2383021874937997,0.0,0.0,0.0,0.20526320231631418,0.0,0.0,0.0,0.36140316116210053,0.33701018549690775,0.0,0.0,0.04040610178208843,0.0,0.0,0.0,0.02652790545386455,0.0,0.0,0.0,0.34345186514775167,0.020203050891044214,0.16850509274845385,0.0,0.0435710200950299,0.0,0.12244897959183673,0.047619047619047616,0.0,0.0,0.12828950144769635,0.45456864504849476,0.5042986332124733,0.0,0.0,0.34345186514775167,0.06388765649999399,0.0,0.0,0.062347968638854966,0.0,0.32324881425670743,0.02083785592827065,0.047619047619047616,0.4123930494211613,0.2771835714700948,0.2182178902359924,0.023809523809523808,0.03688555567816587,0.26218941013778485,0.16666666666666666,0.0,0.0,0.0,0.29508444542532697,0.24939187455541986,0.0,0.04212627318711346,0.0,0.0,0.0,0.0,0.04081632653061224,0.0,0.0,0.0,0.0,0.0,0.030457245193658628,0.0,0.0,0.0,0.4584328304219542,0.13109470506889243,0.05957554687344993,0.0,0.031173984319427483,0.0,0.0,0.1414213562373095,0.0,0.38765744302855315,0.0,0.0,0.1414213562373095,0.025657900289539272,0.029787773436724965,0.0,0.0,0.0,0.0,0.02608202654786505,0.0,0.029787773436724965,0.0,0.04040610178208843,0.030457245193658628,0.0,0.12121830534626528,0.0,0.0,0.0,0.29508444542532697,0.04040610178208843,0.18182745801939793,0.0,0.35696859860252816,0.0,0.0,0.1414213562373095,0.0,0.0,0.28056585887484736,0.0,0.3838579669298401,0.13904693239779645,0.0,0.0,0.0,0.1870439059165649,0.1414213562373095,0.060914490387317256,0.020203050891044214,0.0,0.16012815380508713,0.18182745801939793,0.1414213562373095,0.0,0.1749635530559413,0.12121830534626528,0.0,0.03464794643376185,0.0,0.41175810978450966,0.0,0.16162440712835371,0.0,0.0,0.0,0.0,0.0,0.0,0.0,0.0,0.32324881425670743,0.0,0.0,0.22857142857142856,0.0,0.06952346619889824,0.305441419328485,0.0,0.0,0.07924288517503274,0.04123930494211613,0.18569533817705186,0.08099238707340582,0.0,0.14907119849998599,0.0,0.0,0.0,0.03962144258751637,0.0,0.14920941939059815,0.0,0.0,0.0,0.0,0.0,0.22857142857142856,0.2086562123829204,0.183003604348671,0.0,0.42426406871192845,0.2357022603955159,0.0,0.0,0.0,0.34345186514775167,0.32324881425670743,0.32324881425670743,0.02699746235780194,0.020203050891044214,1.0,0.2106313659355673,0.0,0.16012815380508713,0.02608202654786505,0.0,0.16439898730535726,0.1938287215142766,0.0,0.19999999999999998,0.34458439380315836,0.023809523809523808,0.19245008972987523,0.0,0.27105237087157535,0.0,0.2182178902359924,0.030457245193658628,0.0,0.0,0.0,0.020203050891044214,0.2357022603955159,0.2,0.02486823656509969,0.09035079029052512,0.04899959575500252,0.0,0.047619047619047616,0.0,0.0,0.0,0.0,0.17323973216880925,0.0,0.0,0.0,0.0,0.0,0.18182745801939793,0.26218941013778485,0.0,0.1414213562373095,0.2122232436309164,0.15811388300841894,0.0,0.0,0.32324881425670743,0.19894589252079753,0.023174488732966077,0.0,0.0,0.0,0.18182745801939793,0.0,0.0,0.0,0.19611613513818404,0.16222142113076254,0.0,0.0,0.0,0.4633890050582482,0.2182178902359924
herb344,0.0,0.2637521893583148,0.18536949946633163,0.0,0.0,0.2919201796799047,0.0,0.0,0.0,0.0,0.0,0.0,0.0,0.15925551431765153,0.31277162108561213,0.0,0.18956822934201056,0.0,0.0,0.26310068027921696,0.0,0.0,0.20236218768597955,0.4662524041201569,0.0,0.06255432421712243,0.0,0.0,0.0,0.021506619680967013,0.3753259453027345,0.3336230624913196,0.1668115312456598,0.21185085653295044,0.14744195615489714,0.0,0.0,0.0,0.4721784379339523,0.0,0.0,0.0,0.2602417193848081,0.14596008983995234,0.0,0.0,0.0,0.0,0.25802342327107,0.0,0.2211629342323457,0.10425720702853739,0.0,0.20723908457632684,0.0,0.3127716210856122,0.0,0.0,0.0,0.0,0.0,0.0,0.25077519565890877,0.0,0.05296271413323761,0.22936585546278224,0.14596008983995232,0.230265649529252,0.0,0.31945757166894384,0.36892527714080736,0.0,0.0,0.0,0.26481357066618805,0.0,0.0,0.0,0.0,0.0,0.0,0.14596008983995232,0.0,0.0834057656228299,0.0,0.0,0.13689641954834839,0.0,0.07944407119985641,0.0,0.04170288281141495,0.0834057656228299,0.17391304347826086,0.0,0.08993875008265757,0.0,0.0,0.04914731871829904,0.0,0.03143473067309657,0.0,0.0,0.0,0.0,0.0219793491131929,0.0,0.29672121302810417,0.03217447260438935,0.0,0.09652341781316803,0.10425720702853739,0.0,0.021506619680967013,0.0,0.0,0.2860794159408606,0.2895702534395041,0.02457365935914952,0.0,0.3044295411712822,0.49147318718299043,0.0,0.0,0.0,0.3045547950507524,0.28957025343950415,0.0,0.0,0.0,0.0,0.10869565217391304,0.0,0.04212627318711346,0.0,0.0,0.0,0.0,0.0,0.0,0.0,0.0,0.0,0.0,0.0,0.030743773095067286,0.0,0.09652341781316803,0.0,0.0,0.5629889179541018,0.0,0.0,0.0,0.0,0.22936585546278224,0.23833221359956924,0.030743773095067286,0.0,0.0,0.0,0.0,0.08075728530872482,0.0,0.030743773095067286,0.0,0.020851441405707476,0.03143473067309657,0.0,0.35447450389702706,0.0,0.0,0.0,0.3045547950507524,0.0,0.06255432421712243,0.0,0.0,0.0,0.0,0.22936585546278226,0.0,0.0,0.2573957808351148,0.022227711223719353,0.0,0.0,0.0,0.03217447260438935,0.0,0.0,0.4378802695198569,0.0,0.12510864843424485,0.0,0.6610690305098399,0.3544745038970271,0.20851441405707477,0.0,0.0,0.14596008983995232,0.0,0.03575992699260758,0.0,0.0,0.0,0.39617738670844205,0.0,0.027379283909669677,0.0,0.0,0.2098135818540706,0.0,0.0,0.022750787759664503,0.0,0.0,0.08178608201095307,0.23590712984783543,0.0,0.0,0.3152441624956403,0.0,0.0,0.08178608201095307,0.042562826537937436,0.21903427127735742,0.30650301691644405,0.14457873299156007,0.37364893492427925,0.0,0.0,0.0,0.040893041005476534,0.0,0.0,0.0,0.0,0.021739130434782608,0.0,0.0,0.23590712984783543,0.21535276082326618,0.44858255641739136,0.0,0.29192017967990463,0.27801921874276636,0.0,0.0,0.0,0.0,0.04170288281141495,0.0,0.08359173188630292,0.1876629726513673,0.2106313659355673,1.0,0.0,0.4249729481848971,0.026919095102908273,0.0,0.21815377450367385,0.0,0.09652341781316803,0.26539552107881487,0.0,0.09829463743659808,0.2270017415356663,0.0,0.0,0.0,0.2895702534395041,0.2829125760578691,0.0,0.0,0.0,0.10425720702853739,0.3127716210856122,0.206418738616856,0.0,0.23312620206007845,0.20228869496966942,0.0,0.0,0.034752402342845795,0.0,0.0,0.10114434748483471,0.0,0.0,0.0,0.0,0.0,0.0,0.020851441405707476,0.2706040365966953,0.0,0.18766297265136728,0.0,0.41962716370814124,0.0,0.0,0.0,0.4363279519884436,0.14350946197048198,0.0,0.026919095102908273,0.043478260869565216,0.1876629726513673,0.10531568296778365,0.20533080093573816,0.0,0.2313259727864961,0.5501196042201809,0.0,0.0,0.0,0.0,0.22522130823072545
herb345,0.0,0.404085416904136,0.0,0.0,0.0,0.0,0.0,0.0,0.4691574316284182,0.0,0.0,0.13987572123604708,0.04550157551932901,0.22522130823072542,0.14744195615489714,0.0,0.0,0.0,0.0,0.0,0.0,0.0,0.0,0.0,0.4187628431947845,0.0,0.0,0.0,0.1522773975253762,0.0,0.0,0.0,0.02948839123097943,0.07490058862731383,0.0,0.0,0.0,0.0,0.0,0.0,0.08025723539051281,0.0,0.0,0.0,0.0,0.0,0.06019292654288461,0.41962716370814124,0.0,0.0,0.0,0.05897678246195886,0.0,0.06512896090258362,0.03296902366978935,0.0,0.05783149319662403,0.0,0.0,0.7233176382455369,0.0,0.0,0.0,0.0,0.14980117725462766,0.0,0.206418738616856,0.0,0.0,0.0,0.0,0.14519080172812557,0.2862512870383358,0.06950480468569159,0.0,0.053838190205816545,0.0,0.0,0.36265926036768287,0.3689252771408074,0.0,0.0,0.0,0.17693034738587657,0.0,0.0,0.038720154633118314,0.47836487323493987,0.0,0.14744195615489716,0.0,0.0,0.30743773095067284,0.0,0.0,0.0,0.0,0.034752402342845795,0.0,0.17782168978975482,0.0,0.0,0.0,0.0,0.0,0.0,0.0,0.0,0.0,0.0,0.049147318718299055,0.0,0.15207476616811838,0.0,0.0,0.0,0.0,0.0,0.0,0.0,0.0,0.0,0.0,0.0,0.0,0.0,0.04550157551932901,0.0,0.0,0.047836487323493986,0.0,0.0,0.0,0.07372097807744857,0.07744030926623663,0.0,0.0,0.0,0.0,0.0,0.0,0.03940552031195503,0.0,0.0,0.0,0.0,0.04550157551932901,0.4445542244743871,0.03217447260438935,0.0,0.0,0.0,0.0,0.0,0.0,0.0,0.08695652173913045,0.05572782125753529,0.0,0.0,0.4662524041201569,0.1522773975253762,0.0,0.0,0.0,0.0,0.0,0.4048204523763682,0.0,0.0,0.05212860351426869,0.0,0.0,0.05897678246195886,0.02948839123097943,0.0,0.0,0.0,0.0,0.41283747723371195,0.23312620206007845,0.0,0.0,0.0,0.0,0.0,0.0,0.0,0.0,0.0,0.0,0.044455422447438706,0.0,0.0,0.0,0.0,0.0,0.0,0.0,0.32437230354077373,0.0,0.0,0.0,0.0,0.0,0.0,0.0,0.0,0.05212860351426869,0.0,0.0,0.0,0.12297509238026914,0.0,0.0,0.0,0.0,0.3753259453027346,0.0,0.27060403659669535,0.0,0.0,0.26648544566940835,0.0,0.0,0.0,0.0,0.0,0.0,0.0,0.07372097807744857,0.08512565307587487,0.0,0.0,0.0,0.0,0.04089304100547654,0.0,0.28915746598312014,0.0,0.37532594530273466,0.0,0.0,0.0,0.0,0.0,0.0,0.0,0.0,0.0,0.0,0.0,0.27583864218368526,0.0,0.0,0.0,1.0000000000000004,0.0,0.0,0.02948839123097943,0.0,0.03143473067309657,0.0,0.0,0.03143473067309657,0.034752402342845795,0.0,0.0,0.0,0.0,0.0,0.0,0.05897678246195886,0.07744030926623663,0.0,0.05897678246195886,0.0,0.0,0.03629770043203139,0.0,0.0,0.0,0.0,0.049147318718299055,0.05897678246195886,0.0,0.0,0.0,0.0,0.0,0.0,0.0,0.0,0.0,0.0,0.0,0.0,0.07744030926623663,0.0,0.0,0.0,0.0,0.0,0.0,0.0,0.0,0.0,0.0,0.0,0.0,0.0,0.0,0.0,0.0,0.03427955850955305,0.35400521619692155,0.0,0.0
herb347,0.0,0.167093470609201,0.3451183851258305,0.0,0.0,0.18116432546313532,0.0,0.0,0.0,0.0,0.0,0.0,0.0,0.17295817388759027,0.3170375695604868,0.0,0.34313175815375807,0.0,0.0,0.28573838340637214,0.0,0.0,0.31745108882857787,0.4810511993647416,0.0,0.06793662204867575,0.0,0.0,0.0,0.0,0.3849741916091625,0.271746488194703,0.09058216273156766,0.2013190579900678,0.06405126152203486,0.0,0.0,0.0,0.43954766145495394,0.0,0.0,0.0,0.3454408611617303,0.06793662204867575,0.0,0.022645540682891915,0.0,0.03580574370197164,0.2802242691589025,0.0,0.2135042050734495,0.09058216273156766,0.07767356373806174,0.2750859778041954,0.0,0.22645540682891915,0.0,0.0,0.0,0.0,0.0,0.0,0.21182963643408081,0.0,0.0,0.1358732440973515,0.0,0.22507034547615992,0.030816677568068284,0.18681617943926832,0.26711222531767115,0.0,0.0,0.0,0.23007892341722033,0.0,0.0,0.0,0.0,0.0,0.022645540682891915,0.0,0.0,0.0,0.0,0.0,0.11894020669001051,0.0,0.0,0.0,0.04529108136578383,0.18116432546313532,0.21248647409244853,0.0,0.09767725810110087,0.02830692585361489,0.0,0.053376051268362375,0.0,0.0,0.0,0.0,0.0,0.0,0.0,0.0,0.03580574370197164,0.0,0.0,0.10482848367219183,0.0,0.0,0.0,0.0,0.0,0.27185747308321606,0.2795426231258449,0.0,0.0,0.293887343348258,0.5070724870494426,0.0,0.0,0.0,0.28941438070815306,0.24459979523511427,0.0,0.0,0.0,0.0,0.0,0.0,0.04575090108716775,0.0,0.0,0.0,0.0,0.0,0.0,0.0,0.0,0.0,0.0,0.0,0.0,0.0,0.0,0.0,0.0,0.3849741916091625,0.0,0.0,0.0,0.0,0.29439202887759486,0.02875986542715254,0.033389028164708894,0.0,0.0,0.0,0.0,0.0,0.0,0.033389028164708894,0.0,0.0,0.03413943709994594,0.0,0.24910094751181105,0.0,0.0,0.0,0.28941438070815306,0.0,0.0,0.0,0.0,0.0,0.0,0.1585187847802434,0.0,0.0,0.24459979523511427,0.0,0.0,0.0,0.03413943709994594,0.03494282789073061,0.0,0.0,0.40761973229205445,0.0,0.0,0.0,0.46153846153846156,0.22645540682891915,0.22645540682891915,0.0,0.0,0.18116432546313532,0.0,0.0,0.0,0.0,0.0,0.3170375695604868,0.0,0.02973505167250263,0.0,0.0,0.0,0.19512313566832118,0.0,0.0,0.0,0.025976216673306556,0.0,0.22417941532712202,0.0,0.0,0.29957234475763905,0.0,0.0,0.0888231183368655,0.04622501635210243,0.4162907234150368,0.3026137663344012,0.0,0.35805743701971643,0.0,0.0,0.0,0.04441155916843275,0.0,0.0,0.0,0.0,0.0,0.0,0.0,0.22417941532712202,0.20464687117164013,0.4358974358974359,0.0,0.20380986614602725,0.3019405424385589,0.0,0.0,0.0,0.0,0.04529108136578383,0.0,0.0,0.09058216273156766,0.16012815380508713,0.4249729481848971,0.0,1.0,0.029235267310234306,0.0,0.21059925059706255,0.0,0.0,0.25620504608813943,0.0,0.0,0.215716742976478,0.0,0.0,0.2046468711716401,0.2795426231258449,0.27311549679956754,0.0,0.0,0.0,0.09058216273156766,0.30194054243855895,0.12810252304406972,0.0,0.0,0.1373087590952724,0.0,0.0,0.0,0.0,0.0,0.24715576637149034,0.0,0.0,0.0,0.0,0.0,0.0,0.0,0.25715142542972574,0.0,0.3396831102433787,0.0,0.43041423101055837,0.0,0.0,0.0,0.3066220703359333,0.28573838340637214,0.23372319715296228,0.0,0.0,0.18116432546313532,0.0,0.0,0.0,0.3454408611617303,0.5714767668127442,0.03673591791853225,0.0,0.0,0.0,0.3843711067980367
herb349,0.15655607277128736,0.02721655269759087,0.032791291789197645,0.0939336436627724,0.0,0.0,0.0,0.0,0.0,0.0,0.03651483716701107,0.0,0.11952286093343936,0.14085904245475275,0.02581988897471611,0.0,0.07824607964359515,0.0,0.0,0.05923488777590923,0.0,0.0,0.16705381391691135,0.028867513459481287,0.0,0.0,0.03001501125938321,0.0,0.0,0.05326236412913074,0.02581988897471611,0.0,0.0,0.06558258357839529,0.0,0.03651483716701107,0.0,0.0,0.027842302319485226,0.03651483716701107,0.17568209223157663,0.0,0.03580574370197164,0.12909944487358055,0.0,0.0,0.0,0.0,0.04564354645876384,0.0,0.030429030972509225,0.0,0.0,0.08553989227683015,0.08660254037844387,0.07745966692414832,0.0,0.27602622373694163,0.0,0.0,0.0,0.25058072087536704,0.27602622373694163,0.0,0.0,0.0,0.02581988897471611,0.02851329742561005,0.0,0.030429030972509225,0.03806934938134405,0.15891043154093204,0.03580574370197164,0.15214515486254612,0.09837387536759293,0.0,0.0,0.0,0.0,0.0,0.07745966692414832,0.0,0.0,0.0,0.0,0.0,0.1695158759052026,0.0,0.16395645894598823,0.0,0.0,0.02581988897471611,0.10767638041163309,0.0,0.027842302319485226,0.0,0.02608202654786505,0.09128709291752768,0.0,0.0,0.06558258357839529,0.06454972243679027,0.03580574370197164,0.26233033431358116,0.0,0.0,0.24494897427831777,0.0,0.0,0.03984095364447979,0.0,0.0,0.05326236412913074,0.0,0.0,0.04428074427700476,0.03984095364447979,0.0,0.0,0.04188539082916955,0.030429030972509225,0.19462473604038072,0.0,0.052704627669472995,0.04714045207910316,0.03984095364447979,0.0,0.0,0.0,0.0,0.0,0.0,0.07824607964359515,0.0,0.0,0.0,0.0,0.5060243137049899,0.07784989441615228,0.0,0.0,0.2760262237369417,0.02663118206456537,0.0,0.0,0.0,0.0,0.07784989441615228,0.02817180849095055,0.12909944487358055,0.0,0.0,0.0,0.0,0.23237900077244497,0.26233033431358116,0.19034674690672024,0.14638501094227996,0.0,0.4281744192888376,0.0,0.1333333333333333,0.0,0.19034674690672024,0.0,0.07745966692414832,0.19462473604038072,0.0,0.02581988897471611,0.0,0.0,0.0,0.04714045207910316,0.0,0.07745966692414832,0.0,0.0,0.0,0.0,0.02581988897471611,0.0,0.1333333333333333,0.07968190728895957,0.0,0.12909944487358055,0.14808721943977307,0.0,0.19920476822239894,0.0,0.0,0.02581988897471611,0.0,0.0,0.0,0.029235267310234306,0.12909944487358055,0.23237900077244497,0.0,0.07453559924999299,0.02581988897471611,0.0,0.04428074427700476,0.0,0.0,0.0,0.02581988897471611,0.2253744679276044,0.0,0.0,0.0,0.0,0.0,0.21535276082326618,0.0,0.0,0.0,0.0,0.03651483716701107,0.09004503377814962,0.0,0.04879500364742666,0.0,0.09999999999999998,0.05063696835418333,0.026352313834736497,0.03390317518104052,0.17251638983558854,0.0,0.02721655269759087,0.2201927530252721,0.0,0.0,0.25318484177091666,0.0,0.03178208630818641,0.0,0.0,0.0,0.0,0.16395645894598823,0.03651483716701107,0.033333333333333326,0.029235267310234306,0.0,0.0,0.04303314829119352,0.372677996249965,0.0,0.0,0.18073922282301275,0.0,0.3356585566713094,0.034503277967117704,0.0,0.02608202654786505,0.026919095102908273,0.0,0.029235267310234306,0.9999999999999998,0.0,0.12006004503753284,0.0,0.0,0.21908902300206642,0.0,0.0,0.03513641844631533,0.0,0.0,0.0,0.03984095364447979,0.0,0.0,0.0,0.0,0.0,0.0,0.03651483716701107,0.03178208630818641,0.0,0.03131121455425747,0.0,0.0,0.0,0.05163977794943222,0.0,0.0,0.22140372138502382,0.0,0.0,0.0,0.0,0.0,0.0,0.04188539082916955,0.0,0.02581988897471611,0.03390317518104052,0.028867513459481287,0.0,0.0,0.0,0.03178208630818641,0.0,0.0,0.033333333333333326,0.1884336657203579,0.02581988897471611,0.20865621238292037,0.0,0.15569978883230456,0.03580574370197164,0.029617443887954616,0.0,0.09004503377814962,0.17712297710801905,0.0,0.19920476822239894
herb352,0.0,0.0,0.0508000508000762,0.12126781251816647,0.0,0.0,0.06255432421712243,0.0,0.0,0.08528028654224418,0.0,0.03162277660168379,0.09258200997725516,0.10910894511799618,0.0,0.0324442842261525,0.0,0.1414213562373095,0.0,0.04588314677411236,0.1673320053068151,0.0,0.02156655464068768,0.0,0.0,0.1,0.2092457497388747,0.0,0.02581988897471611,0.04125684985035174,0.02,0.0,0.24000000000000002,0.0254000254000381,0.0565685424949238,0.0,0.09258200997725516,0.0,0.0,0.0,0.0,0.11952286093343936,0.0,0.06,0.0,0.06,0.0,0.0,0.0,0.0,0.0,0.18000000000000002,0.0,0.0,0.1118033988749895,0.02,0.0,0.0,0.07071067811865475,0.02581988897471611,0.03779644730092272,0.02156655464068768,0.0,0.02948839123097943,0.0254000254000381,0.1,0.02,0.06625891564490793,0.0,0.0,0.0,0.0,0.0,0.04714045207910317,0.0,0.0,0.0,0.0,0.044721359549995794,0.06255432421712243,0.04,0.04,0.12,0.04,0.035355339059327376,0.1414213562373095,0.0,0.0,0.0,0.03333333333333334,0.04,0.02,0.0,0.0,0.0,0.0,0.12121830534626529,0.0,0.12909944487358055,0.0,0.0254000254000381,0.075,0.05547001962252292,0.0,0.29514591494904874,0.12000000000000001,0.0,0.0,0.0,0.0,0.0,0.1,0.04125684985035174,0.11785113019775792,0.02721655269759087,0.0,0.0,0.07071067811865475,0.0,0.0,0.023570226039551584,0.0,0.0,0.0,0.0,0.0,0.0,0.2919201796799047,0.0,0.0,0.020851441405707476,0.0,0.1414213562373095,0.0,0.05252257314388902,0.03333333333333334,0.04264014327112209,0.030151134457776358,0.0,0.0,0.16329931618554522,0.05345224838248487,0.04125684985035174,0.0,0.02948839123097943,0.0,0.06172133998483677,0.0,0.13093073414159542,0.0,0.0,0.04264014327112209,0.0,0.05345224838248487,0.06,0.0,0.05897678246195886,0.0,0.04529108136578383,0.0,0.0,0.2581988897471611,0.0,0.0,0.07844645405527362,0.0,0.1507556722888818,0.0,0.0,0.10690449676496974,0.0,0.0,0.0,0.24000000000000002,0.08,0.02156655464068768,0.15460413650478516,0.0,0.03162277660168379,0.0,0.03162277660168379,0.12909944487358055,0.0,0.021320071635561044,0.02,0.0,0.060302268915552716,0.0,0.12,0.030860669992418384,0.0,0.0,0.04,0.0,0.0,0.04,0.02,0.05443310539518174,0.0,0.0,0.0,0.0,0.02581988897471611,0.06793662204867575,0.0,0.0,0.02182178902359924,0.02626128657194451,0.035355339059327376,0.223606797749979,0.044721359549995794,0.0,0.04170288281141495,0.21821789023599236,0.18,0.02294157338705618,0.0,0.0,0.162746694241347,0.0,0.0,0.0,0.0,0.0,0.10206207261596575,0.0,0.0,0.0,0.0,0.06396021490668313,0.049999999999999996,0.05773502691896258,0.0,0.03651483716701107,0.0,0.06324555320336758,0.02773500981126146,0.020851441405707476,0.0,0.0508000508000762,0.0282842712474619,0.0,0.0,0.040824829046386304,0.0,0.0,0.0,0.15811388300841894,0.0,0.0,0.13999999999999999,0.0,0.026726124191242435,0.02,0.0,0.0,0.02948839123097943,0.0,0.0,1.0,0.0,0.12792042981336627,0.0,0.0,0.12792042981336627,0.0,0.0,0.0,0.0,0.0,0.030860669992418384,0.0,0.16,0.05252257314388902,0.04264014327112209,0.02,0.06666666666666668,0.0,0.0,0.0,0.0,0.0,0.0,0.30000000000000004,0.16,0.0,0.04850712500726659,0.034299717028501764,0.0,0.0,0.0,0.03922322702763681,0.05897678246195886,0.08,0.0,0.13949716649258315,0.1,0.07878385971583353,0.0,0.08485281374238571,0.0,0.04,0.0,0.0,0.0,0.07745966692414832,0.0,0.12,0.0,0.0492365963917331,0.0,0.0,0.0,0.0,0.11624763874381928,0.0,0.020851441405707476,0.0
herb354,0.14097096860865022,0.19605723255834875,0.20668850837512243,0.28194193721730043,0.0,0.023249527748763855,0.0,0.0,0.0,0.0,0.0,0.0,0.0,0.3805097170738807,0.20924574973887472,0.0,0.1878845569204083,0.0,0.0,0.213352298825066,0.0,0.0,0.10028244211278005,0.20795009796401454,0.0,0.023249527748763855,0.0,0.0,0.0,0.11990028442779209,0.16274669424134697,0.023249527748763855,0.18599622199011087,0.20668850837512243,0.0,0.0,0.03587480016670876,0.0,0.2005648842255601,0.0,0.15819299929208316,0.1389425035941821,0.22568905807670636,0.20924574973887472,0.06003002251876642,0.09299811099505542,0.0,0.0,0.28769822778437526,0.0,0.027399831217559546,0.13949716649258315,0.0,0.17972365808708388,0.25993762245501817,0.16274669424134697,0.0,0.3106848830006,0.3698977214370539,0.0,0.0,0.025070610528195012,0.37282185960072,0.0,0.0,0.2557448052364025,0.0,0.02567480829815484,0.15819299929208316,0.1917988185229168,0.2742364680764244,0.08585457105482137,0.16120647005479027,0.13699915608779772,0.2657423679108717,0.0,0.0,0.0,0.0,0.0,0.0,0.0,0.0,0.0,0.0,0.0,0.21369687880543226,0.0,0.0885807893036239,0.07749842582921286,0.04649905549752771,0.11624763874381928,0.16967515794730187,0.0,0.050141221056390024,0.0,0.11742784807525519,0.05479966243511909,0.15007505629691603,0.0,0.0,0.0,0.0,0.0,0.0,0.06974858324629157,0.036760731104690386,0.35874800166708765,0.0,0.10762440050012628,0.07749842582921286,0.0,0.0,0.13699915608779772,0.0,0.27910827799011495,0.46637240216721393,0.0,0.38202872398020793,0.26401000024165,0.21919864974047637,0.1752499093081954,0.08787495503274936,0.0,0.29713345198460617,0.5739968026673402,0.25112360116696136,0.024239308278185982,0.0,0.0,0.0,0.0,0.04697113923010208,0.0,0.18316875326179904,0.0,0.0,0.10514994558491725,0.07009996372327816,0.0,0.0,0.06213697660012,0.0,0.0,0.0,0.0,0.0,0.0,0.17757120130114434,0.18599622199011084,0.0,0.12392039927415242,0.0,0.0,0.2557448052364025,0.029526929767874632,0.03427955850955305,0.2196873875818734,0.1316245316231641,0.10514994558491725,0.0,0.0,0.0,0.03427955850955305,0.04559607525875532,0.0,0.03504998186163908,0.0,0.13949716649258315,0.0,0.08219949365267865,0.0,0.29713345198460617,0.09299811099505542,0.0,0.0,0.0,0.0,0.0,0.2789943329851663,0.0,0.3001501125938321,0.25112360116696136,0.0,0.06974858324629157,0.08000711205939975,0.1752499093081954,0.10762440050012628,0.09299811099505542,0.0,0.20924574973887472,0.0,0.0,0.0,0.21059925059706255,0.13949716649258312,0.2557448052364025,0.15819299929208316,0.0,0.23249527748763857,0.0,0.0,0.0,0.0,0.0,0.18599622199011084,0.0,0.0,0.0,0.12996881122750908,0.0,0.0,0.0,0.12683657235796025,0.09299811099505542,0.0,0.0,0.2301585822275002,0.21621621621621623,0.0,0.3075623426146228,0.0,0.09004503377814962,0.09119215051751065,0.16610264925668733,0.21369687880543226,0.09320546490018,0.0,0.29408584883752314,0.0,0.058123819371909635,0.0,0.04559607525875532,0.08489527199560176,0.0,0.07352146220938077,0.0644825880219161,0.0,0.0,0.32479622744662096,0.2301585822275002,0.21010507881568247,0.18427434427242972,0.0,0.11624763874381927,0.271244490402245,0.20134681656420733,0.0,0.0,0.06974858324629157,0.11624763874381927,0.13949716649258315,0.0,0.023249527748763855,0.16439898730535726,0.21815377450367385,0.0,0.21059925059706255,0.12006004503753284,0.0,1.0,0.12392039927415242,0.0,0.3616777720717861,0.12392039927415242,0.0,0.22147019900891643,0.0,0.0,0.0,0.4304976020005052,0.03504998186163908,0.11624763874381928,0.18316875326179904,0.04956815970966097,0.023249527748763855,0.03874921291460643,0.06575959492214292,0.0,0.0,0.08458258116519013,0.0,0.0,0.03874921291460643,0.06974858324629157,0.0,0.0,0.19936305570722498,0.0,0.0,0.0,0.0,0.0,0.0,0.26401000024165,0.0,0.13949716649258312,0.1526406277181659,0.20795009796401454,0.0,0.0,0.0,0.20032733246124987,0.18668326147193276,0.0,0.0,0.0,0.4417410272265133,0.0,0.0,0.10514994558491725,0.22568905807670636,0.213352298825066,0.0,0.13513513513513514,0.19936305570722498,0.0,0.4304976020005052
herb356,0.0,0.0,0.0,0.54294207449477,0.0,0.0,0.0,0.0,0.0,0.0,0.0,0.37080992435478316,0.0,0.4885042104591971,0.021320071635561044,0.0,0.0,0.037688918072220454,0.2272727272727273,0.024455799402225926,0.025482359571881275,0.0,0.06897007348075543,0.14301938838683886,0.0,0.17056057308448835,0.04956815970966097,0.0,0.27524094128159016,0.30785964799347976,0.0,0.0,0.04264014327112209,0.05415303610738824,0.0,0.030151134457776365,0.0,0.0,0.0,0.030151134457776365,0.0,0.5860942701532693,0.0,0.06396021490668313,0.0,0.6182820774312703,0.04351941398892446,0.0,0.037688918072220454,0.0,0.025125945381480302,0.0,0.0,0.023544080467400558,0.5005678593539361,0.06396021490668313,0.1254363015010636,0.0,0.26382242650554316,0.027524094128159014,0.0,0.06897007348075543,0.0,0.0,0.0,0.06396021490668313,0.021320071635561044,0.0,0.17407765595569785,0.0,0.0,0.0,0.14782809899727067,0.025125945381480302,0.0,0.0,0.0,0.0,0.0,0.022227711223719353,0.1492405014489273,0.0,0.06396021490668313,0.0,0.037688918072220454,0.0,0.19596237883454898,0.0,0.0,0.035533452725935076,0.0,0.06396021490668313,0.0,0.0,0.0,0.0,0.5814861645428298,0.17588161767036212,0.6330541649476574,0.0,0.18953562637585883,0.053300179088902604,0.059131239598908265,0.0,0.0,0.10660035817780522,0.06741998624632421,0.19738550848793068,0.0,0.0,0.0,0.021320071635561044,0.0,0.6281486345370074,0.029012942659282975,0.0,0.0,0.0,0.27247463045653303,0.0,0.0,0.0,0.0,0.0,0.0,0.19738550848793068,0.296078262731896,0.22227711223719354,0.0,0.0,0.0,0.0,0.0215365246126974,0.053300179088902604,0.19596237883454898,0.31980107453341566,0.0,0.0,0.032141217326661246,0.033709993123162106,0.0,0.05698028822981897,0.19790977371009413,0.06917144638660747,0.06286946134619315,0.0,0.09869275424396534,0.032141217326661246,0.5350284209791206,0.0,0.0,0.15909090909090912,0.0,0.0,0.0,0.0,0.06286946134619315,0.040291148201269014,0.14484136487558028,0.0,0.0,0.027524094128159014,0.0,0.0,0.0,0.021320071635561044,0.032141217326661246,0.0,0.0,0.0,0.0,0.0,0.0,0.5116817192534651,0.021320071635561044,0.0,0.09417632186960223,0.0,0.0,0.21320071635561044,0.0,0.5780059766913394,0.03289758474798845,0.0,0.04264014327112209,0.14673479641335554,0.19284730395996746,0.0,0.4264014327112209,0.1973855084879307,0.0,0.1928473039599675,0.0,0.0,0.0,0.0,0.0,0.17407765595569785,0.15386436372416595,0.06396021490668313,0.0,0.07312724241271307,0.0,0.04828045495852676,0.0,0.0,0.0,0.0,0.037688918072220454,0.5482409888162157,0.0,0.0,0.0,0.5350284209791206,0.4264014327112209,0.0,0.0,0.0,0.5204656769514402,0.14673479641335554,0.0,0.0,0.0,0.0,0.5439926748615558,0.0,0.0,0.0,0.0,0.0,0.053300179088902604,0.061545745489666376,0.0,0.0,0.026243194054073903,0.0,0.029565619799454133,0.0,0.0,0.0,0.030151134457776365,0.0,0.0,0.04351941398892446,0.0,0.0,0.0,0.0,0.0,0.04264014327112209,0.08528028654224418,0.0,0.028490144114909487,0.0,0.1938287215142766,0.0,0.03143473067309657,0.0,0.0,0.12792042981336627,0.12392039927415242,0.9999999999999998,0.0,0.0,0.15909090909090912,0.050251890762960605,0.0,0.04181210050035454,0.2860387767736777,0.0,0.0,0.032141217326661246,0.5116817192534651,0.19596237883454898,0.0,0.0,0.035533452725935076,0.0,0.052486388108147805,0.04767312946227962,0.0,0.0,0.050251890762960605,0.0,0.17056057308448835,0.0,0.0,0.18281810603178267,0.0,0.0,0.0,0.0,0.0,0.10660035817780522,0.0,0.07435223956449145,0.0,0.39192475766909796,0.0,0.030151134457776365,0.0,0.0,0.0,0.14673479641335557,0.0,0.0,0.0,0.5116817192534651,0.0,0.0,0.0,0.0,0.0,0.0,0.5700338366611013,0.0,0.1555939785660355,0.0
herb358,0.0,0.0,0.0,0.0,0.0,0.0,0.0,0.0,0.0,0.0,0.0,0.0,0.0,0.0,0.0,0.0,0.031173984319427483,0.0,0.0,0.10619884881071831,0.07377111135633174,0.0,0.03327791628198609,0.03450327796711771,0.0,0.1543033499620919,0.0,0.0,0.0,0.06366070140792304,0.0,0.1851640199545103,0.18516401995451032,0.0,0.08728715609439697,0.0,0.0,0.0,0.0,0.0,0.16798421022632323,0.0,0.0,0.1543033499620919,0.0,0.0,0.0,0.0,0.0,0.0,0.036369648372665396,0.0,0.0,0.0,0.0,0.12344267996967354,0.0,0.0,0.0,0.0,0.0,0.0,0.0,0.0,0.1567723603339241,0.18516401995451032,0.0,0.03407990882954985,0.0,0.0,0.04550157551932901,0.0,0.0,0.0,0.0,0.0,0.0,0.0,0.0,0.0,0.09258200997725516,0.0,0.030860669992418384,0.06172133998483677,0.0,0.0,0.0,0.0,0.07838618016696206,0.0,0.0,0.09258200997725516,0.0,0.0,0.0,0.0,0.0,0.0,0.0,0.0,0.0,0.0,0.0,0.0,0.03253000243161778,0.030860669992418384,0.0,0.0,0.0,0.0,0.051434449987363975,0.0,0.0,0.0,0.0,0.0,0.0,0.0,0.0,0.0,0.0,0.0,0.0,0.0,0.0,0.04761904761904762,0.0,0.0,0.0,0.0,0.0,0.0,0.0,0.0,0.0,0.0,0.0,0.04652421051992354,0.0,0.0,0.0,0.0,0.0,0.0,0.0,0.0,0.04761904761904762,0.0,0.0,0.0,0.0,0.03289758474798845,0.0,0.0,0.12344267996967354,0.0,0.0,0.0,0.0,0.0,0.03253000243161778,0.11952286093343936,0.0,0.0,0.0,0.0,0.0,0.0,0.12344267996967354,0.0,0.0,0.0,0.0,0.0,0.2160246899469287,0.03327791628198609,0.0,0.0,0.04879500364742666,0.06172133998483677,0.0,0.0,0.0,0.0,0.09258200997725516,0.07079923254047887,0.0,0.0,0.0,0.0,0.06172133998483677,0.0,0.0,0.0,0.0,0.18516401995451032,0.06172133998483677,0.0,0.0,0.1851640199545103,0.0,0.0,0.0,0.0,0.0,0.0,0.0,0.20261022461827694,0.0,0.0,0.10350983390135313,0.03798685881987932,0.0,0.033671751485073696,0.0,0.0,0.0,0.0,0.0,0.0,0.0,0.0,0.0,0.0,0.0,0.0,0.0,0.0,0.03253000243161778,0.0,0.0,0.0,0.0,0.0,0.0,0.0,0.1283881477532739,0.0,0.0,0.1567723603339241,0.0,0.07968190728895957,0.0,0.0,0.030860669992418384,0.0,0.0,0.04879500364742666,0.0,0.030860669992418384,0.030860669992418384,0.0,0.0,0.24688535993934707,0.0,0.09652341781316803,0.0,0.0,0.0,0.0,0.0,0.0,1.0000000000000002,0.043643578047198484,0.0,0.2182178902359924,0.0,0.0,0.0,0.0,0.04761904761904762,0.0,0.0,0.0,0.0,0.06172133998483677,0.0,0.043643578047198484,0.0,0.0,0.03742405942825598,0.0,0.0,0.0,0.0,0.0,0.14969623771302393,0.0,0.0,0.0,0.0,0.0,0.0,0.1543033499620919,0.0,0.0,0.1851640199545103,0.0,0.0,0.0,0.0,0.0,0.0,0.0,0.0,0.0,0.1286978904175574,0.0,0.0,0.0,0.09304842103984708,0.0,0.0,0.0,0.0,0.0,0.0,0.0
herb359,0.3086974532565159,0.2385139175999776,0.2514474228374849,0.20579830217101058,0.0,0.0282842712474619,0.0,0.0,0.0,0.0,0.0,0.0,0.0,0.3086066999241838,0.1979898987322333,0.0,0.34285714285714286,0.0,0.0,0.2595542738092201,0.0,0.0,0.1829982843991256,0.2529822128134704,0.1460593486680443,0.0565685424949238,0.0,0.0,0.1460593486680443,0.11669199319831565,0.16970562748477142,0.1414213562373095,0.1131370849898476,0.2514474228374849,0.0,0.0,0.0,0.0,0.24399771253216748,0.04000000000000001,0.19245008972987526,0.13522468075656266,0.31378581622109447,0.2262741699796952,0.1460593486680443,0.0,0.0,0.0,0.35,0.0,0.03333333333333333,0.1131370849898476,0.0,0.2186432666440485,0.09486832980505139,0.33941125496954283,0.0,0.22677868380553634,0.0,0.0,0.0,0.030499714066520935,0.3779644730092272,0.0,0.03592106040535498,0.16970562748477142,0.0282842712474619,0.031234752377721216,0.0,0.23333333333333334,0.3336230624913197,0.17407765595569785,0.11766968108291043,0.3,0.43105272486425983,0.0,0.04588314677411235,0.2065591117977289,0.0,0.0,0.0,0.0,0.0282842712474619,0.0,0.0,0.0,0.037139067635410375,0.0,0.21552636243212991,0.0,0.0282842712474619,0.0565685424949238,0.206418738616856,0.0,0.1829982843991256,0.1414213562373095,0.0,0.06666666666666667,0.0,0.0,0.14368424162141993,0.0,0.0,0.0,0.11925695879998881,0.0,0.044721359549995794,0.0,0.048507125007266595,0.08728715609439697,0.0,0.0,0.0,0.0,0.0,0.33954987505086615,0.34914862437758787,0.13333333333333333,0.0,0.32118202741878643,0.26666666666666666,0.17056057308448835,0.0,0.0,0.36147844564602555,0.3055050463303894,0.0,0.0,0.0,0.0,0.11795356492391772,0.08944271909999159,0.05714285714285714,0.21213203435596426,0.0,0.1885618083164127,0.0,0.25584085962673253,0.04264014327112209,0.0,0.0,0.0,0.029172998299578912,0.13764944032233706,0.0,0.0,0.0,0.0,0.0,0.2262741699796952,0.16000000000000003,0.0,0.0,0.0,0.3111269837220809,0.03592106040535498,0.04170288281141496,0.16035674514745465,0.0,0.17056057308448835,0.0,0.0,0.2218800784900917,0.16681153124565984,0.0,0.0,0.21320071635561044,0.0,0.16970562748477142,0.0,0.0,0.0,0.36147844564602555,0.1131370849898476,0.0,0.0,0.0,0.16329931618554525,0.0,0.1979898987322333,0.0,0.10954451150103323,0.3055050463303894,0.12060453783110546,0.1414213562373095,0.16222142113076254,0.0,0.21821789023599242,0.1131370849898476,0.0,0.2262741699796952,0.0,0.0,0.17457431218879393,0.25620504608813943,0.19798989873223333,0.3111269837220809,0.0,0.0,0.19798989873223333,0.0,0.0,0.0,0.0,0.0,0.3111269837220809,0.0,0.0,0.0,0.0,0.0,0.0,0.0,0.12344267996967355,0.0,0.0,0.0,0.28,0.19727878476642874,0.0,0.37416573867739417,0.0,0.10954451150103323,0.11094003924504584,0.17320508075688776,0.297112541083283,0.11338934190276817,0.0,0.2683281572999748,0.0,0.0,0.0,0.05547001962252292,0.2065591117977289,0.0,0.0,0.0,0.0,0.0,0.21552636243212991,0.28,0.2556038601690775,0.22417941532712202,0.0,0.1414213562373095,0.3771236166328254,0.40824829046386313,0.0,0.16000000000000003,0.1414213562373095,0.0,0.1414213562373095,0.0,0.0282842712474619,0.19999999999999998,0.26539552107881487,0.0,0.25620504608813943,0.21908902300206642,0.0,0.3616777720717861,0.0,0.043643578047198484,1.0,0.0,0.0,0.3464101615137755,0.0,0.0,0.1460593486680443,0.34914862437758787,0.21320071635561044,0.0,0.0,0.0,0.0282842712474619,0.047140452079103175,0.08000000000000002,0.1392621247645583,0.0,0.10289915108550529,0.0,0.0,0.1885618083164127,0.0,0.0,0.0,0.24253562503633297,0.047140452079103175,0.0,0.12344267996967355,0.2218800784900917,0.16681153124565984,0.0565685424949238,0.32118202741878643,0.13151918984428584,0.19798989873223333,0.0,0.2529822128134704,0.0,0.0,0.1131370849898476,0.2785242495291166,0.03244428422615251,0.0,0.0,0.02948839123097943,0.2262741699796952,0.0,0.1392621247645583,0.17056057308448835,0.31378581622109447,0.3893314107138301,0.0,0.0,0.19402850002906638,0.11795356492391772,0.4800793585191833
herb360,0.0,0.0,0.0,0.1292719224987548,0.0,0.0,0.3556433795795097,0.0,0.0,0.045454545454545456,0.0,0.0,0.0,0.11631052629980886,0.0,0.0,0.34458439380315836,0.0,0.0,0.0,0.025482359571881275,0.3837612894400988,0.0,0.0,0.0,0.08528028654224418,0.04956815970966097,0.0,0.027524094128159014,0.2638796982801255,0.0,0.0,0.10660035817780522,0.02707651805369412,0.06030226891555273,0.0,0.0,0.0,0.0,0.0,0.0,0.15289415743128765,0.0,0.08528028654224418,0.0,0.08528028654224418,0.04351941398892446,0.0,0.0,0.0,0.0,0.04264014327112209,0.0,0.0,0.14301938838683886,0.0,0.0,0.0,0.22613350843332272,0.0,0.0,0.0,0.0,0.0,0.0,0.06396021490668313,0.0,0.0,0.17407765595569785,0.0,0.0,0.0,0.14782809899727067,0.07537783614444091,0.0,0.0,0.0,0.0,0.5244044240850758,0.5112373581455452,0.0,0.0,0.08528028654224418,0.0,0.0,0.0,0.19596237883454898,0.0,0.0,0.035533452725935076,0.40508136107565984,0.06396021490668313,0.0,0.0,0.0,0.0,0.215365246126974,0.07537783614444091,0.1651445647689541,0.0,0.0,0.42640143271122083,0.4730499167912662,0.0,0.0,0.5969620057957092,0.0,0.19738550848793068,0.0,0.0,0.0,0.4264014327112209,0.0,0.15075567228888181,0.4642070825485276,0.0,0.0,0.0,0.23354968324845687,0.0,0.0,0.0,0.0,0.0,0.0,0.19738550848793068,0.23028309323591914,0.022227711223719353,0.0,0.0,0.0,0.0,0.1722921969015792,0.1599005372667078,0.19596237883454898,0.0,0.0,0.0,0.0,0.13483997249264842,0.0,0.028490144114909487,0.351839597706834,0.0,0.03143473067309657,0.0,0.03289758474798845,0.09642365197998373,0.13957263155977062,0.0,0.0,0.5227272727272728,0.0,0.0,0.0,0.0,0.06286946134619315,0.040291148201269014,0.28968272975116055,0.0,0.08989331499509895,0.027524094128159014,0.0,0.0,0.0,0.0,0.0,0.0,0.0,0.11396057645963795,0.0,0.0,0.0,0.10660035817780522,0.17056057308448835,0.09196009797434057,0.42379344841321,0.0,0.0,0.12792042981336627,0.033709993123162106,0.13762047064079508,0.0,0.0,0.31980107453341566,0.0,0.385694607919935,0.0,0.08528028654224418,0.0,0.0,0.0,0.0,0.0,0.0,0.06396021490668313,0.0,0.3481553119113957,0.0,0.06396021490668313,0.12543630150106364,0.0,0.11009637651263605,0.4345240946267408,0.0,0.0,0.09304842103984708,0.0,0.037688918072220454,0.14301938838683886,0.0,0.1049727762162956,0.08891084489487742,0.13957263155977062,0.490361647617904,0.0,0.0,0.0,0.22305671869347435,0.0,0.0,0.0,0.05504818825631803,0.0,0.1305582419667734,0.0,0.0,0.0,0.0,0.0,0.1599005372667078,0.061545745489666376,0.0,0.0,0.0,0.0,0.029565619799454133,0.0,0.0,0.0,0.030151134457776365,0.0,0.0,0.0,0.31980107453341566,0.0,0.0,0.0,0.0,0.31980107453341566,0.5969620057957092,0.3411211461689767,0.028490144114909487,0.0,0.34458439380315836,0.0,0.03143473067309657,0.0,0.0,0.12792042981336627,0.12392039927415242,0.15909090909090912,0.0,0.0,1.0,0.0,0.0,0.08362420100070908,0.0,0.0,0.0,0.0,0.12792042981336627,0.19596237883454898,0.0,0.0,0.0,0.0,0.026243194054073903,0.0,0.0,0.0,0.0,0.0,0.1918806447200494,0.0,0.051708768999501914,0.0,0.0,0.0,0.0,0.0,0.0,0.06396021490668313,0.0,0.0,0.0,0.33593550657351257,0.0,0.0,0.0,0.40508136107565984,0.0,0.14673479641335557,0.0,0.0,0.0,0.10660035817780522,0.0,0.1574591643244434,0.0,0.0,0.0,0.0,0.19827263883864388,0.0,0.44455422447438714,0.0
herb363,0.057166195047502935,0.049690399499995326,0.0,0.0,0.0,0.0,0.0,0.0,0.16666666666666666,0.0,0.0,0.07453559924999298,0.0,0.0,0.2592724864350674,0.0,0.0,0.041666666666666664,0.0,0.027036903521793755,0.02817180849095055,0.0,0.07624928516630233,0.0,0.0,0.04714045207910317,0.027399831217559546,0.0,0.06085806194501845,0.024310831916315757,0.0,0.09428090415820634,0.1414213562373095,0.029934217004462485,0.4,0.03333333333333333,0.0,0.0,0.0,0.1,0.09622504486493762,0.0,0.0,0.1414213562373095,0.0,0.023570226039551584,0.048112522432468816,0.0,0.041666666666666664,0.0,0.08333333333333333,0.07071067811865475,0.0,0.07808688094430304,0.026352313834736494,0.1649915822768611,0.046225016352102424,0.0,0.041666666666666664,0.030429030972509225,0.0,0.050832856777534886,0.0629940788348712,0.0,0.08980265101338746,0.1649915822768611,0.023570226039551584,0.0,0.0,0.0,0.034752402342845795,0.0,0.0,0.05555555555555555,0.0,0.0,0.0,0.0,0.026352313834736494,0.02457365935914952,0.1649915822768611,0.04714045207910317,0.0,0.04714045207910317,0.0,0.0,0.0,0.0,0.4190790380624747,0.0,0.0,0.11785113019775792,0.04914731871829904,0.0,0.025416428388767443,0.0,0.023809523809523808,0.027777777777777776,0.0,0.0,0.0,0.029462782549439476,0.03268602252303067,0.0,0.0,0.0,0.07453559924999298,0.0,0.0,0.0,0.19641855032959654,0.0,0.0,0.0,0.0,0.0,0.0,0.0,0.043033148291193514,0.0,0.0,0.0,0.0890870806374748,0.0,0.0,0.036369648372665396,0.0,0.0,0.0,0.0,0.0,0.0,0.0,0.0,0.030949223029508643,0.0,0.0,0.03553345272593507,0.10660035817780521,0.03726779962499649,0.0,0.0,0.048621663832631515,0.0,0.0,0.0,0.2545875386086578,0.0,0.0,0.0,0.0,0.0,0.0,0.0629940788348712,0.1649915822768611,0.26940795304016235,0.0,0.0,0.0,0.0,0.09938079899999065,0.21300321680756457,0.0,0.0,0.1386750490563073,0.023570226039551584,0.0,0.046225016352102424,0.04714045207910317,0.0,0.08333333333333333,0.0,0.0,0.0,0.21213203435596426,0.07624928516630233,0.0,0.0,0.0,0.1649915822768611,0.03726779962499649,0.0,0.036369648372665396,0.0,0.0,0.0,0.0,0.0,0.0,0.0,0.023570226039551584,0.07106690545187014,0.023570226039551584,0.0,0.0,0.18856180831641267,0.1649915822768611,0.0,0.06804138174397717,0.04714045207910317,0.0,0.08084520834544431,0.0,0.0,0.0,0.04714045207910317,0.0,0.12379689211803457,0.041666666666666664,0.0,0.05270462766947299,0.0,0.0,0.0,0.0,0.0,0.1386750490563073,0.0,0.0,0.0,0.0,0.0,0.0,0.0,0.0,0.0,0.0,0.0,0.024845199749997663,0.0,0.0,0.0,0.0,0.0,0.029012942659282975,0.0,0.0,0.02457365935914952,0.0,0.0,0.03333333333333333,0.030429030972509225,0.0,0.0,0.04714045207910317,0.0,0.0,0.07453559924999298,0.0,0.0,0.0,0.0,0.0314970394174356,0.2592724864350674,0.023809523809523808,0.09829463743659808,0.034752402342845795,0.0,0.0,0.0,0.0,0.050251890762960605,0.2182178902359924,0.0,0.0,0.9999999999999998,0.0,0.046225016352102424,0.0,0.0,0.0,0.0,0.0,0.0,0.0,0.1414213562373095,0.03928371006591931,0.16666666666666669,0.029012942659282975,0.0,0.31441407276126615,0.0,0.05555555555555555,0.0,0.09428090415820634,0.0,0.028583097523751468,0.0,0.0,0.0,0.0,0.0,0.0,0.0,0.07647191129018724,0.027399831217559546,0.11785113019775792,0.0,0.0,0.03333333333333333,0.0,0.0,0.0,0.0,0.0,0.030429030972509225,0.07372097807744857,0.0,0.0,0.029012942659282975,0.0,0.0,0.0,0.0,0.0,0.0,0.17201561551404665,0.0
herb364,0.0,0.2295101242196988,0.24195539543709926,0.0,0.0,0.10886621079036347,0.0,0.36115755925730764,0.0,0.0,0.0,0.0,0.0,0.20786985482077452,0.19051586888313607,0.0,0.329914439536929,0.0,0.1160517706371319,0.21853668936906195,0.0,0.0,0.11739345417674985,0.21300321680756462,0.0,0.02721655269759087,0.0,0.0,0.10540925533894599,0.0842151921066519,0.16329931618554522,0.02721655269759087,0.10886621079036347,0.24195539543709926,0.0,0.0,0.0,0.0,0.20543854480931223,0.0,0.0,0.0,0.3019405424385589,0.08164965809277261,0.0,0.08164965809277261,0.0,0.0,0.33678765702728175,0.0,0.032075014954979206,0.10886621079036347,0.0,0.21038958142240088,0.060858061945018464,0.24494897427831783,0.0,0.0,0.0,0.10540925533894599,0.051434449987363975,0.0,0.2545875386086578,0.0,0.0,0.16329931618554522,0.0,0.06011130897782883,0.0,0.3207501495497921,0.32102894156205125,0.0,0.0,0.0,0.4147806778921701,0.0,0.0,0.0,0.0,0.0,0.02721655269759087,0.0,0.0,0.0,0.0,0.0,0.03573708449459316,0.0,0.0,0.04536092116265145,0.02721655269759087,0.02721655269759087,0.19862652384370802,0.0,0.05869672708837492,0.0,0.0,0.09622504486493762,0.0,0.28721347895177635,0.0,0.0,0.0,0.3456505649101418,0.0,0.02721655269759087,0.04303314829119352,0.0,0.0,0.08399210511316162,0.0,0.0,0.0561434614044346,0.0,0.07407407407407408,0.32673201960653564,0.2939723678960657,0.0,0.0,0.30905754998184354,0.22452510468485445,0.12309149097933272,0.0,0.0,0.3478327964999673,0.2939723678960657,0.0,0.0,0.3042903097250923,0.04415107856883479,0.0,0.0,0.0549857399228215,0.0,0.0,0.0,0.0,0.0,0.0,0.0,0.0,0.0,0.0,0.0,0.0,0.0,0.0,0.0,0.0,0.19051586888313607,0.0,0.0,0.0,0.0,0.16329931618554522,0.03456505649101418,0.040128617695256406,0.0,0.0,0.12309149097933272,0.0,0.0,0.0,0.20064308847628204,0.0,0.02721655269759087,0.041030496993110906,0.16012815380508716,0.16329931618554522,0.0,0.09622504486493763,0.0,0.3478327964999673,0.0,0.0,0.0,0.0,0.0,0.0,0.21773242158072695,0.0,0.0,0.2939723678960657,0.0,0.0,0.0,0.0,0.0,0.0,0.0,0.19051586888313607,0.0,0.02721655269759087,0.0,0.215716742976478,0.1905158688831361,0.16329931618554522,0.0,0.0,0.16329931618554522,0.0,0.0,0.0,0.0,0.0,0.19051586888313607,0.2969569354582493,0.10721125348377948,0.0,0.0,0.18257418583505539,0.0,0.19862652384370802,0.0,0.0,0.0,0.0,0.2694301256218254,0.0,0.0,0.3600411499115478,0.0,0.07027283689263066,0.10675210253672476,0.055555555555555566,0.2858966759567453,0.10910894511799618,0.0,0.20082135869223644,0.0,0.0,0.0,0.05337605126836238,0.0,0.0,0.0,0.0,0.2270017415356663,0.0,0.0,0.2694301256218254,0.2459549291242073,0.40061680838488767,0.0,0.16329931618554522,0.3628873693012116,0.0,0.0,0.0,0.0,0.0,0.0,0.07273929674533079,0.02721655269759087,0.19245008972987523,0.2270017415356663,0.0,0.215716742976478,0.03513641844631533,0.0,0.22147019900891643,0.0,0.0,0.3464101615137755,0.0,0.0,1.0,0.0,0.0,0.0,0.2939723678960657,0.041030496993110906,0.0,0.0,0.1160517706371319,0.02721655269759087,0.04536092116265145,0.07698003589195011,0.0,0.0,0.06600983619844494,0.0,0.0,0.0,0.0,0.0,0.0,0.0,0.0,0.0,0.0,0.0,0.0,0.02721655269759087,0.30905754998184354,0.0,0.16329931618554522,0.10721125348377948,0.24343224778007386,0.0,0.0,0.0,0.26801008406912324,0.031219527052723135,0.0,0.0,0.2837521769195829,0.19051586888313607,0.0,0.0,0.0,0.3019405424385589,0.2809757434745082,0.0,0.0,0.0,0.0,0.2939723678960657
herb366,0.14269544824634822,0.16537964611894462,0.0,0.0,0.0,0.0,0.0,0.0,0.0,0.0,0.27735009811261463,0.31008683647302115,0.18156825980064073,0.0,0.11766968108291043,0.0,0.0,0.0,0.0,0.0,0.0,0.15689290811054724,0.0,0.0,0.0,0.03922322702763681,0.18238430103502132,0.0,0.05063696835418333,0.0,0.0,0.0,0.0,0.1494406444160154,0.0,0.0,0.0,0.0,0.0,0.0,0.0,0.0,0.0,0.0,0.0,0.0,0.24019223070763074,0.0,0.0,0.0,0.0,0.03922322702763681,0.0,0.0,0.08770580193070293,0.0,0.0,0.0,0.0,0.0,0.0,0.042295493443781355,0.0,0.0,0.0,0.0,0.0,0.0,0.16012815380508716,0.0,0.0,0.0,0.0,0.23112508176051214,0.0,0.0,0.0,0.0,0.043852900965351466,0.0,0.15689290811054724,0.0,0.07844645405527362,0.03922322702763681,0.0,0.1386750490563073,0.15450786078738143,0.0,0.0,0.19611613513818404,0.15689290811054724,0.0,0.0,0.0,0.0,0.0,0.0,0.1386750490563073,0.0,0.0,0.0,0.0,0.0,0.0,0.0,0.07844645405527362,0.2480694691784169,0.0,0.0,0.0,0.0,0.0,0.2831896879219572,0.0,0.0,0.269069117598525,0.0,0.0,0.0,0.0,0.0,0.0,0.0,0.0,0.0,0.0,0.18156825980064073,0.0,0.0,0.0,0.0,0.0,0.3565929832876473,0.0,0.0,0.0,0.0,0.0,0.0,0.06201736729460423,0.0,0.0,0.04045566970313674,0.19088542889273333,0.0,0.0,0.18156825980064073,0.0,0.0,0.0,0.0,0.0,0.0,0.0,0.0,0.0,0.0,0.0,0.0,0.0,0.0,0.0,0.0,0.0,0.0,0.0,0.0,0.0,0.0,0.0,0.1386750490563073,0.0,0.0,0.0,0.0,0.0,0.0,0.0,0.0,0.0,0.0,0.0,0.0,0.0,0.0,0.13497638119975428,0.0,0.24209101306752098,0.0,0.18156825980064073,0.0,0.0,0.0,0.0,0.0,0.0,0.0,0.0,0.0,0.03922322702763681,0.0,0.06726727939963124,0.0,0.0,0.0,0.0,0.0,0.0,0.0,0.0,0.0,0.0,0.0,0.0,0.0,0.0,0.15384615384615385,0.0,0.09119215051751065,0.0,0.0,0.0,0.0,0.23076923076923078,0.0,0.0,0.0,0.0,0.0,0.0,0.0,0.0,0.0,0.0,0.0,0.0,0.0,0.0,0.0,0.0,0.0,0.0,0.0,0.0,0.0,0.0,0.0,0.0,0.0,0.0,0.0,0.0,0.0,0.0,0.0,0.0,0.0,0.0,0.0,0.0,0.0,0.04181210050035454,0.0,0.0,0.08362420100070908,0.046225016352102424,0.0,1.0,0.0,0.0,0.0,0.0,0.0,0.0,0.16724840200141816,0.11766968108291043,0.0,0.0,0.0,0.0,0.0,0.0,0.0,0.0,0.23533936216582085,0.0,0.09513029883089881,0.0,0.0,0.0,0.0,0.0,0.0,0.0,0.0,0.0,0.0,0.0,0.0,0.0,0.0,0.07844645405527362,0.0,0.0,0.0,0.20254787341673333,0.0,0.0,0.0,0.0,0.0,0.0,0.0,0.0,0.0,0.0,0.12267912301642961,0.0
herb367,0.0,0.0,0.0,0.0,0.0,0.0,0.0,0.0,0.0,0.0,0.0,0.0,0.0,0.0,0.0,0.0,0.0,0.0,0.4767312946227962,0.0,0.0,0.0,0.0,0.3,0.0,0.2683281572999748,0.0,0.0,0.0,0.0,0.0,0.0,0.0,0.0,0.0,0.0632455532033676,0.0,0.0,0.0,0.0,0.0,0.0,0.0,0.044721359549995794,0.0,0.2683281572999748,0.0,0.0,0.0,0.0,0.0,0.0,0.0,0.0,0.0,0.0,0.0,0.0,0.0,0.0,0.0,0.0,0.0,0.0,0.0,0.0,0.0,0.0,0.12171612389003693,0.0,0.0,0.0,0.0,0.0,0.0,0.0,0.0,0.0,0.0,0.0,0.08944271909999159,0.0,0.044721359549995794,0.0,0.0,0.0,0.0,0.0,0.0,0.0,0.0,0.0,0.0,0.0,0.0,0.0,0.2258769757263128,0.0,0.0,0.0,0.0,0.0,0.0,0.0,0.0,0.0,0.0,0.0,0.0,0.0,0.0,0.0,0.0,0.0,0.0,0.0,0.0,0.0,0.0,0.0,0.0,0.0,0.0,0.0,0.0,0.0,0.0,0.0,0.0,0.0,0.0,0.0,0.0,0.0,0.0,0.0,0.0,0.0,0.0,0.0,0.0,0.0,0.23063280200722128,0.0,0.0,0.0,0.0,0.0,0.0,0.0,0.0,0.0,0.0,0.0,0.0,0.0,0.0,0.0,0.0,0.0,0.0,0.057735026918962574,0.0,0.0,0.0,0.0,0.0,0.0,0.0,0.0,0.0,0.0,0.0,0.0,0.0,0.04822428221704121,0.0,0.0,0.0,0.0,0.0,0.0,0.0,0.0,0.044721359549995794,0.35909242322980395,0.0,0.0,0.0,0.6210590034081188,0.0,0.0,0.0,0.0,0.0,0.0,0.0,0.0,0.0,0.0,0.0,0.0,0.0,0.0,0.0,0.0,0.0,0.0,0.0,0.0,0.0,0.0,0.0,0.0,0.0,0.0,0.0,0.0,0.0,0.0,0.0,0.0,0.0,0.0,0.0,0.0,0.0,0.0,0.0,0.04767312946227962,0.0,0.0,0.0,0.0,0.0,0.0,0.0,0.0,0.0,0.0,0.0,0.0,0.0,0.0,0.0,0.0,0.0,0.0,0.0,0.0,0.0,0.0,0.0,0.0,0.27105237087157535,0.0,0.0,0.0,0.0,0.0,0.0,0.2860387767736777,0.0,0.0,0.0,0.0,0.0,0.0,0.9999999999999999,0.0,0.0,0.0,0.0,0.0,0.0,0.0,0.0,0.0,0.0,0.0,0.0,0.0,0.0,0.0,0.0,0.0,0.0,0.38348249442368526,0.0,0.0,0.0,0.0,0.0,0.1341640786499874,0.0,0.0,0.0,0.3523321317088221,0.0,0.0,0.0,0.0,0.0,0.0,0.0,0.0,0.0,0.0,0.0,0.0,0.0,0.0,0.0,0.0,0.0,0.0,0.27975144247209416,0.0
herb368,0.12524485821702988,0.0,0.19674775073518588,0.0939336436627724,0.0,0.0,0.053838190205816545,0.0761386987626881,0.0,0.0,0.0,0.0,0.0,0.0,0.02581988897471611,0.0,0.18257418583505533,0.0,0.0,0.0,0.0,0.0,0.0,0.0,0.1333333333333333,0.02581988897471611,0.0,0.0,0.1333333333333333,0.10652472825826148,0.12909944487358055,0.10327955589886444,0.0,0.0,0.0,0.0,0.0,0.0,0.0,0.0,0.0,0.30860669992418377,0.14322297480788657,0.0,0.33333333333333326,0.0,0.0,0.0,0.0,0.0,0.0,0.0,0.17712297710801905,0.1140531897024402,0.0,0.0,0.0,0.0,0.0,0.0,0.0,0.0,0.034503277967117704,0.0,0.0,0.0,0.05163977794943222,0.0570265948512201,0.0,0.0,0.0,0.0,0.10741723110591493,0.1217161238900369,0.0,0.0,0.20942695414584772,0.18856180831641264,0.0,0.0,0.0,0.0,0.02581988897471611,0.05163977794943222,0.09128709291752768,0.0,0.0,0.0,0.0,0.0,0.0,0.18073922282301275,0.053838190205816545,0.07784989441615228,0.1113692092779409,0.41957319583913666,0.0,0.0,0.06666666666666665,0.0,0.13116516715679058,0.0,0.0,0.0,0.10886621079036347,0.0,0.0,0.0,0.04428074427700476,0.0,0.0,0.0,0.0,0.0,0.0,0.0,0.0,0.30429030972509225,0.0,0.0,0.06085806194501845,0.0,0.0,0.0,0.0,0.0,0.0,0.0,0.0,0.0,0.34994823633780764,0.0,0.0,0.19364916731037082,0.0,0.1721325931647741,0.0,0.0,0.0,0.0,0.0,0.0,0.0,0.12565617248750863,0.0761386987626881,0.0,0.0,0.0,0.0,0.0,0.36514837167011077,0.0,0.18257418583505536,0.0,0.18073922282301275,0.0,0.0,0.0,0.0,0.0,0.0,0.0,0.20254787341673333,0.3806934938134405,0.0,0.0,0.15569978883230456,0.0,0.0,0.0,0.0,0.0,0.0,0.10327955589886444,0.0,0.0,0.0,0.18633899812498247,0.0,0.0,0.0,0.0,0.07968190728895957,0.11009637651263605,0.0,0.11846977555181847,0.0,0.0,0.10327955589886444,0.0,0.0,0.0,0.05163977794943222,0.15936381457791915,0.0,0.10327955589886444,0.10327955589886444,0.0,0.0,0.07745966692414832,0.0,0.08856148855400953,0.0,0.0,0.0,0.3098386676965933,0.0,0.0,0.0,0.0,0.057735026918962574,0.3496029493900505,0.0,0.28171808490950556,0.0,0.0,0.0,0.0,0.09004503377814962,0.05923488777590923,0.0,0.0,0.06666666666666665,0.0,0.10540925533894598,0.3390317518104052,0.0,0.0,0.21773242158072698,0.0,0.0,0.0,0.10127393670836667,0.18856180831641264,0.06356417261637282,0.0,0.0,0.0,0.0,0.0,0.0,0.0,0.029235267310234306,0.0,0.0,0.0,0.0,0.0,0.47469288317114405,0.07745966692414832,0.0,0.10327955589886444,0.0,0.0,0.0,0.0,0.0,0.2046468711716401,0.0,0.0,0.0,0.0,0.0,0.1460593486680443,0.0,0.0,0.0,0.0,0.0,0.9999999999999998,0.0,0.19462473604038072,0.05163977794943222,0.0,0.0,0.05163977794943222,0.0,0.0,0.4131671220064233,0.0,0.03131121455425747,0.0,0.1217161238900369,0.1721325931647741,0.0,0.0,0.06262242910851494,0.0,0.08606629658238704,0.0,0.14085904245475275,0.5063696835418334,0.22841609628806428,0.07745966692414832,0.04188539082916955,0.12006004503753283,0.23237900077244494,0.0,0.0,0.0,0.0,0.33565855667130934,0.12712834523274563,0.0,0.6471789394828488,0.0,0.0,0.0,0.0,0.12712834523274563,0.0,0.14322297480788657,0.0,0.0,0.0,0.0,0.10767638041163309,0.15936381457791915
herb370,0.07484811885651196,0.26024001945294223,0.2743516305843672,0.0,0.0,0.030860669992418384,0.0,0.0,0.0,0.0,0.0,0.0,0.0,0.2357022603955159,0.2160246899469287,0.0,0.24939187455541986,0.0,0.0,0.2831969301619155,0.0,0.0,0.03327791628198609,0.2760262237369417,0.0,0.06172133998483677,0.0,0.0,0.0,0.0,0.2160246899469287,0.030860669992418384,0.12344267996967354,0.2743516305843672,0.0,0.0,0.0,0.0,0.26622333025588873,0.0,0.0,0.0,0.29957234475763905,0.09258200997725514,0.0,0.0,0.0,0.04879500364742666,0.3818813079129867,0.0,0.036369648372665396,0.12344267996967354,0.0,0.23855936180684897,0.0,0.2160246899469287,0.0,0.0,0.0,0.0,0.0,0.0,0.28867513459481287,0.0,0.0,0.1851640199545103,0.09258200997725516,0.03407990882954985,0.0,0.2545875386086578,0.3640126041546321,0.0,0.0,0.0,0.35273781075132926,0.0,0.0,0.0,0.0,0.0,0.0,0.0,0.0,0.09258200997725516,0.0,0.0,0.04052204492365539,0.0,0.0,0.0,0.030860669992418384,0.030860669992418384,0.22522130823072545,0.0,0.06655583256397218,0.0,0.0,0.07273929674533079,0.0,0.04652421051992354,0.0,0.0,0.0,0.0,0.03253000243161778,0.0,0.04879500364742666,0.0,0.05292561240249632,0.09523809523809525,0.0,0.0,0.0,0.0,0.0,0.3704792868174742,0.5714285714285715,0.07273929674533079,0.0,0.3504383220252312,0.29095718698132317,0.0,0.0,0.0,0.3944053188733077,0.33333333333333337,0.0,0.0,0.0,0.0,0.0,0.0,0.062347968638854966,0.0,0.0,0.0,0.0,0.09304842103984708,0.0,0.0,0.0,0.0,0.0,0.0,0.09100315103865803,0.0,0.0,0.0,0.0,0.24688535993934707,0.0,0.0,0.0,0.0,0.1851640199545103,0.03919309008348103,0.04550157551932901,0.0,0.0,0.0,0.0,0.0,0.0,0.04550157551932901,0.0,0.0,0.04652421051992354,0.0,0.2160246899469287,0.0,0.0,0.0,0.3944053188733077,0.0,0.0,0.0,0.0,0.0,0.0,0.2160246899469287,0.0,0.0,0.33333333333333337,0.0,0.0,0.0,0.0,0.0,0.0,0.0,0.24688535993934707,0.0,0.0,0.0,0.3144854510165755,0.1851640199545103,0.1851640199545103,0.0,0.0,0.1851640199545103,0.0,0.0,0.0,0.0,0.0,0.24688535993934707,0.0,0.04052204492365539,0.0,0.0,0.03450327796711771,0.0,0.0,0.0,0.030860669992418384,0.0,0.0,0.43643578047198484,0.0,0.0,0.4082482904638631,0.0,0.0,0.12104550653376049,0.06299407883487121,0.2836543144655877,0.12371791482634838,0.0,0.4228900316110311,0.0,0.0,0.0,0.060522753266880246,0.0,0.0,0.0,0.0,0.0,0.0,0.0,0.3055050463303894,0.3984095364447979,0.24459979523511427,0.0,0.1543033499620919,0.3600411499115478,0.0,0.0,0.0,0.0,0.0,0.0,0.0,0.030860669992418384,0.2182178902359924,0.2895702534395041,0.0,0.2795426231258449,0.03984095364447979,0.030860669992418384,0.4304976020005052,0.0,0.04761904761904762,0.34914862437758787,0.0,0.0,0.2939723678960657,0.0,0.0,0.0,1.0,0.04652421051992354,0.0,0.0,0.0,0.030860669992418384,0.051434449987363975,0.08728715609439697,0.0,0.0,0.11227217828476795,0.0,0.0,0.051434449987363975,0.0,0.0,0.0,0.0,0.0,0.0,0.0,0.0,0.13650472655798704,0.030860669992418384,0.3504383220252312,0.0,0.1851640199545103,0.0,0.2760262237369417,0.0,0.0,0.0,0.26590801173915524,0.03539961627023944,0.0,0.0,0.03217447260438935,0.40118870990143896,0.062347968638854966,0.0,0.0,0.29957234475763905,0.2831969301619155,0.0,0.0,0.0,0.0,0.33333333333333337
herb371,0.1462544848254261,0.03178208630818641,0.03829197905337418,0.1462544848254261,0.0,0.27136021011998723,0.0,0.0,0.0,0.0,0.0,0.0,0.0,0.0657951694959769,0.3316624790355399,0.0,0.030457245193658628,0.0,0.0,0.1037571695799112,0.0,0.0,0.29261523994305977,0.3033899381084589,0.15569978883230456,0.09045340337332908,0.0,0.0,0.15569978883230456,0.12439408271422457,0.27136021011998723,0.39196474795109265,0.030151134457776358,0.03829197905337418,0.0,0.0,0.0,0.0,0.29261523994305977,0.0,0.0,0.18018749253911176,0.04181210050035454,0.030151134457776358,0.15569978883230456,0.030151134457776358,0.0,0.0,0.053300179088902604,0.0,0.3198010745334156,0.060302268915552716,0.10341753799900381,0.03329635791060134,0.0337099931231621,0.09045340337332908,0.0,0.0,0.0,0.0,0.0,0.0,0.12087344460380703,0.0,0.0,0.030151134457776358,0.0,0.2996672211954121,0.0,0.03553345272593507,0.044455422447438706,0.0,0.1254363015010636,0.14213381090374028,0.03829197905337418,0.0,0.04891159880445184,0.22019275302527208,0.0,0.0,0.0,0.12060453783110543,0.030151134457776358,0.0,0.0,0.0,0.039590379123244784,0.0,0.0,0.0,0.0,0.0,0.03143473067309657,0.0,0.130051217752471,0.1507556722888818,0.030457245193658628,0.0,0.03892494720807614,0.0,0.1531679162134967,0.0,0.0,0.0,0.12712834523274563,0.0,0.0,0.0,0.05170876899950191,0.0,0.0,0.0,0.0,0.03553345272593507,0.0,0.05170876899950191,0.04652421051992354,0.14213381090374028,0.0,0.04891159880445184,0.3198010745334156,0.0,0.0,0.0,0.05504818825631802,0.04652421051992354,0.0,0.0,0.0,0.0,0.1257389226923863,0.0,0.0,0.22613350843332267,0.0,0.20100756305184242,0.0,0.0,0.0,0.0,0.0,0.0,0.0,0.14673479641335552,0.0,0.0,0.0,0.0,0.03289758474798845,0.27136021011998723,0.17056057308448835,0.0,0.0,0.0,0.030151134457776358,0.0,0.0,0.05698028822981897,0.0,0.0,0.0,0.0,0.23652495839563303,0.1333662673423161,0.0,0.0,0.1818181818181818,0.0,0.18090680674665816,0.0,0.0,0.0,0.05504818825631802,0.1507556722888818,0.0,0.0,0.03329635791060134,0.17407765595569782,0.0,0.030151134457776358,0.0,0.03892494720807614,0.04652421051992354,0.12856486930664499,0.0,0.0,0.0,0.04652421051992354,0.18090680674665816,0.0,0.27136021011998723,0.0,0.0,0.18609684207969415,0.30725493389951347,0.030151134457776358,0.030151134457776358,0.0,0.0,0.030151134457776358,0.0,0.0,0.0,0.0,0.0,0.2110579412044345,0.0,0.0,0.0,0.0337099931231621,0.0,0.07422696190252055,0.0,0.16448792373994225,0.030151134457776358,0.0,0.0,0.04264014327112209,0.14019992744655632,0.0,0.05698028822981897,0.0,0.0,0.0,0.15386436372416593,0.039590379123244784,0.36262033381142106,0.0,0.06356417261637282,0.0,0.0,0.0,0.0,0.22019275302527208,0.0,0.0,0.0,0.0,0.0,0.0,0.04264014327112209,0.03892494720807614,0.30725493389951347,0.0,0.18090680674665816,0.10050378152592121,0.0,0.0,0.2984810028978546,0.0,0.030151134457776358,0.030151134457776358,0.04029114820126901,0.060302268915552716,0.030457245193658628,0.2829125760578691,0.0,0.27311549679956754,0.0,0.0,0.03504998186163908,0.032141217326661246,0.0,0.21320071635561044,0.0,0.0,0.041030496993110906,0.0,0.0,0.19462473604038072,0.04652421051992354,0.9999999999999999,0.030151134457776358,0.0,0.0,0.0,0.45226701686664544,0.0,0.1484539238050411,0.0674199862463242,0.07312724241271305,0.0,0.0,0.20100756305184242,0.0,0.0,0.03656362120635653,0.0,0.050251890762960605,0.0,0.1315903389919538,0.23652495839563303,0.1778216897897548,0.030151134457776358,0.14673479641335552,0.14019992744655632,0.060302268915552716,0.0,0.2696799449852968,0.0,0.0,0.12060453783110543,0.037113480951260276,0.13834289277321493,0.08891084489487741,0.0,0.0,0.060302268915552716,0.0,0.2969078476100822,0.0,0.04181210050035454,0.27668578554642986,0.0,0.03504998186163908,0.0,0.1257389226923863,0.04652421051992354
herb372,0.0,0.0,0.0,0.5093248125762992,0.0,0.0,0.0,0.08846517369293828,0.0,0.0,0.0,0.06324555320336758,0.030860669992418384,0.45825756949558394,0.0,0.0,0.0,0.07071067811865475,0.0,0.0,0.0,0.0,0.0,0.0,0.0,0.0,0.023249527748763855,0.0,0.15491933384829665,0.1856558243265828,0.0,0.0,0.04,0.0508000508000762,0.0,0.0,0.030860669992418384,0.0,0.0,0.0,0.0,0.5259005881071331,0.0,0.06,0.0,0.32,0.040824829046386304,0.0,0.0,0.0,0.0,0.02,0.0,0.0,0.49193495504995377,0.0,0.07844645405527362,0.0,0.17677669529663687,0.0,0.0,0.0,0.0,0.0,0.0,0.08,0.0,0.06625891564490793,0.13608276348795434,0.0,0.0,0.0,0.1386750490563073,0.04714045207910317,0.0,0.0,0.09733285267845751,0.0,0.0,0.0,0.04,0.0,0.08,0.0,0.10606601717798213,0.0,0.15756771943166706,0.0,0.0,0.06666666666666668,0.0,0.08,0.020851441405707476,0.0,0.0,0.049999999999999996,0.4444671196029727,0.07071067811865475,0.6971370023173349,0.0,0.1270001270001905,0.0,0.0,0.0,0.08432740427115679,0.06,0.0,0.15430334996209194,0.0,0.0,0.0,0.02,0.08251369970070348,0.4949747468305832,0.0,0.0,0.0,0.023570226039551584,0.18257418583505536,0.0,0.07071067811865475,0.0,0.0,0.0,0.0,0.15430334996209194,0.24688535993934707,0.06255432421712243,0.0,0.0,0.04170288281141495,0.0,0.0,0.049999999999999996,0.18382900600361157,0.16666666666666669,0.0,0.0,0.0,0.0,0.08164965809277261,0.08017837257372731,0.02062842492517587,0.064888568452305,0.11795356492391772,0.0,0.09258200997725516,0.030151134457776358,0.4800793585191832,0.0,0.0,0.10660035817780522,0.1414213562373095,0.0,0.0,0.0,0.05897678246195886,0.03779644730092272,0.1358732440973515,0.0,0.0,0.05163977794943222,0.0,0.05897678246195886,0.0,0.0,0.060302268915552716,0.0,0.0,0.05345224838248487,0.0,0.0,0.0,0.43999999999999995,0.0,0.0,0.11043152607484655,0.0,0.0,0.12,0.0,0.5422176684690382,0.09258200997725516,0.04264014327112209,0.0,0.0,0.1507556722888818,0.0,0.48,0.0,0.0,0.060302268915552716,0.04,0.0,0.0,0.0,0.0,0.16329931618554522,0.0,0.08,0.0,0.10289915108550529,0.0,0.0,0.0,0.0,0.0,0.0,0.035355339059327376,0.49193495504995377,0.0670820393249937,0.0,0.0,0.4800793585191832,0.38,0.0,0.0,0.0,0.48824008272404107,0.1147078669352809,0.0,0.0,0.05163977794943222,0.0,0.46948553403344245,0.0,0.0,0.0,0.0,0.0,0.049999999999999996,0.05773502691896258,0.11766968108291043,0.03651483716701107,0.07385489458759964,0.0,0.02773500981126146,0.0,0.0,0.0,0.0565685424949238,0.0,0.0,0.040824829046386304,0.0,0.0,0.0,0.0,0.0565685424949238,0.06,0.08,0.0,0.05345224838248487,0.0,0.0,0.0,0.05897678246195886,0.0,0.0,0.16,0.11624763874381928,0.5116817192534651,0.0,0.0,0.12792042981336627,0.0,0.0,0.0,0.0,0.05163977794943222,0.0,0.030151134457776358,1.0,0.18382900600361157,0.0,0.02,0.0,0.0,0.07385489458759964,0.0,0.0,0.0,0.09428090415820634,0.06666666666666668,0.08,0.0,0.0,0.0,0.0,0.0,0.04364357804719848,0.0,0.08846517369293828,0.04,0.0,0.11624763874381928,0.02,0.18382900600361157,0.0,0.0565685424949238,0.0,0.04,0.0,0.11470786693528089,0.02948839123097943,0.0,0.0,0.43999999999999995,0.0,0.0,0.0,0.0,0.0,0.0,0.511489610472805,0.0,0.0,0.030860669992418384
herb373,0.0,0.0,0.0,0.15923243882462046,0.0,0.0,0.027379283909669677,0.0,0.0,0.11197850219117086,0.0,0.0,0.04052204492365539,0.1432670637653132,0.0,0.0,0.0,0.09284766908852593,0.0,0.0,0.03138824102871722,0.2363515791475006,0.0,0.0,0.0,0.0,0.0,0.0,0.06780635036208103,0.16251869354636594,0.0,0.0,0.05252257314388902,0.06670373459650701,0.0,0.0,0.12156613477096617,0.0,0.0,0.0,0.03573708449459316,0.18832944617230332,0.03641785203646149,0.05252257314388902,0.0,0.10504514628777804,0.05360562674188975,0.0,0.0,0.0,0.0,0.0,0.0,0.0,0.14680505487867584,0.0,0.0,0.0,0.32496684180984076,0.0,0.0,0.1132730943577198,0.0,0.0,0.0,0.07878385971583353,0.0,0.0,0.21442250696755896,0.0,0.0,0.0,0.18208926018230742,0.06189844605901729,0.0,0.0,0.0,0.0,0.0,0.027379283909669677,0.0,0.0,0.0,0.0,0.0,0.0,0.37931034482758624,0.0,0.0,0.08753762190648172,0.05252257314388902,0.07878385971583353,0.0,0.0,0.0,0.0,0.13263952726932277,0.030949223029508643,0.20341905108624309,0.0,0.0,0.0,0.0,0.0,0.0,0.07878385971583353,0.0,0.3241763593892431,0.0,0.04052204492365539,0.0,0.0,0.0,0.24759378423606915,0.0,0.0,0.04052204492365539,0.0,0.2876779808912304,0.0,0.0,0.15836151649297914,0.0,0.0,0.0,0.24313226954193234,0.28365431446558775,0.10951713563867871,0.0,0.0,0.0,0.0,0.0,0.06565321642986127,0.9310344827586207,0.0,0.0,0.0,0.15836151649297914,0.0,0.0,0.17546560158589908,0.0,0.0,0.0,0.0,0.04052204492365539,0.039590379123244784,0.22922730202450112,0.0,0.0,0.1399731277389636,0.0,0.07018624063435963,0.0,0.0,0.15488061853247326,0.049629166698546515,0.17841031003501578,0.0,0.0,0.06780635036208103,0.0,0.0,0.15450786078738143,0.2363515791475006,0.0,0.0,0.0,0.0,0.0,0.0,0.0,0.15756771943166706,0.0,0.0,0.0,0.0,0.0,0.15756771943166706,0.0,0.16951587590520256,0.0,0.0,0.0,0.1204950466257556,0.2375422747394687,0.0,0.10504514628777804,0.0,0.05252257314388902,0.0,0.0,0.0,0.0,0.0,0.07878385971583353,0.21442250696755896,0.0,0.07878385971583353,0.0,0.0,0.0,0.0,0.0,0.0,0.0,0.0,0.09284766908852593,0.17616606585441102,0.0,0.0,0.0,0.17192047651837583,0.10504514628777804,0.0,0.0,0.0,0.1526406277181659,0.0,0.0,0.0,0.0,0.0,0.16081688022566926,0.0,0.0,0.0,0.0,0.0,0.2626128657194451,0.07580980435789035,0.0,0.0,0.0,0.2491364395612199,0.21850711221876892,0.0,0.0,0.13340746919301402,0.07427813527082075,0.0,0.0,0.0,0.0,0.0,0.0,0.0,0.0,0.0,0.18382900600361157,0.0,0.07018624063435963,0.0,0.0,0.0,0.07744030926623663,0.0,0.0,0.05252257314388902,0.18316875326179904,0.19596237883454898,0.0,0.0,0.19596237883454898,0.0,0.0,0.0,0.0,0.0,0.0,0.0,0.18382900600361157,0.9999999999999998,0.05598925109558543,0.0,0.0,0.0,0.0323254091917618,0.0,0.0,0.058722021951470346,0.0,0.17507524381296344,0.07878385971583353,0.0,0.0,0.0,0.0,0.0,0.0,0.0,0.0,0.0,0.0,0.0,0.0,0.24137931034482757,0.0,0.0,0.0,0.0,0.0,0.2711138549079501,0.0,0.03390317518104052,0.0,0.13130643285972254,0.0,0.0,0.0,0.03641785203646149,0.0,0.0,0.18316875326179904,0.0,0.0,0.0
herb374,0.10341753799900383,0.0,0.0,0.0,0.0,0.0,0.0,0.1257389226923863,0.0,0.0,0.24120907566221092,0.13483997249264842,0.1315903389919538,0.0,0.08528028654224418,0.0,0.0,0.0,0.0,0.0,0.0,0.0,0.0,0.0,0.0,0.0,0.0,0.0,0.0,0.0,0.0,0.0,0.0,0.1624591083221647,0.0,0.0,0.0657951694959769,0.0,0.0,0.06030226891555273,0.0,0.0,0.0,0.04264014327112209,0.0,0.0,0.17407765595569785,0.0,0.0,0.0,0.050251890762960605,0.04264014327112209,0.0,0.0,0.09534625892455924,0.0,0.0,0.0,0.0,0.0,0.0,0.0,0.0,0.0,0.05415303610738824,0.0,0.04264014327112209,0.0,0.1160517706371319,0.0,0.0,0.0,0.0,0.15075567228888181,0.0,0.0,0.0,0.0,0.0,0.0,0.08528028654224418,0.0,0.04264014327112209,0.04264014327112209,0.0,0.0,0.16796775328675628,0.0,0.0,0.1421338109037403,0.04264014327112209,0.04264014327112209,0.0,0.0,0.0,0.0,0.0,0.10050378152592121,0.0,0.0,0.0,0.0,0.0,0.10830607221477648,0.0,0.0,0.13483997249264842,0.0657951694959769,0.0,0.0657951694959769,0.0,0.0,0.0879598994267085,0.0,0.0,0.0,0.0657951694959769,0.0,0.0,0.0,0.0,0.0,0.0,0.0,0.0,0.0,0.1315903389919538,0.044455422447438706,0.0,0.0,0.0,0.0,0.0861460984507896,0.0,0.05598925109558543,0.0,0.0,0.0,0.0,0.06741998624632421,0.0,0.0,0.0,0.0,0.06286946134619315,0.0,0.1315903389919538,0.0,0.0,0.0,0.0,0.0,0.0,0.0,0.0,0.0,0.0,0.0,0.0,0.12856486930664499,0.0,0.05504818825631803,0.0,0.1257389226923863,0.08362420100070908,0.0,0.0,0.0,0.0,0.0,0.15075567228888181,0.0,0.0,0.0,0.04264014327112209,0.0,0.0,0.0,0.0,0.0,0.06741998624632421,0.0,0.0,0.0,0.0,0.0978231976089037,0.0,0.0,0.0,0.1315903389919538,0.04264014327112209,0.0,0.04264014327112209,0.0,0.0,0.0,0.0,0.0,0.0,0.0,0.0,0.07312724241271307,0.0,0.0,0.0,0.0,0.13957263155977062,0.0,0.0,0.0,0.04767312946227962,0.0,0.044455422447438706,0.0,0.0,0.0,0.16724840200141816,0.0,0.09913631941932194,0.0,0.0,0.0,0.0,0.16724840200141816,0.0,0.0,0.0,0.0,0.0,0.045454545454545456,0.10660035817780521,0.0,0.0,0.0,0.0,0.13483997249264842,0.0,0.0,0.0,0.0,0.0,0.0,0.0,0.0,0.0,0.0,0.0,0.0,0.0,0.0,0.04264014327112209,0.0,0.0,0.0,0.0,0.0,0.0,0.0,0.0,0.04264014327112209,0.04956815970966097,0.0,0.0,0.0,0.0,0.0,0.1160517706371319,0.16724840200141816,0.0,0.0,0.0,0.0,0.0,0.05598925109558543,1.0,0.08528028654224418,0.0,0.0,0.0,0.0,0.0,0.0,0.0,0.07106690545187015,0.12792042981336627,0.0,0.0,0.0,0.0,0.0,0.0,0.0,0.0,0.04264014327112209,0.0,0.0,0.0,0.0,0.0,0.0,0.0,0.0,0.0,0.04891159880445185,0.0,0.0,0.0,0.0,0.0,0.0,0.0,0.0,0.0,0.0,0.0,0.0,0.08891084489487741,0.0
herb376,0.12126781251816647,0.06324555320336758,0.1016001016001524,0.0,0.0,0.0,0.04170288281141495,0.0,0.035355339059327376,0.0,0.0565685424949238,0.15811388300841894,0.24688535993934704,0.02182178902359924,0.12,0.0,0.060609152673132646,0.0,0.0,0.04588314677411236,0.047809144373375745,0.0,0.0,0.0670820393249937,0.05163977794943222,0.1,0.0,0.0,0.05163977794943222,0.0,0.1,0.02,0.19999999999999998,0.2286002286003429,0.16970562748477142,0.0,0.0,0.0,0.17253243712550145,0.19798989873223333,0.05443310539518174,0.0,0.08320502943378438,0.18000000000000002,0.0,0.0,0.12247448713915891,0.0,0.035355339059327376,0.0,0.0,0.14,0.0,0.13251783128981587,0.044721359549995794,0.12,0.0,0.0,0.0,0.07745966692414832,0.0,0.0,0.08017837257372731,0.0,0.0254000254000381,0.3,0.02,0.02208630521496931,0.21773242158072698,0.04714045207910317,0.02948839123097943,0.0,0.0,0.11785113019775792,0.0254000254000381,0.0,0.0,0.0,0.0670820393249937,0.0,0.18000000000000002,0.02,0.08,0.06,0.0,0.0,0.10504514628777804,0.0324442842261525,0.12700012700019048,0.10000000000000002,0.16,0.36000000000000004,0.20851441405707477,0.0,0.17253243712550145,0.0,0.0,0.282842712474619,0.0,0.0,0.0,0.0,0.0,0.0,0.021081851067789197,0.0,0.09486832980505137,0.0,0.0,0.24688535993934707,0.20000000000000004,0.02,0.061885274775527604,0.0,0.0,0.034299717028501764,0.030860669992418384,0.0,0.0,0.0324442842261525,0.04714045207910317,0.0,0.03779644730092272,0.0,0.03651483716701107,0.030860669992418384,0.09258200997725516,0.10425720702853739,0.0,0.19466570535691502,0.0,0.0,0.22223355980148635,0.049999999999999996,0.05252257314388902,0.0,0.0,0.0,0.060302268915552716,0.0,0.0,0.0,0.0,0.0,0.0,0.0,0.27774602993176545,0.0,0.0,0.26,0.0,0.0,0.0,0.0,0.18000000000000002,0.0,0.0,0.0,0.0,0.0,0.04216370213557839,0.18073922282301275,0.0,0.0,0.0,0.0,0.0,0.0,0.1,0.0,0.07071067811865475,0.0,0.03651483716701107,0.0,0.2,0.0,0.0,0.0,0.0,0.22,0.06324555320336758,0.0,0.030860669992418384,0.0,0.0,0.06882472016116853,0.0,0.0,0.0,0.09258200997725516,0.18,0.060302268915552716,0.04,0.0,0.04529108136578383,0.18000000000000002,0.16,0.0,0.0,0.16,0.0,0.0,0.0,0.022645540682891915,0.0,0.1,0.0,0.0,0.0,0.0,0.0,0.0492365963917331,0.020851441405707476,0.0,0.0,0.13764944032233706,0.19611613513818404,0.0282842712474619,0.04649905549752771,0.04588314677411236,0.03779644730092272,0.0,0.0,0.3922322702763681,0.14288690166235207,0.07878385971583353,0.026726124191242435,0.0,0.06324555320336758,0.021320071635561044,0.0,0.0,0.0,0.0,0.0,0.0,0.0,0.0,0.0,0.0254000254000381,0.0282842712474619,0.05163977794943222,0.04529108136578383,0.0,0.08,0.03333333333333334,0.0,0.12649110640673517,0.0,0.0,0.12000000000000001,0.02,0.026726124191242435,0.4,0.020203050891044214,0.10425720702853739,0.05897678246195886,0.09058216273156766,0.0,0.02,0.023249527748763855,0.0,0.06172133998483677,0.0282842712474619,0.0,0.1414213562373095,0.02721655269759087,0.11766968108291043,0.0,0.05163977794943222,0.030860669992418384,0.0,0.02,0.0,0.08528028654224418,1.0000000000000002,0.0,0.3676955262170047,0.0,0.0,0.29104275004359953,0.0,0.0,0.0,0.12,0.0,0.04850712500726659,0.0,0.0,0.0,0.0,0.0,0.0,0.06,0.09733285267845751,0.0,0.18000000000000002,0.0,0.17888543819998318,0.0282842712474619,0.0,0.02,0.07385489458759964,0.04588314677411236,0.08846517369293828,0.02581988897471611,0.0,0.02,0.0,0.0,0.0,0.08320502943378438,0.04588314677411236,0.0,0.0,0.0,0.06255432421712243,0.12344267996967354
herb377,0.0,0.03513641844631533,0.04233337566673017,0.0,0.0,0.30000000000000004,0.0,0.0,0.0,0.0,0.0,0.052704627669472995,0.0,0.0363696483726654,0.33333333333333337,0.0,0.033671751485073696,0.0,0.0,0.19117977822546817,0.0,0.0,0.39538683507927425,0.3354101966249685,0.0,0.03333333333333334,0.0,0.0,0.04303314829119352,0.03438070820862645,0.30000000000000004,0.30000000000000004,0.06666666666666668,0.1270001270001905,0.0,0.047140452079103175,0.0,0.0,0.3234983196103153,0.047140452079103175,0.0,0.0,0.04622501635210244,0.03333333333333334,0.0,0.0,0.3402069087198859,0.0,0.05892556509887897,0.0,0.628539361054709,0.06666666666666668,0.0,0.03681050869161552,0.0,0.13333333333333336,0.0,0.0,0.05892556509887897,0.0,0.06299407883487121,0.03594425773447948,0.0445435403187374,0.049147318718299055,0.0,0.03333333333333334,0.03333333333333334,0.4049155956077707,0.0,0.03928371006591931,0.09829463743659811,0.0,0.0,0.0,0.04233337566673017,0.0,0.0,0.0,0.0,0.034752402342845795,0.06666666666666668,0.03333333333333334,0.03333333333333334,0.0,0.0,0.23570226039551587,0.04376881095324086,0.0,0.0,0.0,0.0,0.0,0.034752402342845795,0.0,0.0,0.0,0.0,0.0,0.0,0.0,0.21166687833365086,0.0,0.0,0.0,0.0,0.0,0.052704627669472995,0.0,0.0,0.0,0.0,0.03333333333333334,0.0,0.0,0.0,0.05716619504750295,0.051434449987363975,0.07856742013183862,0.06085806194501846,0.05407380704358751,0.3928371006591931,0.0,0.0,0.0,0.06085806194501846,0.051434449987363975,0.0,0.034752402342845795,0.0,0.0,0.0,0.0,0.0,0.0,0.0,0.0,0.07106690545187015,0.0,0.050251890762960605,0.0,0.13608276348795437,0.0,0.03438070820862645,0.21629522817435004,0.0,0.0,0.051434449987363975,0.0,0.0,0.30000000000000004,0.0,0.0,0.0,0.0,0.03333333333333334,0.0,0.0,0.0,0.0,0.0,0.0,0.0,0.0,0.0,0.0,0.06666666666666668,0.0,0.0,0.20000000000000004,0.0,0.0,0.0,0.06085806194501846,0.0,0.06666666666666668,0.0,0.0,0.0,0.0,0.03333333333333334,0.0,0.0,0.10286889997472795,0.0,0.0,0.0,0.0,0.051434449987363975,0.0,0.0,0.30000000000000004,0.10050378152592121,0.0,0.0,0.33968311024337877,0.03333333333333334,0.03333333333333334,0.0,0.2886751345948129,0.03333333333333334,0.0,0.05716619504750295,0.04303314829119352,0.03774256780481986,0.0,0.03333333333333334,0.0,0.0,0.0,0.0,0.0,0.0,0.0,0.0,0.0,0.0,0.0,0.047140452079103175,0.0,0.1147078669352809,0.06299407883487121,0.0,0.0,0.0,0.0,0.04376881095324086,0.4008918628686366,0.0,0.03513641844631533,0.035533452725935076,0.0,0.0,0.0,0.06085806194501846,0.24618298195866553,0.0,0.0,0.0,0.0,0.0,0.047140452079103175,0.04303314829119352,0.33968311024337877,0.0,0.23333333333333336,0.11111111111111113,0.0,0.0,0.0,0.0,0.03333333333333334,0.0,0.0445435403187374,0.06666666666666668,0.2357022603955159,0.3127716210856122,0.0,0.30194054243855895,0.0,0.06666666666666668,0.03874921291460643,0.035533452725935076,0.0,0.047140452079103175,0.0,0.03928371006591931,0.04536092116265145,0.0,0.0,0.0,0.051434449987363975,0.45226701686664544,0.0,0.0,0.0,0.0,1.0000000000000002,0.23570226039551587,0.04103049699311092,0.0,0.0,0.0,0.07856742013183862,0.0,0.03333333333333334,0.0,0.12126781251816648,0.0,0.0,0.0,0.0,0.06537204504606135,0.0,0.0,0.05407380704358751,0.03874921291460643,0.10000000000000002,0.0,0.298142396999972,0.047140452079103175,0.0,0.0,0.04103049699311092,0.15294382258037453,0.0,0.04303314829119352,0.0,0.03333333333333334,0.0,0.0,0.0,0.04622501635210244,0.30588764516074907,0.0,0.0,0.0,0.0,0.051434449987363975
herb378,0.06859943405700353,0.0596284793999944,0.07184212081070997,0.0,0.0,0.0,0.02948839123097943,0.0,0.0,0.0,0.0,0.0,0.0,0.06172133998483677,0.1131370849898476,0.0,0.05714285714285714,0.0,0.0,0.09733285267845754,0.0,0.0,0.0,0.1264911064067352,0.0,0.1131370849898476,0.0,0.0,0.0,0.0,0.0565685424949238,0.0,0.1414213562373095,0.07184212081070997,0.28,0.0,0.0,0.0,0.30499714066520933,0.08000000000000002,0.07698003589195011,0.0,0.07844645405527362,0.1414213562373095,0.0,0.0,0.2886751345948129,0.0,0.1,0.0,0.16666666666666666,0.0282842712474619,0.0,0.15617376188860607,0.0,0.16970562748477142,0.0,0.0,0.0,0.0,0.0,0.0,0.15118578920369088,0.0,0.0,0.33941125496954283,0.0,0.0,0.0,0.06666666666666667,0.08340576562282992,0.0,0.0,0.06666666666666667,0.07184212081070997,0.0,0.0,0.0,0.0,0.0,0.0,0.0,0.0,0.0,0.0,0.0,0.11141720290623112,0.0,0.17960530202677494,0.0,0.2262741699796952,0.33941125496954283,0.2359071298478354,0.0,0.30499714066520933,0.0,0.0,0.26666666666666666,0.0,0.0,0.1796053020267749,0.0,0.0,0.0,0.0,0.0,0.044721359549995794,0.0,0.0,0.39279220242478635,0.32998316455372223,0.0,0.0,0.0,0.0,0.09701425001453319,0.08728715609439697,0.0,0.0,0.0917662935482247,0.13333333333333333,0.0,0.053452248382484885,0.0,0.10327955589886445,0.08728715609439697,0.0,0.0,0.0,0.0,0.0,0.0,0.22857142857142856,0.0,0.0,0.0,0.0,0.0,0.08528028654224418,0.0,0.0,0.0,0.0,0.1835325870964494,0.0,0.0,0.21821789023599242,0.0,0.0,0.2545584412271571,0.0,0.0,0.0,0.07559289460184544,0.16970562748477142,0.03592106040535498,0.04170288281141496,0.0,0.0,0.0,0.0,0.18257418583505536,0.0,0.04170288281141496,0.0,0.0,0.04264014327112209,0.0,0.08485281374238571,0.0,0.0,0.0,0.10327955589886445,0.0,0.1414213562373095,0.0,0.0,0.0,0.0,0.19798989873223333,0.0,0.0,0.08728715609439697,0.0,0.0,0.0,0.0,0.0,0.0,0.0,0.282842712474619,0.17056057308448835,0.0,0.0,0.12810252304406972,0.16970562748477142,0.16970562748477142,0.0,0.20412414523193156,0.0565685424949238,0.0,0.0,0.0,0.0,0.0,0.1131370849898476,0.0,0.0,0.2,0.0,0.0,0.0,0.0,0.0,0.0,0.0,0.16641005886756877,0.08000000000000002,0.0,0.09733285267845754,0.10690449676496977,0.0,0.0,0.4437601569801834,0.23094010767585033,0.07427813527082075,0.07559289460184544,0.0,0.0596284793999944,0.0,0.0,0.0,0.05547001962252292,0.0,0.17407765595569785,0.08944271909999159,0.0,0.0,0.0,0.0,0.08000000000000002,0.07302967433402215,0.12810252304406972,0.0,0.08485281374238571,0.09428090415820635,0.0,0.08944271909999159,0.0,0.0,0.0282842712474619,0.0,0.0,0.3676955262170047,0.2,0.206418738616856,0.0,0.12810252304406972,0.03651483716701107,0.0,0.06575959492214292,0.0,0.043643578047198484,0.08000000000000002,0.0,0.16666666666666669,0.07698003589195011,0.0,0.0,0.0,0.08728715609439697,0.0,0.0,0.0,0.0,0.3676955262170047,0.23570226039551587,1.0,0.0,0.0,0.4801960383990247,0.0,0.0,0.0,0.0,0.0,0.06859943405700353,0.0,0.0,0.0,0.0,0.0,0.0,0.0,0.1835325870964494,0.0,0.08485281374238571,0.0,0.2846049894151542,0.0,0.0,0.0,0.06963106238227915,0.06488856845230502,0.0,0.0,0.0,0.0565685424949238,0.0,0.0,0.0,0.07844645405527362,0.09733285267845754,0.0,0.0,0.0,0.0,0.08728715609439697
herb379,0.11941628680530642,0.0,0.0,0.08956221510397981,0.0657951694959769,0.0,0.0,0.07259540086406278,0.0,0.0,0.0,0.03892494720807615,0.03798685881987932,0.0,0.0492365963917331,0.0,0.0,0.0,0.0,0.08471737420873576,0.0,0.0,0.053093187320189895,0.0,0.12712834523274563,0.02461829819586655,0.0,0.052486388108147805,0.19069251784911845,0.25391835805951285,0.09847319278346618,0.09847319278346618,0.0,0.2188568898182529,0.0,0.2088931871468374,0.0,0.0,0.0,0.03481553119113957,0.0,0.29424494316824984,0.0,0.0,0.4131671220064233,0.0,0.05025189076296061,0.0,0.0,0.0,0.17407765595569785,0.0,0.04222003309207491,0.0,0.0,0.0492365963917331,0.0,0.0,0.08703882797784893,0.0,0.0,0.026546593660094948,0.0,0.0,0.0,0.0,0.02461829819586655,0.10874544956540738,0.0,0.0,0.0,0.0,0.10241831129983785,0.14506471329641488,0.0,0.0,0.19968076595771794,0.17978662999019787,0.0,0.0,0.0,0.0,0.02461829819586655,0.0,0.08703882797784893,0.0,0.0323254091917618,0.0,0.0,0.04103049699311092,0.0,0.0,0.0,0.0,0.10618637464037979,0.4308202184276646,0.02486823656509969,0.029012942659282975,0.06356417261637282,0.0,0.1250610798961445,0.0,0.0,0.0,0.10379985922153641,0.0,0.03892494720807615,0.0,0.04222003309207491,0.0,0.0,0.0,0.025391835805951283,0.0,0.0,0.04222003309207491,0.0,0.2901294265928297,0.08989331499509894,0.0,0.05802588531856595,0.0,0.0,0.0,0.0,0.0,0.03798685881987932,0.0,0.0,0.0,0.3336625515205745,0.0,0.0,0.24618298195866548,0.0323254091917618,0.16412198797244368,0.0,0.0,0.22268088570756164,0.0,0.0,0.03289758474798845,0.025391835805951283,0.11980845957463077,0.07259540086406278,0.0,0.11396057645963797,0.037113480951260276,0.0,0.0,0.34815531191139565,0.0,0.17407765595569785,0.0,0.0,0.0,0.03629770043203139,0.04652421051992355,0.0,0.0,0.0,0.03178208630818641,0.19312181983410706,0.36297700432031393,0.048280454958526765,0.02461829819586655,0.1484539238050411,0.0,0.0,0.0,0.0,0.0,0.0,0.12309149097933272,0.02461829819586655,0.0,0.0,0.17766726362967541,0.0,0.0,0.0,0.0,0.41785544701867255,0.1049727762162956,0.0,0.0,0.0,0.11396057645963797,0.09847319278346618,0.0,0.0,0.0,0.02461829819586655,0.1519474352795173,0.0,0.0,0.0,0.0,0.03553345272593508,0.0,0.0,0.29554023164452436,0.0,0.0,0.0,0.09847319278346618,0.0,0.0,0.04351941398892446,0.0,0.055048188256318034,0.0,0.0,0.2686076546751268,0.0,0.0,0.0,0.0,0.08585457105482137,0.05647824947249051,0.0,0.0,0.06356417261637282,0.0,0.10050378152592122,0.0,0.0,0.0,0.025949964805384102,0.0,0.06154574548966637,0.07106690545187017,0.09656090991705353,0.17978662999019787,0.15151515151515155,0.0,0.0682788741998919,0.0,0.0,0.0,0.03481553119113957,0.0,0.027874733666903028,0.0,0.0,0.0,0.0,0.0,0.4526019054848143,0.07385489458759964,0.0,0.0,0.03289758474798845,0.0,0.02486823656509969,0.0,0.03629770043203139,0.0,0.03178208630818641,0.0,0.0,0.052486388108147805,0.0,0.1392621247645583,0.026243194054073903,0.029012942659282975,0.0,0.0,0.0,0.4131671220064233,0.0,0.1484539238050411,0.07385489458759964,0.0323254091917618,0.0,0.0,0.04103049699311092,0.0,1.0000000000000002,0.0,0.0,0.0,0.17407765595569785,0.16412198797244368,0.0,0.11009637651263607,0.0,0.0,0.04103049699311092,0.0,0.1343038273375634,0.48280454958526775,0.21778620259218837,0.02461829819586655,0.03993615319154359,0.1144727614064285,0.0,0.0323254091917618,0.0,0.06963106238227915,0.0,0.34465617474213167,0.0,0.0,0.14519080172812557,0.0,0.0,0.0,0.0,0.12121212121212123,0.0,0.0,0.0,0.0,0.028618190351607124,0.0,0.10266540046786908,0.0
herb380,0.0,0.0,0.0,0.0,0.0,0.22360679774997896,0.0,0.0,0.0,0.0,0.0,0.0,0.0,0.0,0.0,0.0,0.0,0.0,0.0,0.0,0.0,0.0,0.04822428221704121,0.0,0.0,0.08944271909999159,0.051987524491003634,0.0,0.0,0.0,0.0,0.17888543819998318,0.0,0.0,0.0,0.0,0.0,0.0,0.0,0.0,0.0,0.0,0.0,0.0,0.0,0.044721359549995794,0.0,0.0,0.07905694150420949,0.0,0.0,0.0,0.0,0.049386479832479485,0.0,0.044721359549995794,0.0,0.0,0.0,0.0,0.0,0.0,0.0,0.0,0.0,0.0,0.22360679774997896,0.0,0.0,0.31622776601683794,0.0,0.0,0.0,0.0,0.0,0.0,0.0,0.0,0.0,0.0,0.0,0.22360679774997896,0.0,0.1341640786499874,0.0,0.0,0.0,0.0,0.0,0.0,0.0,0.0,0.0,0.0,0.0,0.0,0.04517539514526256,0.0,0.0,0.0,0.0,0.05590169943749474,0.062017367294604234,0.0,0.0,0.044721359549995794,0.35355339059327373,0.0,0.0,0.0,0.0,0.0,0.0,0.05270462766947299,0.0,0.0,0.0,0.0,0.0,0.0,0.0,0.0,0.0,0.0,0.0,0.0,0.0,0.04662524041201569,0.0,0.0,0.27975144247209416,0.0,0.0,0.0,0.0,0.0,0.0,0.0,0.0,0.0,0.0,0.0,0.04612656040144426,0.0,0.0659380473395787,0.0,0.0,0.0,0.0,0.2683281572999748,0.0,0.04767312946227962,0.0,0.0,0.0,0.2839809171235324,0.0,0.08451542547285167,0.0,0.0,0.0,0.057735026918962574,0.0,0.0,0.0,0.0,0.0,0.0,0.22360679774997896,0.0,0.0,0.0,0.0,0.044721359549995794,0.0,0.0,0.0,0.0,0.0,0.0,0.0,0.0,0.0,0.0,0.044721359549995794,0.0,0.0,0.0,0.0,0.0,0.0,0.0,0.1341640786499874,0.0,0.25318484177091666,0.0,0.0,0.0,0.0,0.0,0.0,0.0,0.0,0.05063696835418333,0.0,0.22360679774997896,0.0,0.0,0.0,0.0,0.25,0.0,0.0,0.0,0.0,0.0,0.0,0.0,0.0,0.0,0.0,0.0,0.0,0.0,0.0,0.0,0.0,0.3721042037676254,0.23570226039551584,0.0,0.0,0.0,0.0,0.0,0.0,0.0,0.0,0.0,0.0,0.0,0.0,0.0,0.0,0.0,0.0,0.0,0.0,0.0,0.0,0.044721359549995794,0.0,0.0,0.0,0.0,0.09035079029052512,0.23312620206007845,0.0,0.0,0.0,0.0,0.0,0.04767312946227962,0.0,0.0,0.0,0.0,0.0,0.0,0.0,0.0,0.0,0.0674199862463242,0.0,0.0,0.0,0.0,0.0,0.0,0.0,1.0000000000000002,0.0,0.0,0.0,0.0,0.0,0.0,0.0,0.0,0.0,0.0,0.0,0.0,0.0,0.0,0.0,0.0,0.0,0.058722021951470346,0.0,0.0,0.0,0.0,0.27524094128159016,0.0,0.0,0.0,0.0,0.044721359549995794,0.27105237087157535,0.27524094128159016,0.0,0.0,0.30779350562554625,0.0,0.0,0.0,0.0,0.0
herb381,0.029411764705882346,0.07669649888473704,0.06160411036336974,0.0,0.0,0.0,0.0,0.0,0.0,0.0,0.0,0.0,0.0,0.05292561240249631,0.2910427500435996,0.0,0.07349939363250378,0.0,0.0,0.11128297681493143,0.0,0.0,0.0,0.1355815361366601,0.0,0.12126781251816647,0.0,0.0,0.0,0.0,0.04850712500726659,0.0,0.09701425001453318,0.06160411036336974,0.44589632137052293,0.0,0.0,0.0,0.5230657809659413,0.034299717028501764,0.03300491809922247,0.0,0.06726727939963124,0.12126781251816647,0.0,0.0,0.0,0.0,0.08574929257125441,0.0,0.0,0.024253562503633294,0.16637806616154058,0.16070147520167405,0.0,0.12126781251816647,0.0,0.0,0.0,0.0,0.0,0.0,0.19446111706564928,0.0,0.0,0.2667891875399662,0.0,0.0,0.0,0.057166195047502935,0.07151985398521515,0.0,0.0,0.028583097523751468,0.09240616554505461,0.0,0.0,0.0,0.0,0.0,0.0,0.0,0.0,0.0,0.0,0.0,0.09553946329477228,0.0,0.33882260699853356,0.0,0.38805700005813276,0.3152963125472328,0.2528608687120868,0.0,0.4969124919176442,0.0,0.0,0.22866478019001177,0.0,0.0,0.0,0.0,0.0,0.0,0.0,0.0,0.03834824944236852,0.0,0.08318903308077029,0.6362090102803518,0.16169041669088866,0.0,0.0,0.0,0.0,0.08318903308077029,0.11227217828476795,0.0,0.0,0.07868894753646336,0.14291548761875733,0.0,0.09166984970282112,0.0,0.08856148855400951,0.07484811885651196,0.0,0.0,0.0,0.0,0.0,0.0,0.19599838302001008,0.0,0.0,0.0,0.0,0.03656362120635653,0.03656362120635653,0.0,0.0,0.0,0.0,0.0,0.0,0.0,0.14969623771302393,0.0,0.0,0.24253562503633294,0.0,0.0,0.0,0.0,0.12126781251816647,0.2464164414534789,0.03575992699260758,0.0,0.0,0.0,0.0,0.12524485821702988,0.0,0.03575992699260758,0.0,0.0,0.03656362120635653,0.0,0.09701425001453318,0.0,0.0,0.0,0.08856148855400951,0.0,0.09701425001453318,0.0,0.0,0.0,0.0,0.19402850002906635,0.0,0.0,0.07484811885651196,0.0,0.0,0.0,0.0,0.0,0.0,0.0,0.485071250072666,0.03656362120635653,0.0,0.0,0.1373087590952724,0.12126781251816647,0.12126781251816647,0.0,0.0,0.07276068751089988,0.0,0.0,0.0,0.0,0.0,0.14552137502179976,0.0,0.0,0.0,0.0,0.0,0.05970814340265321,0.0,0.0,0.0,0.0,0.14269544824634822,0.06859943405700353,0.0,0.0,0.09166984970282112,0.0,0.0,0.38052119532359524,0.19802950859533486,0.12738595105969638,0.06482037235521643,0.0,0.07669649888473704,0.0,0.0,0.0,0.047565149415449405,0.0,0.05970814340265321,0.0,0.0,0.0,0.0,0.0,0.06859943405700353,0.06262242910851494,0.19223226273338137,0.0,0.07276068751089988,0.08084520834544433,0.0,0.03834824944236852,0.0,0.0,0.024253562503633294,0.024253562503633294,0.0,0.5093248125762992,0.04899959575500252,0.20228869496966942,0.0,0.1373087590952724,0.03131121455425747,0.0,0.08458258116519013,0.0,0.03742405942825598,0.10289915108550529,0.0,0.31441407276126615,0.06600983619844494,0.0,0.0,0.03131121455425747,0.11227217828476795,0.07312724241271305,0.0,0.0,0.0,0.29104275004359953,0.0,0.4801960383990247,0.0,0.0,1.0,0.0,0.0,0.0,0.0,0.0,0.08823529411764704,0.0,0.0,0.0,0.0,0.0,0.0,0.0,0.1967223688411584,0.0,0.04850712500726659,0.0,0.5152098373193083,0.0,0.0,0.0,0.05970814340265321,0.05564148840746572,0.07151985398521515,0.0,0.0,0.07276068751089988,0.0,0.0,0.0,0.06726727939963124,0.11128297681493143,0.0,0.0,0.0,0.17700260809846075,0.07484811885651196
herb384,0.0,0.0,0.0,0.0,0.23904572186687872,0.0,0.0,0.0,0.0,0.09534625892455924,0.0,0.0,0.13801311186847084,0.0,0.0,0.0,0.0,0.07905694150420949,0.0,0.0,0.0,0.0,0.0,0.0,0.0,0.0,0.0,0.0,0.0,0.0,0.0,0.0,0.0,0.0,0.0,0.0,0.0,0.0,0.0,0.0,0.0,0.0,0.0,0.0,0.0,0.0,0.0,0.0,0.0,0.1414213562373095,0.0,0.0,0.0,0.0,0.0,0.044721359549995794,0.0,0.0,0.0,0.0,0.0,0.0,0.0,0.0,0.0,0.044721359549995794,0.0,0.0,0.0,0.0,0.0,0.0,0.0,0.0,0.0,0.0,0.0,0.0,0.0,0.0,0.0,0.0,0.0,0.0,0.0,0.0,0.0,0.0,0.0,0.0,0.0,0.0,0.0,0.0,0.0,0.0,0.0,0.0,0.0,0.0,0.0,0.0,0.0,0.0,0.0,0.0,0.0,0.0,0.0,0.0,0.0,0.0,0.13837968120433278,0.05270462766947299,0.0,0.0,0.0,0.0,0.0,0.0,0.0,0.0,0.08451542547285167,0.0,0.0,0.0,0.0,0.04662524041201569,0.0,0.0,0.0,0.0,0.0,0.0,0.058722021951470346,0.0,0.0,0.0,0.0,0.0,0.0,0.0,0.0,0.0,0.0,0.0,0.0,0.0,0.048795003647426664,0.0,0.0,0.0,0.0,0.0,0.0,0.0,0.0,0.0,0.0,0.0,0.0,0.0,0.0,0.0,0.0,0.0,0.0,0.0,0.0,0.0,0.0,0.0,0.0,0.0,0.0,0.0,0.0,0.0,0.0,0.0,0.0,0.0,0.0,0.0,0.0,0.0,0.0,0.0,0.0,0.0,0.0,0.0,0.0,0.0,0.0,0.0,0.0,0.0,0.0,0.0,0.0,0.0,0.0,0.0,0.0,0.0,0.0,0.0,0.0,0.0,0.0,0.0,0.0,0.0,0.0,0.0,0.0,0.0,0.0,0.0,0.0,0.0,0.0,0.0,0.0,0.0,0.0,0.0,0.0,0.0,0.0,0.0,0.0,0.0,0.0,0.0,0.12403473458920847,0.0,0.0,0.056796183424706485,0.0,0.0,0.0,0.0,0.0,0.0,0.0,0.0,0.0,0.0,0.0,0.0,0.0,0.0,0.0,0.0,0.0,0.0,0.0,0.0,0.0,0.0,0.0,0.0,0.0,0.0,0.0,0.0,0.0,0.0,0.0,0.0,0.0,0.058722021951470346,0.0,0.0,0.0,0.0,0.0,0.0,0.0,0.9999999999999999,0.0,0.0,0.0,0.0,0.0,0.0,0.0,0.0,0.0,0.0,0.0,0.0,0.0,0.0,0.0,0.0,0.0,0.18973665961010278,0.0,0.0,0.0,0.0,0.0,0.0,0.0,0.0,0.0,0.0,0.0674199862463242,0.0,0.0,0.0,0.0,0.0,0.0,0.0
herb386,0.0,0.0,0.0,0.0,0.0,0.0,0.0,0.13900960937138318,0.0,0.0,0.0,0.07453559924999298,0.0,0.0,0.04714045207910317,0.0,0.0,0.0,0.0,0.10814761408717502,0.0,0.0,0.050832856777534886,0.05270462766947299,0.0,0.0,0.0,0.10050378152592121,0.06085806194501845,0.048621663832631515,0.0,0.0,0.0,0.05986843400892497,0.0,0.06666666666666667,0.0,0.0,0.0,0.06666666666666667,0.0,0.0,0.0,0.0,0.0,0.0,0.0,0.0,0.0,0.0,0.05555555555555555,0.0,0.0,0.0,0.0,0.04714045207910317,0.0,0.0,0.08333333333333333,0.0,0.0,0.050832856777534886,0.0,0.0,0.0,0.0,0.04714045207910317,0.10411584125907071,0.0,0.0,0.0,0.0,0.0,0.0,0.0,0.0,0.15294382258037448,0.0,0.0,0.0,0.0,0.0,0.0,0.0,0.16666666666666666,0.0,0.0,0.0,0.0,0.0,0.0,0.0,0.0,0.0,0.0,0.1178511301977579,0.0,0.0,0.1217161238900369,0.0,0.0,0.0,0.0,0.0,0.0,0.0,0.07453559924999298,0.0,0.0,0.0,0.0,0.0,0.0,0.0,0.0,0.0,0.0,0.0,0.08606629658238703,0.0,0.1111111111111111,0.0,0.0,0.0,0.0,0.0,0.0,0.0,0.0,0.0,0.09829463743659808,0.0,0.0,0.0,0.0,0.0,0.0,0.0,0.07106690545187014,0.0,0.0,0.0,0.048621663832631515,0.0,0.13900960937138318,0.0,0.14547859349066158,0.0,0.0,0.0,0.0,0.0,0.3333333333333333,0.0,0.0,0.0,0.0,0.0,0.0,0.0,0.0,0.0,0.0,0.13900960937138318,0.0,0.04714045207910317,0.0,0.0,0.0,0.0,0.08333333333333333,0.0,0.0,0.0,0.04714045207910317,0.0,0.0,0.0,0.0,0.0,0.0,0.0,0.21821789023599236,0.0,0.0,0.0,0.0,0.0,0.0,0.07273929674533079,0.0,0.0,0.04714045207910317,0.0,0.0,0.0,0.0,0.0,0.06804138174397717,0.0,0.0,0.24253562503633294,0.0,0.0,0.0,0.0,0.0,0.0,0.0,0.0,0.10540925533894598,0.0,0.0,0.0,0.0,0.0,0.0,0.0,0.0,0.10814761408717502,0.0,0.0,0.1217161238900369,0.0,0.0,0.0,0.0,0.0,0.0,0.0,0.0,0.0,0.1849000654084097,0.0,0.17407765595569785,0.0,0.0,0.0,0.0,0.0,0.0,0.0,0.0,0.0,0.0,0.0,0.0,0.0,0.13333333333333333,0.09428090415820634,0.0,0.0,0.0629940788348712,0.0,0.047619047619047616,0.0,0.0,0.0,0.0,0.0,0.0,0.050251890762960605,0.0,0.0,0.0,0.05555555555555555,0.0,0.0,0.0,0.1217161238900369,0.0,0.0,0.09428090415820634,0.0,0.0,0.0,0.07856742013183862,0.0,0.17407765595569785,0.0,0.0,0.0,0.9999999999999999,0.0,0.0,0.0,0.0,0.0,0.0,0.0,0.0,0.0,0.13900960937138318,0.0,0.0,0.0,0.0,0.0,0.0,0.0,0.0,0.09428090415820634,0.0,0.0,0.0,0.0,0.0,0.0,0.0,0.0,0.0,0.0,0.0,0.0,0.0,0.0,0.0,0.0
herb388,0.16169041669088866,0.0,0.0,0.12126781251816648,0.0,0.0,0.034752402342845795,0.0,0.0,0.07106690545187015,0.0,0.0,0.051434449987363975,0.0,0.0,0.0,0.0,0.05892556509887897,0.0,0.0,0.07968190728895957,0.0,0.0,0.0,0.1721325931647741,0.03333333333333334,0.15499685165842572,0.0,0.21516574145596762,0.17190354104313227,0.0,0.13333333333333336,0.0,0.04233337566673017,0.0,0.0,0.2057377999494559,0.0,0.0,0.0,0.0,0.15936381457791915,0.0,0.03333333333333334,0.1721325931647741,0.0,0.0,0.0,0.0,0.0,0.0,0.10000000000000002,0.0,0.0,0.0,0.0,0.0,0.0,0.11785113019775793,0.0,0.0,0.0,0.0,0.0,0.04233337566673017,0.10000000000000002,0.0,0.0,0.0,0.0,0.049147318718299055,0.0,0.13867504905630731,0.19641855032959654,0.0,0.0,0.05407380704358751,0.2434322477800738,0.0,0.0,0.0,0.0,0.03333333333333334,0.03333333333333334,0.0,0.0,0.08753762190648172,0.0,0.0,0.055555555555555566,0.06666666666666668,0.0,0.0,0.0,0.1437770309379179,0.16666666666666666,0.0,0.0,0.04303314829119352,0.050251890762960605,0.16933350266692068,0.0,0.0,0.0,0.4216370213557839,0.0,0.0,0.10286889997472795,0.05716619504750295,0.051434449987363975,0.0,0.0,0.0,0.0,0.0,0.0,0.051434449987363975,0.23570226039551584,0.0,0.0,0.0,0.0,0.0,0.0,0.0,0.0,0.0,0.3127716210856122,0.0,0.0,0.13900960937138318,0.0,0.0,0.25,0.17507524381296344,0.27777777777777785,0.0,0.0,0.0,0.0,0.0,0.0,0.0,0.16222142113076254,0.09829463743659811,0.0,0.0,0.0,0.0363696483726654,0.0,0.1885618083164127,0.0,0.0,0.0890870806374748,0.0,0.0,0.09829463743659811,0.0,0.0,0.0,0.0,0.04303314829119352,0.2614881801842454,0.14744195615489716,0.19611613513818404,0.0,0.35176323534072423,0.0,0.0,0.0,0.0,0.0,0.0,0.23333333333333334,0.06666666666666668,0.0,0.11043152607484656,0.1924500897298753,0.0,0.0,0.0,0.0,0.0,0.1776672636296754,0.0,0.0,0.0,0.0,0.13333333333333336,0.0,0.06666666666666668,0.0,0.0,0.20573779994945593,0.0,0.0,0.0,0.0,0.0,0.0,0.0,0.05716619504750295,0.0,0.0,0.0,0.13333333333333336,0.0,0.0,0.05892556509887897,0.074535599249993,0.0372677996249965,0.0,0.0,0.18184824186332701,0.0,0.0,0.0,0.0,0.1162476387438193,0.0,0.0,0.0,0.0,0.0,0.13608276348795437,0.0,0.0,0.0,0.03513641844631533,0.0,0.25,0.0,0.0,0.30429030972509225,0.0,0.316227766016838,0.04622501635210244,0.034752402342845795,0.0,0.0,0.047140452079103175,0.0,0.0,0.0,0.0,0.0,0.0,0.0,0.1885618083164127,0.0,0.13333333333333336,0.0,0.0445435403187374,0.0,0.0,0.034752402342845795,0.049147318718299055,0.0,0.0,0.30000000000000004,0.03874921291460643,0.0,0.0,0.1885618083164127,0.0,0.0,0.0,0.0,0.0,0.1721325931647741,0.051434449987363975,0.20100756305184242,0.06666666666666668,0.17507524381296344,0.07106690545187015,0.0,0.0,0.0,0.16412198797244368,0.0,0.0,0.0,0.0,1.0000000000000002,0.0,0.0,0.0,0.0,0.055555555555555566,0.0,0.1454785934906616,0.2614881801842454,0.24573659359149527,0.03333333333333334,0.0,0.15499685165842572,0.06666666666666668,0.04376881095324086,0.0,0.0,0.0,0.13333333333333336,0.0,0.07647191129018727,0.0,0.08606629658238704,0.034752402342845795,0.0,0.0,0.16412198797244368,0.0,0.0,0.0,0.0,0.0,0.0,0.13900960937138318,0.0
herb390,0.09701425001453318,0.04216370213557839,0.0,0.09701425001453318,0.0,0.0,0.0,0.0,0.07071067811865475,0.04264014327112209,0.08485281374238571,0.3162277660168379,0.12344267996967354,0.08728715609439695,0.08,0.0,0.0,0.035355339059327376,0.0,0.13764944032233706,0.07171371656006362,0.0,0.02156655464068768,0.0,0.05163977794943222,0.1,0.09299811099505542,0.0,0.15491933384829665,0.2062842492517587,0.04,0.0,0.22000000000000003,0.1016001016001524,0.0565685424949238,0.0,0.0,0.04264014327112209,0.0,0.2262741699796952,0.02721655269759087,0.09561828874675149,0.0,0.06,0.0,0.22,0.2041241452319315,0.03162277660168379,0.0,0.0,0.0,0.32,0.0,0.02208630521496931,0.1341640786499874,0.04,0.03922322702763681,0.0,0.10606601717798213,0.07745966692414832,0.03779644730092272,0.0,0.0,0.02948839123097943,0.0254000254000381,0.1,0.0,0.08834522085987724,0.1905158688831361,0.0,0.0,0.0,0.08320502943378438,0.1649915822768611,0.0,0.0,0.0,0.0,0.1341640786499874,0.0834057656228299,0.26,0.02,0.18,0.04,0.0,0.07071067811865475,0.18382900600361157,0.0324442842261525,0.0,0.13333333333333336,0.08,0.08,0.10425720702853739,0.0,0.0,0.0,0.1414213562373095,0.18856180831641267,0.10327955589886444,0.0,0.1016001016001524,0.175,0.08320502943378438,0.0,0.08432740427115679,0.16,0.12649110640673517,0.09258200997725516,0.0,0.0,0.03333333333333334,0.12000000000000001,0.061885274775527604,0.09428090415820634,0.02721655269759087,0.0,0.0,0.023570226039551584,0.10954451150103323,0.0,0.04714045207910317,0.0,0.0,0.0,0.0,0.09258200997725516,0.2160246899469287,0.20851441405707477,0.0,0.0324442842261525,0.0,0.0,0.18182745801939793,0.0,0.07878385971583353,0.13333333333333336,0.04264014327112209,0.0,0.0,0.03162277660168379,0.08164965809277261,0.026726124191242435,0.02062842492517587,0.0324442842261525,0.0,0.0,0.09258200997725516,0.0,0.08728715609439695,0.0,0.0,0.10660035817780522,0.0,0.0,0.04,0.07620007620011429,0.11795356492391772,0.0,0.1358732440973515,0.0,0.10540925533894599,0.07745966692414832,0.0,0.0,0.07844645405527362,0.0,0.0,0.0,0.02,0.10690449676496974,0.07071067811865475,0.0,0.0,0.12000000000000001,0.1,0.06469966392206304,0.04417261042993862,0.0,0.0,0.18000000000000002,0.09486832980505137,0.10327955589886444,0.0,0.0,0.0,0.09176629354822471,0.2110579412044345,0.0,0.08,0.2160246899469287,0.0,0.12060453783110543,0.02,0.0,0.0,0.06,0.06,0.16329931618554522,0.14433756729740643,0.1,0.0,0.0,0.05163977794943222,0.04529108136578383,0.0,0.0,0.02182178902359924,0.0,0.0,0.1341640786499874,0.022360679774997897,0.02461829819586655,0.020851441405707476,0.15275252316519466,0.08,0.0,0.11766968108291043,0.0,0.18599622199011084,0.13764944032233706,0.0,0.0,0.0,0.15689290811054724,0.08164965809277261,0.0,0.0,0.0,0.04216370213557839,0.021320071635561044,0.0,0.0,0.0,0.03651483716701107,0.0,0.0,0.02773500981126146,0.0,0.0,0.0254000254000381,0.0,0.02581988897471611,0.0,0.0,0.0,0.0,0.0,0.03162277660168379,0.0,0.02,0.16,0.0,0.026726124191242435,0.02,0.0,0.0,0.05897678246195886,0.0,0.05163977794943222,0.16,0.06974858324629157,0.17056057308448835,0.0,0.0,0.1918806447200494,0.09428090415820634,0.0,0.23533936216582085,0.0,0.0,0.0,0.0,0.08,0.07878385971583353,0.12792042981336627,0.12,0.03333333333333334,0.0,0.0,0.0,0.0,0.0,0.0,0.0,1.0000000000000002,0.0,0.12126781251816647,0.0,0.0,0.0,0.0,0.03922322702763681,0.0,0.0,0.0,0.09299811099505542,0.02,0.15756771943166706,0.0,0.0565685424949238,0.0,0.06,0.0,0.06882472016116853,0.0,0.02581988897471611,0.0,0.08,0.0,0.0984731927834662,0.0,0.0,0.0,0.0,0.11624763874381927,0.0,0.10425720702853739,0.0
herb391,0.0,0.0,0.0,0.0,0.0,0.31304951684997057,0.0,0.0,0.0,0.0,0.0,0.0,0.0,0.0,0.0,0.0,0.3162277660168379,0.0,0.0,0.0,0.0,0.0,0.0,0.35,0.0,0.0,0.0,0.0,0.0,0.0,0.31304951684997057,0.0,0.0,0.0,0.0,0.0,0.0,0.0,0.0,0.0,0.0,0.0,0.0,0.0,0.0,0.0,0.0,0.0,0.0,0.0,0.0,0.0,0.0,0.0,0.0,0.0,0.0,0.0,0.0,0.0,0.0,0.0,0.0,0.0,0.0,0.0,0.0,0.3457053588273564,0.0,0.3689323936863109,0.0,0.0,0.0,0.0,0.3975732839729454,0.0,0.0,0.0,0.0,0.0,0.0,0.0,0.1341640786499874,0.0,0.0,0.0,0.0,0.0,0.0,0.0,0.0,0.0,0.3263766828841098,0.0,0.0,0.0,0.0,0.0,0.0,0.0,0.0,0.0,0.0,0.0,0.0,0.0,0.0,0.0,0.0,0.0,0.0,0.0,0.0,0.0,0.0,0.0,0.0,0.0,0.0,0.5078333750770081,0.0,0.0,0.0,0.0,0.0,0.0,0.0,0.0,0.0,0.0,0.0,0.0,0.0,0.0,0.0,0.0,0.0,0.0,0.0,0.0,0.0,0.0,0.0,0.0,0.0,0.0,0.0,0.0,0.0,0.0,0.0,0.0,0.0,0.0,0.0,0.0,0.0,0.0,0.0,0.0,0.0,0.0,0.0,0.0,0.0,0.31304951684997057,0.0,0.0,0.044721359549995794,0.0,0.0,0.0,0.0,0.0,0.0,0.0,0.0,0.0,0.0,0.0,0.0,0.0,0.0,0.0,0.0,0.0,0.0,0.0,0.0,0.0,0.0,0.0,0.044721359549995794,0.0,0.3544587784792833,0.0,0.0,0.0,0.0,0.0,0.0,0.0,0.0,0.0,0.0,0.0,0.0,0.4110541536602924,0.0,0.0,0.0,0.0,0.0,0.0,0.0,0.0,0.0,0.0,0.0,0.0,0.0,0.0,0.0,0.0,0.0,0.0,0.0,0.0,0.3299831645537222,0.0,0.0,0.0,0.0,0.0,0.0,0.0,0.0,0.0,0.0,0.0,0.0,0.404145188432738,0.0,0.0,0.223606797749979,0.0,0.0,0.0,0.0,0.0,0.0,0.0,0.0,0.0,0.0,0.0,0.0,0.0,0.0,0.0,0.0,0.0,0.0,0.0,0.0,0.0,0.0,0.0,0.0,0.0,0.0,0.0,0.0,0.0,0.0,0.0,0.0,0.0,0.11009637651263607,0.0,0.0,0.0,0.0,0.0,0.0,1.0,0.0,0.0,0.0,0.0,0.0,0.0,0.0,0.0,0.0,0.0,0.0,0.0,0.0,0.0,0.0,0.0,0.3853373177942262,0.0,0.0,0.0,0.0,0.0,0.0,0.3853373177942262,0.0,0.0,0.0,0.0,0.0,0.0,0.0,0.0
herb393,0.0,0.0,0.0,0.0,0.0,0.024253562503633294,0.0,0.0,0.0,0.0,0.0,0.0,0.0,0.0,0.024253562503633294,0.0,0.04899959575500252,0.042874646285627205,0.0,0.30602818624106143,0.0,0.0,0.05230657809659414,0.16269784336399212,0.0,0.09701425001453318,0.0,0.0,0.0,0.0,0.12126781251816647,0.12126781251816647,0.04850712500726659,0.0,0.06859943405700353,0.0,0.0,0.0,0.13076644524148534,0.0,0.0,0.0,0.0,0.024253562503633294,0.0,0.04850712500726659,0.0,0.03834824944236852,0.0,0.0,0.11433239009500587,0.09701425001453318,0.08318903308077029,0.0,0.0,0.07276068751089988,0.0,0.0,0.0,0.0,0.04583492485141056,0.0,0.0,0.03575992699260758,0.0,0.024253562503633294,0.0,0.10713431680111603,0.03300491809922247,0.0,0.0,0.0,0.0,0.057166195047502935,0.0,0.0,0.0,0.0,0.0,0.025286086871208677,0.07276068751089988,0.024253562503633294,0.14552137502179976,0.024253562503633294,0.0,0.17149858514250882,0.06369297552984819,0.0,0.0,0.0,0.04850712500726659,0.09701425001453318,0.050572173742417355,0.0,0.07845986714489121,0.030316953129541614,0.0,0.0,0.0,0.0,0.0,0.0,0.0,0.0,0.02556549962824568,0.04850712500726659,0.0,0.0,0.0,0.07484811885651196,0.0,0.04850712500726659,0.025015639663712994,0.0,0.0,0.0,0.0,0.057166195047502935,0.0,0.03934447376823168,0.22866478019001174,0.03656362120635653,0.0,0.0,0.0,0.03742405942825598,0.0,0.025286086871208677,0.0,0.0,0.025286086871208677,0.0,0.04899959575500252,0.0,0.0,0.0,0.051708768999501914,0.0,0.0,0.0,0.09901475429766743,0.0,0.0,0.0,0.0,0.0,0.0,0.0,0.0,0.07276068751089988,0.0,0.0,0.0,0.0,0.04850712500726659,0.0,0.0,0.0,0.0,0.0,0.0,0.0,0.0,0.0,0.0,0.0,0.0,0.047565149415449405,0.24253562503633297,0.0,0.0,0.0,0.0,0.0,0.04850712500726659,0.0,0.0,0.0,0.0,0.04850712500726659,0.03834824944236852,0.0,0.0,0.0,0.0,0.0,0.03656362120635653,0.0,0.0,0.0,0.14552137502179976,0.0,0.024253562503633294,0.0,0.10984700727621793,0.024253562503633294,0.0,0.0,0.0,0.024253562503633294,0.0,0.0,0.03131121455425747,0.027461751819054483,0.0,0.04850712500726659,0.0,0.031846487764924096,0.0,0.0,0.02711630722733202,0.05970814340265321,0.0,0.0,0.0,0.0,0.0,0.0,0.0,0.0,0.0,0.0,0.0,0.0,0.024753688574416857,0.06369297552984819,0.03241018617760821,0.0,0.05113099925649136,0.025854384499750957,0.0,0.0,0.0,0.044280744277004756,0.0,0.0,0.0,0.0,0.0,0.03080205518168487,0.0,0.0939336436627724,0.10984700727621793,0.0,0.04850712500726659,0.0,0.0,0.0,0.0,0.0,0.024253562503633294,0.0,0.03241018617760821,0.09701425001453318,0.0,0.10114434748483471,0.0,0.24715576637149034,0.0,0.04850712500726659,0.0,0.0,0.14969623771302393,0.0,0.051708768999501914,0.028583097523751468,0.0,0.09513029883089881,0.0,0.06262242910851494,0.0,0.03656362120635653,0.0,0.0,0.0,0.04850712500726659,0.12126781251816648,0.06859943405700353,0.0,0.0,0.08823529411764704,0.0,0.0,0.0,0.12126781251816647,0.0,0.9999999999999999,0.0,0.0,0.0,0.0,0.047565149415449405,0.0,0.04850712500726659,0.0,0.028194193721730043,0.16977493752543305,0.031846487764924096,0.10846522890932808,0.034299717028501764,0.0,0.04850712500726659,0.0,0.11128297681493143,0.07151985398521515,0.03131121455425747,0.025286086871208677,0.024253562503633294,0.0,0.0,0.0,0.0,0.05564148840746572,0.0,0.0,0.0,0.0,0.0
herb394,0.33275613232308116,0.0,0.0,0.20797258270192573,0.0,0.0,0.0,0.0,0.0,0.0,0.0,0.0,0.0,0.11227217828476796,0.10289915108550529,0.0,0.0,0.0,0.36563621206356534,0.0,0.0,0.0,0.1849316803638273,0.19174124721184263,0.0,0.17149858514250882,0.0,0.0,0.0,0.0,0.0,0.0,0.10289915108550529,0.0,0.0,0.0,0.0,0.0,0.0,0.048507125007266595,0.32673201960653564,0.0,0.0,0.17149858514250882,0.08856148855400953,0.17149858514250882,0.0,0.0,0.0,0.0,0.0,0.10289915108550529,0.0,0.0,0.19174124721184263,0.034299717028501764,0.0,0.4583492485141056,0.0,0.0,0.0,0.036986336072765455,0.2291746242570528,0.0,0.0,0.06859943405700353,0.034299717028501764,0.0,0.0,0.0,0.0,0.21110016546037455,0.0,0.32338083338177726,0.0,0.0,0.0,0.0,0.0,0.0,0.0,0.0,0.0,0.0,0.0,0.0,0.0,0.0,0.21780342093451605,0.1143323900950059,0.0,0.034299717028501764,0.0,0.0,0.0,0.0,0.17323973216880925,0.0,0.0,0.0,0.0,0.0,0.0,0.0,0.0,0.0,0.0,0.0,0.0,0.0,0.1143323900950059,0.0,0.0,0.0,0.0,0.0,0.0,0.0,0.0,0.0,0.0,0.20683507599800763,0.12964074471043288,0.0,0.0,0.0,0.15877683720748895,0.03575992699260758,0.0,0.0,0.0,0.0,0.0,0.0,0.0,0.0,0.0,0.25854384499750954,0.05170876899950191,0.0,0.0,0.09166984970282112,0.17688728441930623,0.0,0.0,0.0,0.0,0.0,0.11227217828476796,0.0,0.0,0.0,0.0,0.0,0.2743977362280141,0.0,0.0,0.3241018617760822,0.0,0.20683507599800763,0.0,0.04428074427700476,0.0,0.0,0.0,0.0,0.0,0.0,0.0,0.0,0.12126781251816648,0.0,0.0,0.0,0.0,0.0,0.0,0.0,0.0,0.0,0.0,0.22140372138502382,0.0,0.0,0.17149858514250882,0.39344473768231686,0.0,0.26462806201248157,0.0,0.26462806201248157,0.0,0.0,0.0,0.0,0.0,0.0,0.2743977362280141,0.0,0.0,0.06859943405700353,0.0,0.0,0.0,0.0,0.0,0.0,0.0,0.0,0.0,0.0,0.0,0.0,0.0,0.0,0.034299717028501764,0.0,0.0,0.0,0.11961783342433499,0.0,0.0,0.0,0.1328422328310143,0.0,0.0,0.0,0.0,0.0,0.0,0.0,0.0,0.0,0.0,0.1878672873255448,0.0,0.0,0.0,0.0,0.0,0.21780342093451605,0.0,0.0,0.0,0.0,0.0,0.0,0.4950737714883372,0.05423261445466404,0.0,0.17149858514250882,0.0,0.24009801919951235,0.0,0.0,0.17323973216880925,0.0,0.0,0.0,0.22140372138502382,0.034299717028501764,0.19936305570722498,0.18281810603178267,0.0,0.24253562503633297,0.0,0.0,0.0,0.0,0.38348249442368526,0.0,0.0,0.0,0.0,0.0,0.0,0.0,0.0,0.0,0.0,0.0,0.0,0.0,0.0,0.0,0.0,0.0,0.0,1.0,0.0,0.0,0.0,0.0,0.0,0.06859943405700353,0.0,0.0,0.0,0.22518867455552247,0.0,0.0,0.0,0.0,0.0,0.0,0.0,0.0,0.0,0.10289915108550529,0.0,0.0,0.20683507599800763,0.0,0.0,0.0,0.0,0.4117647058823529,0.17879963496303788,0.3704792868174742
herb398,0.20211302086361083,0.0,0.04233337566673017,0.0,0.0,0.0,0.10425720702853739,0.19658927487319622,0.0,0.0,0.0,0.0,0.0,0.0,0.0,0.0,0.0,0.0,0.0,0.0,0.0,0.0,0.0,0.0,0.04303314829119352,0.03333333333333334,0.07749842582921286,0.0,0.04303314829119352,0.03438070820862645,0.0,0.16666666666666669,0.0,0.0,0.0,0.0,0.0,0.0,0.0,0.0,0.0,0.03984095364447979,0.0,0.0,0.04303314829119352,0.0,0.0,0.0,0.0,0.0,0.0,0.0,0.0,0.0,0.0,0.0,0.0,0.0,0.0,0.0,0.0,0.0,0.0,0.0,0.0,0.0,0.0,0.0,0.0,0.19641855032959654,0.0,0.0,0.0,0.03928371006591931,0.0,0.0,0.05407380704358751,0.30429030972509225,0.0,0.0,0.0,0.0,0.03333333333333334,0.0,0.0,0.0,0.0,0.0,0.0,0.0,0.0,0.0,0.0,0.0,0.03594425773447948,0.20833333333333331,0.0,0.0,0.0,0.0,0.04233337566673017,0.0,0.0,0.0,0.17568209223157663,0.0,0.0,0.0,0.05716619504750295,0.0,0.0,0.0,0.0,0.0,0.0,0.0,0.0,0.19641855032959654,0.0,0.0,0.0,0.0,0.0,0.0,0.0,0.0,0.0,0.0,0.0,0.0,0.034752402342845795,0.0,0.0,0.0,0.0,0.055555555555555566,0.0,0.0,0.0,0.0,0.0,0.0,0.0,0.0,0.0,0.0,0.0,0.0,0.0,0.0,0.23570226039551587,0.0,0.0,0.0,0.0,0.0,0.0,0.0,0.0,0.0,0.0,0.0,0.3268602252303068,0.0,0.0,0.0,0.050251890762960605,0.0,0.0,0.0,0.0,0.0,0.0,0.16666666666666669,0.0,0.0,0.0,0.04811252243246882,0.0,0.0,0.0,0.0,0.0,0.24873416908154555,0.0,0.03823595564509363,0.0,0.0,0.03333333333333334,0.0,0.0,0.0,0.0,0.051434449987363975,0.0,0.0,0.0,0.0,0.0,0.0,0.0,0.0,0.0,0.0,0.0,0.16666666666666669,0.0,0.0,0.0,0.0,0.0,0.0,0.0,0.0363696483726654,0.0,0.0,0.0,0.0,0.0,0.0,0.0,0.0,0.1721325931647741,0.0,0.03402069087198859,0.04376881095324086,0.0,0.0,0.03513641844631533,0.0,0.0,0.0,0.0,0.06085806194501846,0.16412198797244368,0.0,0.0,0.0,0.0,0.0,0.0,0.0,0.0,0.0,0.0,0.0,0.0,0.0,0.047140452079103175,0.0,0.0,0.0,0.0,0.0,0.0,0.0,0.0,0.0,0.0,0.0,0.0,0.0,0.0,0.047140452079103175,0.0,0.0,0.0,0.0,0.0,0.08606629658238704,0.0,0.050251890762960605,0.0,0.0,0.0,0.0,0.0,0.0,0.04103049699311092,0.0,0.0,0.0,0.0,0.055555555555555566,0.0,0.0,0.0,0.0,1.0000000000000002,0.0,0.2545875386086578,0.06537204504606135,0.24573659359149527,0.03333333333333334,0.0,0.03874921291460643,0.0,0.0,0.0,0.0,0.0,0.16666666666666669,0.0,0.0,0.049147318718299055,0.0,0.0,0.0,0.0,0.04103049699311092,0.0,0.0,0.0,0.0,0.0,0.0,0.034752402342845795,0.0
herb399,0.0,0.0769800358919501,0.0,0.0,0.0,0.0,0.0,0.0,0.0,0.0,0.0,0.05773502691896257,0.0,0.03984095364447979,0.0,0.0,0.0,0.0,0.0,0.0,0.0,0.0,0.0,0.0,0.04714045207910316,0.0,0.0,0.0,0.04714045207910316,0.0,0.0,0.0,0.0,0.0,0.0,0.0,0.0,0.0,0.0,0.0,0.0,0.0,0.0,0.0,0.0,0.03651483716701107,0.0,0.0,0.06454972243679027,0.0,0.0,0.0,0.0,0.0,0.0408248290463863,0.0,0.0,0.0,0.0,0.04714045207910316,0.0,0.0,0.0,0.0,0.0,0.0,0.0,0.0,0.0,0.0,0.0,0.0,0.0,0.0,0.0,0.0,0.0,0.0,0.0408248290463863,0.0,0.0,0.0,0.0,0.0,0.12909944487358055,0.0,0.0,0.0,0.0,0.0,0.0,0.0,0.0,0.0,0.0,0.0,0.0,0.043033148291193514,0.0,0.0,0.0,0.0,0.0,0.0,0.0,0.03651483716701107,0.0,0.0,0.0,0.0,0.0,0.0,0.0,0.0,0.0,0.0,0.0,0.0,0.0,0.0,0.0,0.0,0.0,0.0,0.0,0.0,0.0563436169819011,0.0,0.0,0.059234887775909226,0.0,0.0,0.0,0.0,0.0,0.0,0.0,0.0,0.0,0.0,0.0,0.0,0.0,0.0,0.0,0.0,0.0,0.05504818825631802,0.0,0.0,0.0,0.0,0.0,0.0975900072948533,0.0,0.0,0.0,0.0,0.0,0.0,0.0769800358919501,0.0,0.0,0.0,0.0,0.0,0.0,0.0,0.0,0.0,0.0,0.0,0.0,0.0,0.0,0.0,0.0,0.0,0.0,0.0,0.0,0.0,0.0,0.0,0.0,0.0,0.0,0.0,0.0,0.0,0.0,0.0,0.0,0.0,0.0,0.0,0.0,0.0,0.0,0.0,0.0,0.0,0.0,0.0,0.0,0.0,0.0,0.0,0.06454972243679027,0.0,0.0,0.0,0.0,0.0,0.0,0.0,0.0,0.0,0.0,0.04188539082916955,0.0,0.0,0.04714045207910316,0.0,0.0,0.0,0.0,0.0,0.0,0.0,0.09128709291752767,0.10540925533894598,0.0,0.0,0.0,0.0,0.0,0.03806934938134405,0.0,0.0,0.0,0.0,0.0,0.0,0.0,0.0,0.0,0.0,0.0,0.0,0.0,0.0,0.0,0.0,0.0,0.0,0.0,0.0,0.0,0.0,0.0,0.0,0.0,0.0,0.0,0.0,0.0,0.0,0.0,0.0,0.0,0.0,0.0,0.0,0.0,0.0,0.0,0.0,0.0,0.0,0.0,0.0,0.0,0.0,0.0,0.0,0.0,0.0,0.0,0.9999999999999998,0.0,0.0,0.0,0.0,0.0,0.0,0.0,0.0,0.0,0.0,0.0,0.0,0.0,0.0,0.0,0.04714045207910316,0.0,0.0,0.0,0.0,0.0,0.0,0.0,0.0,0.04244763599780088,0.0,0.0,0.0
herb402,0.3704792868174741,0.0,0.0,0.07938841860374446,0.0,0.0,0.0,0.1930468356263361,0.03857583749052298,0.0,0.0,0.0,0.0,0.0,0.0,0.0,0.0,0.0,0.0,0.0,0.0,0.0,0.0,0.0,0.14085904245475275,0.02182178902359924,0.0,0.09304842103984709,0.3380617018914066,0.2700894819638062,0.02182178902359924,0.26186146828319085,0.0,0.0,0.0,0.0,0.0,0.0,0.0,0.0,0.0,0.1564921592871903,0.0,0.0,0.14085904245475275,0.0,0.0,0.0,0.0,0.0,0.0,0.0,0.03742405942825599,0.0,0.0,0.0,0.0,0.0,0.0,0.0,0.0,0.0,0.0,0.0,0.0,0.0,0.0,0.0,0.0,0.12858612496840993,0.0,0.0,0.09078412990032037,0.10286889997472794,0.0,0.0,0.14159846508095772,0.47809144373375745,0.0,0.0,0.0,0.0,0.02182178902359924,0.0,0.07715167498104596,0.0,0.0,0.0,0.0,0.0,0.0,0.0,0.0,0.0,0.09412416106700235,0.38188130791298663,0.0,0.0,0.0,0.0,0.33256439728421594,0.0,0.0,0.0,0.2760262237369417,0.0,0.0,0.0,0.03742405942825599,0.0,0.0,0.0,0.0,0.0,0.0,0.0,0.0,0.3600411499115478,0.0,0.0,0.0,0.0,0.0,0.0,0.0,0.0,0.0,0.0,0.0,0.0,0.136504726557987,0.0,0.0,0.16366341767699427,0.0,0.1454785934906616,0.0,0.0,0.0,0.0,0.0,0.0,0.022507456830317185,0.1061988488107183,0.0,0.0,0.0,0.0,0.0,0.0,0.46291004988627577,0.0,0.0,0.0,0.0,0.0,0.0,0.0,0.0,0.0,0.0,0.0,0.5563486402641868,0.1286978904175574,0.0,0.0,0.1315903389919538,0.0,0.0,0.0,0.0,0.0,0.0,0.26186146828319085,0.0,0.0,0.0,0.157485197087178,0.20701966780270625,0.02182178902359924,0.03450327796711771,0.0,0.0,0.9537463156584325,0.0,0.0,0.0,0.0,0.08728715609439695,0.0,0.0,0.0,0.0,0.13468700594029479,0.0,0.1091089451179962,0.0,0.0,0.0,0.02182178902359924,0.0,0.0,0.0,0.0,0.0,0.30550504633038933,0.0,0.0,0.0,0.0,0.0,0.0,0.0,0.14285714285714288,0.0,0.0,0.0,0.0,0.07610194341477615,0.0,0.0,0.0,0.1126872339638022,0.0,0.08908708063747482,0.0,0.0,0.0,0.023002185311411807,0.0,0.0,0.0,0.0,0.15936381457791915,0.16116459280507608,0.0,0.0,0.0,0.0,0.0,0.0,0.0,0.02470831055537004,0.0,0.0,0.0,0.0,0.0,0.15430334996209194,0.0,0.0,0.0,0.029160592175990215,0.0,0.0,0.0,0.0,0.0,0.0,0.0,0.0,0.0,0.0,0.12344267996967355,0.0,0.0,0.0,0.0,0.0,0.14085904245475275,0.0,0.1315903389919538,0.04364357804719848,0.0,0.0,0.0,0.0,0.0,0.1343038273375634,0.0,0.0,0.0,0.0,0.1454785934906616,0.0,0.0,0.0,0.0,0.2545875386086578,0.0,1.0000000000000002,0.21398024625545647,0.3217447260438935,0.06546536707079771,0.0,0.1014692578863682,0.0,0.0,0.0,0.0,0.0,0.2836832573067901,0.0,0.0,0.03217447260438935,0.0,0.11375393879832252,0.0,0.0,0.10744306187005072,0.0,0.0,0.0,0.0,0.0,0.0,0.09100315103865801,0.0
herb404,0.19026059766179762,0.0,0.0,0.14269544824634822,0.0,0.0,0.0,0.0,0.0,0.0,0.0,0.0,0.0,0.0,0.0,0.0,0.0,0.0,0.0,0.04499212706658476,0.0,0.0,0.042295493443781355,0.0,0.20254787341673333,0.03922322702763681,0.0,0.0,0.20254787341673333,0.16182267881254697,0.15689290811054724,0.15689290811054724,0.0,0.0,0.0,0.0,0.0,0.0,0.0,0.0,0.0,0.46880723093849547,0.0,0.0,0.5063696835418334,0.0,0.0,0.0,0.0,0.0,0.0,0.03922322702763681,0.06726727939963124,0.0,0.0,0.0,0.0,0.0,0.0,0.0,0.07412493166611013,0.0,0.0,0.05783149319662403,0.0,0.0,0.0,0.043314808182421,0.0,0.0,0.0,0.0,0.16317848796612638,0.18490006540840973,0.0,0.0,0.19088542889273333,0.28644594961577313,0.0,0.040893041005476534,0.0,0.0,0.07844645405527362,0.0,0.0,0.1386750490563073,0.0,0.0,0.0,0.0,0.0,0.0,0.0,0.0,0.21147746721890678,0.49029033784545994,0.0,0.0,0.0,0.0,0.19925419255468715,0.0,0.0,0.0,0.16537964611894462,0.0,0.0,0.0,0.06726727939963124,0.0,0.0,0.03922322702763681,0.0,0.0,0.0,0.0,0.0,0.554700196225229,0.0,0.0,0.09245003270420485,0.0,0.0,0.0,0.0,0.0,0.0,0.0,0.0,0.0,0.4089304100547653,0.0,0.0,0.294174202707276,0.0,0.2614881801842454,0.08362420100070908,0.0,0.0,0.0,0.16012815380508716,0.0,0.0,0.19088542889273333,0.05783149319662403,0.0,0.0,0.0,0.0,0.0,0.5547001962252291,0.0,0.0,0.0,0.0,0.0,0.0,0.0,0.0,0.0,0.0,0.0,0.3076923076923077,0.46265194557299216,0.0,0.0,0.23652495839563303,0.0,0.0,0.0,0.0,0.0,0.0,0.15689290811054724,0.0,0.0,0.0,0.283069258536149,0.0,0.0,0.0,0.0,0.0,0.20906050250177272,0.0,0.0,0.0,0.0,0.15689290811054724,0.0,0.0,0.0,0.0,0.24209101306752098,0.0,0.03922322702763681,0.0,0.0,0.0,0.0,0.0,0.0,0.05063696835418333,0.0,0.0,0.15689290811054724,0.0,0.0,0.0,0.0,0.0,0.0,0.0,0.42796049251091306,0.0,0.0,0.0,0.0,0.13678822577626598,0.0,0.0,0.0,0.0,0.0,0.16012815380508716,0.0,0.0,0.0,0.041344911529736156,0.04181210050035454,0.0,0.0,0.0,0.35805743701971643,0.048280454958526765,0.0,0.0,0.0,0.0,0.0,0.0,0.0,0.04441155916843275,0.0,0.0,0.0,0.0,0.0,0.5547001962252291,0.0,0.0,0.0,0.0,0.0,0.0,0.0,0.0,0.0,0.0,0.03922322702763681,0.0,0.0,0.0,0.2218800784900917,0.0,0.0,0.0,0.0,0.0,0.5063696835418334,0.0,0.23652495839563303,0.0,0.0,0.0,0.0,0.06537204504606135,0.0,0.48280454958526775,0.0,0.0,0.0,0.0,0.2614881801842454,0.03922322702763681,0.0,0.047565149415449405,0.0,0.06537204504606135,0.0,0.21398024625545647,1.0000000000000002,0.2313259727864961,0.03922322702763681,0.0,0.22798037629377665,0.0,0.0,0.0,0.05547001962252292,0.0,0.3922322702763681,0.0,0.0,0.2313259727864961,0.05063696835418333,0.0,0.0,0.0,0.19312181983410706,0.0,0.0,0.0,0.0,0.0,0.0,0.16357216402190614,0.0
herb405,0.5721588318817212,0.0,0.0,0.10727978097782273,0.0,0.0,0.0,0.39130434782608703,0.05212860351426869,0.0,0.0,0.0,0.0,0.0,0.0,0.09567297464698797,0.0,0.0,0.0,0.0,0.0,0.0,0.0,0.0,0.19034674690672024,0.02948839123097943,0.0,0.0,0.1522773975253762,0.1216598129344947,0.0,0.26539552107881487,0.0,0.0,0.0,0.0,0.09100315103865803,0.0,0.0,0.0,0.0,0.14098147537004826,0.0,0.0,0.1522773975253762,0.02948839123097943,0.0,0.0,0.0,0.0,0.0,0.0,0.0,0.0,0.0,0.0,0.0,0.0,0.0,0.0,0.0,0.0,0.0,0.0,0.0,0.0,0.0,0.09769344135387542,0.0,0.17376201171422898,0.0,0.0,0.12267912301642962,0.13900960937138318,0.0,0.0,0.23918243661746993,0.4845437118523489,0.0,0.0,0.0,0.08846517369293828,0.02948839123097943,0.0,0.1563858105428061,0.0,0.0,0.0,0.0,0.0,0.0,0.0,0.0,0.0,0.12719260014977868,0.44232586846469135,0.0,0.0,0.11420804814403215,0.0,0.14980117725462766,0.0,0.0,0.0,0.27975144247209416,0.0,0.0,0.0,0.1517165212272521,0.0,0.0,0.0,0.0,0.0,0.0,0.0,0.0,0.3822764257713037,0.0,0.0,0.10425720702853739,0.0,0.0,0.0,0.0,0.0,0.0,0.0,0.0,0.0,0.215206411665471,0.0,0.0,0.2211629342323457,0.0,0.19658927487319622,0.0,0.1333662673423161,0.0,0.0,0.0,0.0,0.0,0.14350946197048195,0.1739130434782609,0.0,0.0,0.0,0.0,0.0,0.4170288281141496,0.0,0.20851441405707477,0.0,0.0,0.0,0.0,0.0,0.0,0.0,0.0,0.0,0.5783149319662403,0.2173913043478261,0.0,0.0,0.1778216897897548,0.0,0.0,0.0,0.0,0.0,0.0,0.26539552107881487,0.0,0.0,0.0,0.21281413268968719,0.09325048082403138,0.02948839123097943,0.04662524041201569,0.0,0.13650472655798704,0.3143473067309657,0.0,0.0,0.0,0.0,0.11795356492391772,0.0,0.0,0.0,0.05897678246195886,0.18200630207731605,0.0,0.02948839123097943,0.0,0.0,0.0,0.02948839123097943,0.0,0.1517165212272521,0.0,0.0,0.0,0.32437230354077373,0.0,0.0,0.0,0.0,0.09890707100936805,0.0,0.0,0.1286978904175574,0.0,0.0,0.0,0.0,0.10283867552865915,0.10147651372376076,0.0,0.0,0.22841609628806428,0.0,0.12038585308576923,0.0,0.0,0.0,0.03108349360801046,0.0,0.0,0.0,0.17349447958987207,0.21535276082326618,0.32667930388828254,0.0,0.0,0.0,0.0,0.0,0.0,0.0761386987626881,0.033389028164708894,0.0,0.0,0.0,0.0,0.0,0.2919201796799047,0.08846517369293828,0.0,0.0,0.03940552031195503,0.0,0.0,0.0,0.0,0.0,0.0,0.05897678246195886,0.0,0.0,0.0,0.16681153124565984,0.0,0.0,0.0,0.0,0.0,0.22841609628806428,0.13650472655798704,0.1778216897897548,0.08846517369293828,0.0,0.0,0.0,0.0,0.0,0.21778620259218837,0.0,0.0,0.0,0.13900960937138318,0.24573659359149527,0.0,0.0,0.0,0.0,0.24573659359149527,0.0,0.3217447260438935,0.2313259727864961,1.0000000000000002,0.02948839123097943,0.0,0.1371182340382122,0.0,0.0,0.0,0.0,0.0,0.32437230354077373,0.0,0.0,0.0,0.0,0.030743773095067286,0.0,0.05957554687344993,0.14519080172812557,0.0,0.0,0.0,0.0,0.0,0.0,0.12297509238026914,0.0
herb406,0.024253562503633294,0.0,0.0254000254000381,0.0,0.0,0.02,0.0834057656228299,0.0,0.0,0.0,0.0,0.03162277660168379,0.0,0.0,0.0,0.19466570535691502,0.08081220356417686,0.0,0.12792042981336627,0.04588314677411236,0.07171371656006362,0.1,0.06469966392206304,0.08944271909999159,0.02581988897471611,0.18,0.06974858324629157,0.0,0.05163977794943222,0.04125684985035174,0.04,0.04,0.12,0.0254000254000381,0.0,0.0,0.030860669992418384,0.0,0.02156655464068768,0.0,0.0,0.023904572186687872,0.0,0.26,0.02581988897471611,0.12000000000000001,0.0,0.0,0.0,0.0,0.0,0.1,0.0,0.0,0.022360679774997897,0.1,0.0,0.0,0.0,0.05163977794943222,0.0,0.02156655464068768,0.0,0.0,0.07620007620011429,0.08,0.06,0.06625891564490793,0.0,0.07071067811865475,0.02948839123097943,0.0,0.0,0.04714045207910317,0.07620007620011429,0.0,0.0324442842261525,0.07302967433402215,0.0670820393249937,0.06255432421712243,0.0,0.04,0.26,0.14,0.0,0.0,0.0,0.0,0.0508000508000762,0.03333333333333334,0.08,0.06,0.020851441405707476,0.0,0.02156655464068768,0.024999999999999998,0.04040610178208843,0.0,0.0,0.0,0.0254000254000381,0.09999999999999999,0.11094003924504584,0.0,0.06324555320336758,0.12,0.0,0.0,0.20579830217101058,0.0,0.0,0.08,0.08251369970070348,0.023570226039551584,0.10886621079036347,0.034299717028501764,0.0,0.04714045207910317,0.0,0.0324442842261525,0.0,0.060302268915552716,0.0,0.0,0.03651483716701107,0.030860669992418384,0.0,0.06255432421712243,0.0,0.0,0.020851441405707476,0.0,0.0,0.049999999999999996,0.0,0.06666666666666668,0.0,0.030151134457776358,0.0,0.0,0.0,0.0,0.12377054955105521,0.0,0.02948839123097943,0.0,0.0,0.0,0.0,0.0,0.0282842712474619,0.08528028654224418,0.0,0.0,0.04,0.0254000254000381,0.0,0.0,0.0,0.0,0.0,0.02581988897471611,0.03922322702763681,0.02948839123097943,0.0,0.02,0.030151134457776358,0.07844645405527362,0.14,0.0,0.035355339059327376,0.0,0.03651483716701107,0.06,0.14,0.0,0.06625891564490793,0.20207259421636906,0.0,0.02,0.03162277660168379,0.0,0.030860669992418384,0.08528028654224418,0.33999999999999997,0.0917662935482247,0.0,0.0,0.14,0.09258200997725514,0.02,0.0,0.2,0.21602468994692867,0.0,0.06,0.02,0.0,0.0,0.06,0.19611613513818404,0.0,0.15491933384829665,0.1585187847802434,0.0,0.04,0.02182178902359924,0.05252257314388902,0.0,0.0,0.022360679774997897,0.0,0.04170288281141495,0.02182178902359924,0.08,0.0,0.0,0.0282842712474619,0.0,0.0,0.03779644730092272,0.0,0.02581988897471611,0.0,0.040824829046386304,0.02626128657194451,0.0,0.16641005886756874,0.021081851067789197,0.17056057308448835,0.0,0.05773502691896258,0.0,0.03651483716701107,0.0,0.0,0.0,0.020851441405707476,0.0,0.1016001016001524,0.0282842712474619,0.05163977794943222,0.022645540682891915,0.0,0.12,0.03333333333333334,0.05773502691896258,0.0,0.0282842712474619,0.14,0.06,0.1,0.026726124191242435,0.04,0.18182745801939793,0.020851441405707476,0.0,0.0,0.0,0.08,0.0,0.10660035817780522,0.1543033499620919,0.0565685424949238,0.06396021490668313,0.0,0.02721655269759087,0.0,0.1341640786499874,0.07745966692414832,0.030860669992418384,0.030151134457776358,0.04,0.0,0.04264014327112209,0.06,0.0,0.0,0.02461829819586655,0.0,0.0,0.0,0.0,0.03333333333333334,0.0,0.0,0.04850712500726659,0.06859943405700353,0.03333333333333334,0.0,0.06546536707079771,0.03922322702763681,0.02948839123097943,1.0000000000000002,0.0324442842261525,0.162746694241347,0.08,0.15756771943166706,0.022360679774997897,0.0,0.0,0.1,0.0,0.0,0.08846517369293828,0.02581988897471611,0.04170288281141495,0.04,0.0,0.02461829819586655,0.0,0.0,0.0,0.0,0.0,0.0,0.1668115312456598,0.0
herb411,0.07868894753646336,0.2393949488198693,0.2884299752006152,0.0,0.0,0.0324442842261525,0.0,0.0,0.0,0.0,0.0,0.0,0.0,0.24779731389167603,0.51910854761844,0.0,0.22941573387056174,0.0,0.0,0.29772917102591473,0.0,0.0,0.03498557142706597,0.25391668753850405,0.0,0.0324442842261525,0.0,0.0,0.0,0.0,0.22710998958306752,0.0324442842261525,0.22710998958306752,0.32963425737213164,0.0917662935482247,0.0,0.0,0.0,0.2798845714165278,0.0917662935482247,0.2649064714130087,0.0,0.3149448894660933,0.19466570535691502,0.0,0.0,0.0,0.0,0.4014775342734831,0.0,0.03823595564509362,0.19466570535691502,0.11128297681493143,0.4299446183400112,0.0,0.32444284226152503,0.0,0.0,0.0,0.0,0.0,0.0,0.3901994862858539,0.0,0.0,0.3244428422615251,0.0,0.03582871819500093,0.0,0.30588764516074896,0.3826918985879519,0.0,0.0,0.22941573387056172,0.32963425737213164,0.0,0.0,0.0,0.0,0.0,0.0,0.0,0.0,0.0,0.0,0.0,0.042601432284230495,0.0,0.08240856434303291,0.0,0.0324442842261525,0.09733285267845751,0.2706040365966953,0.0,0.06997114285413195,0.0,0.0,0.07647191129018724,0.0,0.0,0.0,0.0,0.0,0.0,0.0,0.0,0.0512989176042577,0.0,0.0,0.10012523486435176,0.3244428422615251,0.0,0.03346372407051273,0.0,0.0,0.4451319072597258,0.3504383220252312,0.0,0.0,0.4210526315789473,0.2676516895156553,0.0,0.06131393394849658,0.0,0.4738791022072738,0.40050093945740706,0.0,0.0,0.0,0.0,0.0,0.0,0.06554735253444621,0.0,0.0,0.0,0.0,0.0,0.09782319760890368,0.0,0.0,0.0,0.0,0.0,0.0,0.0,0.40050093945740706,0.0,0.0,0.22710998958306752,0.0,0.0,0.0,0.0,0.3244428422615251,0.041204282171516456,0.047836487323493986,0.0,0.0,0.0,0.0,0.0837707816583391,0.0,0.047836487323493986,0.0,0.0,0.04891159880445184,0.0,0.19466570535691502,0.0,0.0,0.0,0.4738791022072738,0.0,0.064888568452305,0.0,0.0,0.0,0.0,0.29199855803537256,0.0,0.0,0.45056355688958294,0.0,0.0,0.0,0.0,0.0,0.0,0.0,0.22710998958306752,0.09782319760890368,0.0324442842261525,0.0,0.25715142542972574,0.29199855803537256,0.3244428422615251,0.0,0.0,0.19466570535691502,0.0,0.0,0.0,0.0,0.0,0.38933141071383004,0.0,0.0,0.22941573387056174,0.0,0.0,0.07987230638308718,0.0,0.0,0.0,0.0,0.06362847629757777,0.3670651741928988,0.0,0.0,0.49051147158797265,0.0,0.0,0.12725695259515554,0.06622661785325219,0.29821002598961344,0.13006649542861798,0.0,0.2393949488198693,0.0,0.0,0.0,0.06362847629757777,0.0,0.0,0.0,0.0,0.0,0.0,0.0,0.3670651741928988,0.3350831266333564,0.293887343348258,0.0,0.19466570535691502,0.37851664930511253,0.0,0.3077935056255462,0.0,0.0,0.0,0.0324442842261525,0.04335549847620599,0.09733285267845751,0.26218941013778485,0.2706040365966953,0.0,0.25715142542972574,0.04188539082916955,0.0,0.26401000024165,0.0,0.0,0.32118202741878643,0.0,0.07647191129018724,0.30905754998184354,0.0,0.0,0.04188539082916955,0.3504383220252312,0.14673479641335552,0.0,0.0,0.0,0.09733285267845751,0.05407380704358751,0.1835325870964494,0.03993615319154359,0.0,0.1967223688411584,0.0,0.0,0.0,0.0,0.0,0.0,0.0,0.0,0.0,0.0,0.0,0.0,0.0324442842261525,0.9999999999999998,0.0,0.29199855803537256,0.0,0.25391668753850405,0.0,0.0,0.0,0.2795530723408051,0.03721614637823934,0.09567297464698797,0.0,0.0,0.22710998958306752,0.0,0.0,0.0,0.3149448894660933,0.2605130246476754,0.0,0.0,0.0,0.0,0.3504383220252312
herb414,0.11277677488692017,0.0,0.0,0.16916516233038026,0.0,0.0,0.0,0.0,0.0,0.0,0.0,0.0,0.0,0.07610194341477616,0.0,0.26401000024165,0.0,0.12329924047901797,0.0,0.02666903735313325,0.027788500718836418,0.0,0.0,0.0,0.12006004503753283,0.04649905549752771,0.05405405405405406,0.0,0.12006004503753283,0.09592022754223367,0.04649905549752771,0.09299811099505544,0.023249527748763855,0.0,0.0,0.0,0.03587480016670876,0.0,0.0,0.06575959492214292,0.0,0.19451950503185492,0.0,0.0,0.12006004503753283,0.023249527748763855,0.0,0.0,0.0,0.0,0.0,0.06974858324629157,0.0,0.0,0.07798128673650545,0.0,0.0,0.0,0.0,0.0,0.04393747751637468,0.0,0.0,0.03427955850955305,0.059053859535749265,0.0,0.023249527748763855,0.02567480829815484,0.0,0.0,0.0,0.0,0.09672388203287416,0.1095993248702382,0.0,0.0,0.33944142888212137,0.16979054399120352,0.0,0.024239308278185982,0.023249527748763855,0.04649905549752771,0.09299811099505542,0.06974858324629157,0.08219949365267865,0.08219949365267865,0.0,0.0,0.0,0.0,0.0,0.0,0.024239308278185982,0.0,0.10028244211278005,0.11624763874381927,0.07045670884515312,0.0,0.09004503377814962,0.0,0.14763464883937316,0.0,0.0,0.0,0.12253577034896797,0.0,0.0,0.0,0.27910827799011495,0.0,0.0,0.023249527748763855,0.0,0.08219949365267865,0.0,0.0,0.0,0.13699915608779775,0.0,0.0,0.027399831217559546,0.0,0.0,0.0,0.0,0.0,0.0,0.0,0.0,0.3017257145618857,0.29087169933823176,0.0,0.0,0.1743714581157289,0.0,0.15499685165842572,0.04956815970966097,0.0,0.0,0.2940858488375231,0.18983159915049982,0.09320546490018,0.0,0.11314714296070713,0.0,0.0,0.10762440050012628,0.0,0.07610194341477616,0.0,0.13151918984428584,0.0,0.0,0.0,0.0,0.029526929767874632,0.0685591170191061,0.0,0.0,0.0,0.024507154069793594,0.0,0.18238430103502132,0.10283867552865915,0.0,0.0,0.24534987303147354,0.0,0.0,0.0,0.0,0.0,0.0,0.16274669424134702,0.0,0.050141221056390024,0.10269923319261937,0.36913583036771336,0.036760731104690386,0.0,0.0,0.09004503377814962,0.0,0.09913631941932194,0.0,0.0,0.0,0.0,0.37199244398022174,0.0,0.0,0.0,0.2557448052364024,0.39462280183379633,0.0,0.0,0.023249527748763855,0.0,0.0,0.0,0.27357645155253196,0.0,0.5102551914095146,0.0,0.0,0.09299811099505544,0.0,0.0,0.0,0.12996881122750908,0.12996881122750908,0.0,0.024239308278185982,0.17757120130114434,0.06974858324629157,0.213352298825066,0.0,0.0,0.16216216216216217,0.0,0.0,0.0,0.0,0.0,0.16610264925668736,0.0,0.0,0.2579303520876644,0.04901430813958719,0.24784079854830485,0.0,0.0,0.0,0.2122381799890044,0.0,0.0,0.0,0.0,0.0,0.0,0.0,0.03001501125938321,0.0,0.09491579957524991,0.0,0.0,0.0,0.0,0.1643989873053573,0.0,0.0,0.0,0.0,0.023249527748763855,0.0,0.0,0.0,0.0,0.0,0.13949716649258315,0.0,0.07435223956449145,0.0,0.13151918984428584,0.0,0.027399831217559546,0.0,0.0,0.0,0.12006004503753283,0.0,0.14019992744655632,0.11624763874381928,0.0,0.0,0.0,0.03874921291460643,0.0,0.1144727614064285,0.0,0.0,0.0,0.0,0.15499685165842572,0.09299811099505542,0.0,0.028194193721730043,0.0,0.03874921291460643,0.0,0.1014692578863682,0.22798037629377665,0.1371182340382122,0.162746694241347,0.0,1.0,0.023249527748763855,0.0,0.0,0.1643989873053573,0.2869984013336701,0.09299811099505544,0.0,0.0,0.0,0.03001501125938321,0.0,0.11624763874381928,0.1878845569204083,0.1144727614064285,0.0,0.0,0.0,0.0,0.08108108108108109,0.0,0.09695723311274392,0.0
herb416,0.04850712500726659,0.1264911064067352,0.3048003048004572,0.0,0.0,0.04,0.04170288281141495,0.0,0.0,0.0,0.0,0.0,0.0,0.13093073414159542,0.18,0.0,0.26263966158357477,0.0,0.0,0.22941573387056174,0.1673320053068151,0.0,0.06469966392206304,0.15652475842498528,0.0,0.1,0.023249527748763855,0.0,0.0,0.0,0.2,0.12,0.19999999999999998,0.17780017780026672,0.0565685424949238,0.0,0.0,0.0,0.19409899176618914,0.0565685424949238,0.08164965809277261,0.0,0.2773500981126146,0.16,0.0,0.02,0.0,0.03162277660168379,0.21213203435596423,0.0,0.09428090415820634,0.18,0.06859943405700353,0.24294935736466242,0.0,0.28,0.0,0.0,0.0,0.0,0.0,0.0,0.1603567451474546,0.0,0.07620007620011429,0.24,0.0,0.06625891564490793,0.02721655269759087,0.18856180831641267,0.206418738616856,0.0,0.0,0.04714045207910317,0.20320020320030482,0.0,0.0,0.0,0.022360679774997897,0.0,0.1,0.08,0.02,0.04,0.0,0.07071067811865475,0.07878385971583353,0.0,0.07620007620011429,0.0,0.02,0.22000000000000003,0.22936585546278224,0.030151134457776358,0.02156655464068768,0.0,0.0,0.023570226039551584,0.0,0.0,0.0,0.0,0.0,0.0,0.04216370213557839,0.02,0.0,0.030860669992418384,0.0,0.09258200997725514,0.06666666666666668,0.08,0.02062842492517587,0.0,0.0,0.24009801919951235,0.1851640199545103,0.023570226039551584,0.0,0.25955427380922,0.21213203435596426,0.0,0.03779644730092272,0.0,0.2556038601690775,0.24688535993934704,0.0,0.06255432421712243,0.0,0.0,0.0,0.0,0.020203050891044214,0.0,0.02626128657194451,0.0,0.0,0.030151134457776358,0.060302268915552716,0.0,0.0,0.0,0.0,0.0,0.0,0.0,0.06172133998483677,0.0,0.02182178902359924,0.14,0.0,0.021320071635561044,0.0,0.0,0.38,0.0254000254000381,0.0,0.0,0.0,0.0,0.04216370213557839,0.05163977794943222,0.0,0.0,0.0,0.0,0.0,0.0,0.2,0.0,0.0,0.0,0.2556038601690775,0.04,0.14,0.04313310928137536,0.0,0.0,0.0,0.2,0.0,0.0,0.21602468994692867,0.0,0.02,0.0,0.030151134457776358,0.0,0.0,0.0,0.18,0.060302268915552716,0.06,0.0,0.1585187847802434,0.36,0.30000000000000004,0.0,0.0,0.24,0.0,0.0,0.02581988897471611,0.022645540682891915,0.0,0.32,0.0,0.07878385971583353,0.0,0.044721359549995794,0.0670820393249937,0.2461829819586655,0.0,0.0,0.0,0.0,0.03922322702763681,0.19798989873223333,0.0,0.0,0.264575131106459,0.0,0.0,0.03922322702763681,0.020412414523193152,0.34139672543527866,0.10690449676496974,0.0,0.29514591494904874,0.021320071635561044,0.0,0.0,0.0,0.0,0.0,0.0,0.02773500981126146,0.0,0.0,0.07620007620011429,0.19798989873223333,0.20655911179772884,0.20380986614602725,0.040824829046386304,0.14,0.23333333333333334,0.0,0.06324555320336758,0.0,0.02,0.02,0.0,0.026726124191242435,0.12,0.1414213562373095,0.18766297265136728,0.0,0.3396831102433787,0.02581988897471611,0.1,0.13949716649258312,0.0,0.1851640199545103,0.19798989873223333,0.0,0.11785113019775792,0.16329931618554522,0.0,0.0,0.23237900077244494,0.1851640199545103,0.060302268915552716,0.02,0.0,0.0,0.18000000000000002,0.10000000000000002,0.08485281374238571,0.0,0.0,0.04850712500726659,0.0,0.0,0.06666666666666668,0.02,0.0,0.16977493752543305,0.0,0.0,0.0,0.0,0.0,0.0,0.08,0.29199855803537256,0.023249527748763855,1.0,0.0,0.15652475842498528,0.08485281374238571,0.0,0.1,0.24618298195866548,0.02294157338705618,0.23590712984783543,0.02581988897471611,0.020851441405707476,0.12000000000000001,0.06060915267313264,0.0,0.030151134457776358,0.2773500981126146,0.16059101370939324,0.0,0.0,0.0,0.0,0.3703280399090206
herb417,0.0,0.0,0.0,0.15923243882462046,0.0,0.07878385971583353,0.0,0.0,0.0,0.0,0.037139067635410375,0.0,0.08104408984731078,0.1432670637653132,0.0,0.0,0.07958371636159366,0.0,0.39192475766909807,0.0,0.0,0.0,0.14159136794714974,0.17616606585441105,0.0,0.2100902925755561,0.1221125021745327,0.0,0.16951587590520256,0.37921028494152054,0.0,0.0,0.13130643285972254,0.06670373459650701,0.07427813527082075,0.0,0.0,0.0,0.0,0.0,0.0,0.15694120514358612,0.0,0.07878385971583353,0.0,0.4201805851511121,0.05360562674188975,0.0,0.046423834544262965,0.0,0.0,0.07878385971583353,0.0,0.02900073952828708,0.2055270768301462,0.05252257314388902,0.0,0.07018624063435963,0.23211917272131483,0.10170952554312154,0.0,0.0,0.0,0.0,0.0,0.07878385971583353,0.0,0.02900073952828708,0.17868542247296582,0.09284766908852593,0.0,0.0,0.18208926018230742,0.06189844605901729,0.13340746919301402,0.0,0.0,0.0,0.058722021951470346,0.054758567819339354,0.02626128657194451,0.0,0.15756771943166706,0.0,0.0,0.0,0.20689655172413793,0.0,0.0,0.13130643285972257,0.05252257314388902,0.07878385971583353,0.0,0.0,0.0,0.0,0.3979185818079683,0.030949223029508643,0.16951587590520256,0.0,0.033351867298253506,0.06565321642986127,0.07283570407292297,0.0,0.0,0.2100902925755561,0.0,0.20261022461827694,0.0,0.0,0.04376881095324086,0.10504514628777804,0.1083457956975773,0.2166445612065605,0.10721125348377948,0.0,0.0,0.0,0.23973165074269204,0.0,0.0,0.15836151649297914,0.0,0.05360562674188975,0.0,0.20261022461827694,0.24313226954193234,0.054758567819339354,0.0,0.0,0.0,0.0,0.07958371636159366,0.06565321642986127,0.24137931034482757,0.0,0.0,0.0,0.0,0.0,0.0,0.035093120317179816,0.18960514247076027,0.0,0.11616046389935494,0.0,0.04052204492365539,0.07918075824648957,0.17192047651837583,0.0,0.0,0.2519516299301344,0.0,0.0,0.0,0.0,0.07744030926623663,0.049629166698546515,0.3270855683975289,0.0,0.0,0.06780635036208103,0.0,0.07744030926623663,0.0,0.02626128657194451,0.0,0.2060104810498419,0.05252257314388902,0.14037248126871926,0.09284766908852593,0.0,0.0,0.21009029257555606,0.0,0.0,0.05800147905657416,0.0,0.0,0.18382900600361157,0.08304547985373996,0.16951587590520256,0.0,0.0,0.05252257314388902,0.18074256993863339,0.43549417035569266,0.0,0.10504514628777804,0.24313226954193232,0.0,0.0,0.0,0.0,0.0,0.05252257314388902,0.0,0.39310792944052475,0.037904902178945175,0.07878385971583353,0.0,0.0,0.0,0.11894020669001051,0.0,0.0,0.0,0.10344827586206896,0.046423834544262965,0.14680505487867584,0.0,0.0,0.0,0.1432670637653132,0.10504514628777804,0.0,0.0,0.0,0.2747531298926986,0.0,0.0,0.0,0.06780635036208103,0.0,0.16081688022566926,0.0,0.0,0.0,0.0,0.0,0.06565321642986127,0.07580980435789035,0.0,0.0,0.0,0.0,0.03641785203646149,0.027379283909669677,0.0,0.0,0.07427813527082075,0.0,0.0,0.0,0.02626128657194451,0.04376881095324086,0.0,0.0,0.0,0.05252257314388902,0.18382900600361157,0.0,0.14037248126871926,0.0,0.2122232436309164,0.0,0.07744030926623663,0.0,0.03390317518104052,0.07878385971583353,0.1526406277181659,0.39192475766909796,0.0,0.0,0.33593550657351257,0.0,0.10721125348377948,0.0,0.3523321317088221,0.0,0.0,0.0,0.18382900600361157,0.24137931034482757,0.0,0.0,0.0,0.0,0.0323254091917618,0.058722021951470346,0.0,0.0,0.0,0.04376881095324086,0.15756771943166706,0.0,0.031846487764924096,0.22518867455552247,0.0,0.0,0.0,0.0,0.0,0.15756771943166706,0.0,0.0,0.0,0.9999999999999999,0.029361010975735173,0.0,0.0,0.0,0.0,0.15061880828219448,0.0,0.0,0.054758567819339354,0.21009029257555606,0.0,0.0646508183835236,0.0,0.0,0.0,0.0,0.18316875326179904,0.0,0.16427570345801806,0.0
herb418,0.0,0.1649915822768611,0.1987866419864727,0.0,0.0,0.2906888370749727,0.0,0.0,0.0,0.0,0.0,0.0,0.0,0.17078251276599332,0.31304951684997057,0.0,0.2032892781536815,0.0,0.04767312946227962,0.23084512921915967,0.0,0.0,0.2170092699766855,0.44999999999999996,0.0,0.1118033988749895,0.0,0.0,0.028867513459481287,0.02306328020072213,0.35777087639996635,0.17888543819998318,0.1341640786499874,0.1987866419864727,0.0316227766016838,0.0,0.0,0.0,0.7957006565811802,0.0,0.0,0.0,0.2170607855311148,0.1118033988749895,0.0,0.022360679774997897,0.0,0.0,0.2766992952647332,0.0,0.21081851067789195,0.08944271909999159,0.07669649888473705,0.1728526794136782,0.025,0.20124611797498107,0.0,0.0,0.0,0.028867513459481287,0.0,0.0,0.2091650066335189,0.0,0.0,0.2683281572999748,0.0,0.3210121189111167,0.0,0.21081851067789195,0.2637521893583148,0.0,0.0,0.0,0.25558282541117916,0.0,0.0,0.0,0.0,0.0,0.0,0.0,0.044721359549995794,0.0,0.0,0.0,0.08808303292720551,0.0,0.0,0.1863389981249825,0.35777087639996635,0.2012461179749811,0.3496893030901177,0.0,0.4340185399533709,0.0,0.0,0.21081851067789198,0.0,0.0,0.0,0.0,0.0,0.0,0.0,0.0,0.035355339059327376,0.0,0.07669649888473705,0.5865557254410011,0.0,0.0,0.0,0.0,0.030429030972509232,0.26843774609657967,0.2760262237369417,0.0,0.0,0.25391668753850405,0.4743416490252569,0.0337099931231621,0.0,0.0,0.2857738033247041,0.24152294576982397,0.0,0.0,0.0,0.0,0.0,0.0,0.18070158058105024,0.0,0.0,0.0,0.0,0.0,0.0,0.0,0.0,0.0,0.0,0.0,0.0,0.0,0.0,0.0,0.0,0.5366563145999496,0.0,0.0,0.0,0.0,0.1341640786499874,0.028398091712353243,0.03296902366978935,0.0,0.0,0.0,0.0,0.0,0.0,0.0659380473395787,0.0,0.11180339887498948,0.0337099931231621,0.043852900965351466,0.35777087639996635,0.0,0.03952847075210474,0.0,0.2857738033247041,0.0,0.0,0.0,0.0,0.0,0.0,0.223606797749979,0.0,0.0,0.24152294576982397,0.0,0.0,0.0,0.0,0.03450327796711771,0.0,0.0,0.7379024325749306,0.0,0.0,0.0,0.45573271518765,0.1341640786499874,0.1341640786499874,0.0,0.0,0.1341640786499874,0.0,0.0,0.0,0.0,0.0,0.17888543819998318,0.0,0.029361010975735173,0.0,0.0,0.0,0.0,0.0,0.0,0.0,0.0,0.0,0.2213594362117866,0.0,0.0,0.29580398915498085,0.0,0.028867513459481287,0.3508232077228117,0.1825741858350554,0.26424909878161656,0.2988071523335984,0.0,0.18856180831641267,0.0,0.0,0.0,0.043852900965351466,0.0,0.055048188256318034,0.0,0.0,0.11656310103003922,0.0,0.0,0.2213594362117866,0.202072594216369,0.4810511993647417,0.0,0.223606797749979,0.44721359549995804,0.0,0.0,0.0,0.0,0.044721359549995794,0.0,0.0,0.38013155617496425,0.15811388300841894,0.41962716370814124,0.0,0.43041423101055837,0.028867513459481287,0.0,0.20795009796401454,0.0,0.0,0.2529822128134704,0.0,0.0,0.24343224778007386,0.0,0.0,0.0,0.2760262237369417,0.2696799449852968,0.0,0.0,0.0,0.17888543819998318,0.298142396999972,0.2846049894151542,0.0,0.0,0.5152098373193083,0.0,0.0,0.0,0.0,0.0,0.10846522890932808,0.0,0.0,0.0,0.0,0.0,0.0,0.022360679774997897,0.25391668753850405,0.0,0.15652475842498528,0.029361010975735173,1.0,0.0,0.0,0.0,0.1926686588971131,0.12824729401064427,0.0,0.0,0.023312620206007845,0.17888543819998318,0.0,0.0,0.0,0.2170607855311148,0.43604079963619047,0.0,0.0,0.0,0.0,0.24152294576982397
herb428,0.0,0.0,0.0,0.034299717028501764,0.3779644730092272,0.0,0.0,0.0,0.0,0.0,0.0,0.0,0.13093073414159545,0.030860669992418384,0.0,0.0,0.0,0.15000000000000002,0.0,0.03244428422615251,0.06761234037828133,0.0,0.030499714066520935,0.0,0.0,0.0,0.06575959492214292,0.0,0.0,0.0,0.0,0.0,0.08485281374238571,0.0,0.0,0.0,0.0,0.0,0.0,0.0,0.0,0.033806170189140665,0.0,0.0,0.0,0.0282842712474619,0.0,0.0,0.05,0.0,0.0,0.0282842712474619,0.0,0.0,0.0316227766016838,0.0,0.0,0.0,0.0,0.0,0.053452248382484885,0.0,0.0,0.04170288281141496,0.07184212081070997,0.0,0.0,0.031234752377721216,0.0,0.0,0.0,0.0,0.0,0.0,0.0,0.0,0.0,0.0,0.0,0.02948839123097943,0.0282842712474619,0.0282842712474619,0.0282842712474619,0.0282842712474619,0.1,0.1,0.0,0.0,0.0,0.0,0.0,0.0,0.05897678246195886,0.0,0.0,0.0,0.02857142857142857,0.0,0.03651483716701107,0.0,0.0,0.0,0.0,0.0,0.0,0.0,0.0,0.0,0.0,0.0,0.0,0.0565685424949238,0.11669199319831565,0.03333333333333333,0.0,0.048507125007266595,0.0,0.03333333333333333,0.0,0.0,0.1,0.0,0.0,0.0,0.0,0.043643578047198484,0.0,0.0,0.0,0.0,0.0,0.0,0.0,0.0,0.037139067635410375,0.0,0.06030226891555273,0.0,0.0,0.0,0.11547005383792518,0.11338934190276817,0.0,0.0,0.0,0.0,0.13093073414159545,0.0,0.030860669992418384,0.0,0.0,0.0,0.0,0.0,0.0,0.03592106040535498,0.0,0.0,0.0,0.0,0.0298142396999972,0.0,0.0,0.0,0.0,0.0,0.12792042981336627,0.0,0.0,0.0,0.0,0.0,0.0,0.0282842712474619,0.0,0.030499714066520935,0.031234752377721216,0.0,0.0,0.0282842712474619,0.0,0.03651483716701107,0.043643578047198484,0.0,0.0,0.0,0.0,0.0,0.0282842712474619,0.0,0.0,0.0,0.0565685424949238,0.0,0.0,0.0282842712474619,0.0565685424949238,0.0,0.0,0.0,0.0,0.0,0.03651483716701107,0.0,0.0,0.0,0.0,0.0,0.0,0.09486832980505139,0.0316227766016838,0.0,0.02948839123097943,0.030860669992418384,0.0282842712474619,0.0,0.0,0.0,0.03287979746107146,0.0,0.0,0.0,0.0,0.0,0.028867513459481294,0.0,0.0,0.0,0.0596284793999944,0.06030226891555273,0.0,0.0,0.0,0.051639777949432225,0.06963106238227915,0.0,0.11766968108291043,0.0,0.0,0.0,0.0,0.0,0.0,0.17320508075688776,0.0,0.0,0.0,0.0,0.0,0.0,0.0282842712474619,0.0,0.0,0.0,0.0,0.0,0.0,0.0,0.0,0.08485281374238571,0.0,0.030151134457776365,0.0,0.0,0.0,0.03333333333333333,0.0,0.0,0.0,0.0,0.0,0.0,0.0565685424949238,0.0,0.0,0.0282842712474619,0.047140452079103175,0.0,0.06963106238227915,0.0,0.0,0.18973665961010278,0.0,0.0,0.0565685424949238,0.0,0.034299717028501764,0.0,0.0,0.0,0.0,0.05547001962252292,0.0,0.0,0.0,0.1643989873053573,0.08485281374238571,0.0,0.0,1.0,0.0,0.0,0.0,0.0,0.0,0.10954451150103323,0.0,0.08485281374238571,0.0,0.0,0.0,0.0,0.0,0.0,0.03287979746107146,0.0,0.0,0.0
herb433,0.0,0.03253000243161778,0.0,0.0,0.0,0.0,0.0,0.0,0.0,0.0,0.0,0.0,0.0,0.0,0.0,0.0,0.0,0.0,0.0,0.0,0.0,0.0,0.0,0.0,0.0,0.0,0.0,0.0,0.0,0.0,0.06172133998483677,0.0,0.0,0.0,0.0,0.0,0.0,0.0,0.0,0.0,0.0,0.0,0.0,0.0,0.0,0.0,0.0,0.0,0.0,0.0,0.0,0.0,0.21170244960998527,0.0,0.0,0.12344267996967352,0.0,0.0,0.0,0.0,0.0,0.0,0.0,0.04550157551932901,0.0,0.0,0.06172133998483677,0.0,0.0,0.0,0.0,0.0,0.0,0.0,0.0,0.0,0.40050093945740706,0.0,0.0,0.0,0.0,0.0,0.06172133998483677,0.030860669992418384,0.0,0.1091089451179962,0.0,0.0,0.11757927025044308,0.0,0.0,0.0,0.0,0.0,0.0,0.0,0.0,0.0,0.0,0.0,0.0,0.0,0.0,0.0,0.0,0.0,0.0,0.0,0.0,0.0,0.0,0.0,0.0,0.0,0.0,0.0,0.0,0.0,0.0,0.0,0.0,0.0,0.0,0.0,0.0,0.0,0.0,0.0,0.0,0.40050093945740706,0.3860936712526722,0.0,0.0,0.0,0.0,0.0,0.0,0.0,0.0,0.5855400437691199,0.0,0.0,0.0,0.0,0.0,0.0,0.0,0.0,0.0,0.0,0.0,0.0,0.0,0.0,0.0,0.0,0.0,0.0,0.0,0.0,0.0,0.0,0.0,0.0,0.0,0.0,0.0,0.0,0.0,0.0,0.0,0.0,0.0,0.0,0.0,0.0,0.0,0.0,0.0,0.0,0.0,0.0,0.0,0.0,0.0,0.0,0.0,0.0,0.0,0.0,0.0,0.0,0.18516401995451032,0.0,0.0,0.0,0.0,0.0,0.0,0.030860669992418384,0.0,0.0,0.47809144373375745,0.0,0.0,0.0,0.0,0.0,0.0,0.0,0.0,0.3418817293789139,0.0,0.0,0.0,0.4601950115131127,0.0,0.0,0.0,0.0,0.0,0.0,0.0,0.0,0.0,0.0,0.0,0.0,0.0,0.0,0.0,0.0,0.0,0.0,0.0,0.0,0.0,0.0,0.0,0.0,0.0,0.0,0.0,0.0,0.0,0.0,0.0,0.0,0.0,0.0,0.0,0.0,0.0,0.0,0.0,0.0,0.0,0.0,0.0,0.0,0.0,0.0,0.0,0.0,0.0,0.0,0.0,0.0,0.0,0.0,0.0,0.0,0.0,0.0,0.0,0.0,0.0,0.0,0.0,0.0,0.0,0.0,0.0,0.0,0.0,0.0,0.0,0.0,0.0,0.0,0.0,0.0,0.0,0.0,0.0,0.2869984013336701,0.0,0.0,0.0,0.0,1.0,0.0,0.0,0.0,0.0,0.0,0.0,0.0,0.24939187455541986,0.0,0.0,0.0,0.0,0.0,0.0,0.0,0.0,0.0
herb437,0.21828206253269966,0.0,0.07620007620011429,0.07276068751089988,0.0,0.0,0.4170288281141495,0.206418738616856,0.0,0.0,0.0,0.0,0.0,0.0,0.0,0.0,0.32324881425670743,0.0,0.0,0.02294157338705618,0.047809144373375745,0.32,0.0,0.0,0.10327955589886444,0.08,0.0,0.04264014327112209,0.10327955589886444,0.08251369970070348,0.1,0.28,0.02,0.0,0.0,0.0,0.030860669992418384,0.0,0.0,0.0,0.0,0.23904572186687872,0.0,0.06,0.25819888974716104,0.0,0.0,0.0,0.0,0.0,0.0,0.0,0.034299717028501764,0.0,0.0,0.06,0.0,0.0,0.035355339059327376,0.0,0.0,0.0,0.0,0.0,0.0,0.0,0.0,0.06625891564490793,0.0,0.11785113019775792,0.0,0.0,0.08320502943378437,0.1414213562373095,0.0,0.0,0.16222142113076252,0.43817804600413285,0.38013155617496425,0.354474503897027,0.0,0.02,0.06,0.02,0.07071067811865475,0.0,0.0,0.0,0.0,0.0,0.33999999999999997,0.0,0.0,0.0,0.08626621856275073,0.55,0.0,0.0,0.05163977794943222,0.0,0.10160010160015241,0.39999999999999997,0.44376015698018334,0.0,0.27406406388125953,0.33999999999999997,0.0,0.0,0.034299717028501764,0.06172133998483677,0.0,0.42,0.0,0.0,0.4082482904638631,0.0,0.0,0.44783429475148,0.03651483716701107,0.0,0.04714045207910317,0.0,0.0,0.0,0.0,0.0,0.0,0.0,0.0,0.0,0.27106873827419714,0.0,0.04040610178208843,0.15,0.0,0.13333333333333336,0.0,0.0,0.0,0.03162277660168379,0.0,0.0,0.309426373877638,0.09733285267845751,0.08846517369293828,0.0,0.0,0.0,0.02182178902359924,0.0,0.5091168824543143,0.3411211461689767,0.1414213562373095,0.0,0.04,0.0,0.0,0.0,0.0,0.0,0.021081851067789197,0.0,0.4706787243316417,0.29488391230979427,0.0,0.0,0.12060453783110543,0.0,0.0,0.0,0.0,0.0,0.0,0.24000000000000002,0.18,0.02156655464068768,0.353380883439509,0.14433756729740646,0.0,0.0,0.0,0.0,0.09258200997725516,0.25584085962673253,0.3,0.0,0.0,0.0,0.08,0.0,0.0,0.0,0.04,0.12344267996967352,0.0,0.02,0.0,0.0,0.0,0.0,0.0,0.06859943405700353,0.05163977794943222,0.3623286509262706,0.0,0.24000000000000002,0.02182178902359924,0.02626128657194451,0.0,0.0,0.0670820393249937,0.02461829819586655,0.020851441405707476,0.2182178902359924,0.32,0.0,0.0,0.0,0.06974858324629157,0.04588314677411236,0.0,0.0,0.15491933384829665,0.0,0.08164965809277261,0.02626128657194451,0.0,0.0,0.021081851067789197,0.0,0.0,0.0,0.07844645405527362,0.1460593486680443,0.17232808737106584,0.0,0.0,0.0,0.0,0.0508000508000762,0.0,0.0,0.022645540682891915,0.0,0.3,0.0,0.0,0.0,0.3676955262170048,0.36,0.33999999999999997,0.32,0.0,0.02,0.32324881425670743,0.0,0.0,0.0,0.0,0.04,0.0,0.0,0.0,0.1131370849898476,0.40508136107565984,0.0,0.0,0.07844645405527362,0.0,0.33565855667130934,0.0,0.12060453783110543,0.04,0.0,0.0,0.02,0.0,0.0,0.34465617474213167,0.0,0.0,0.0,0.09428090415820634,0.13333333333333336,0.06,0.0,0.04850712500726659,0.0,0.16666666666666669,0.0,0.2836832573067901,0.3922322702763681,0.32437230354077373,0.1,0.0,0.09299811099505544,0.1,0.0,0.0,0.0,0.0,1.0000000000000002,0.0,0.0,0.11795356492391772,0.0,0.0,0.0,0.06060915267313264,0.12309149097933272,0.0,0.0,0.0,0.0,0.0,0.0,0.43788026951985687,0.0
herb438,0.0,0.20759971844307282,0.34391796971439736,0.0,0.0,0.3446561747421316,0.0,0.0,0.0,0.0,0.0,0.0,0.0,0.18802535827258876,0.17232808737106586,0.0,0.4973647313019939,0.0,0.0,0.19767387315371682,0.0,0.0,0.026546593660094948,0.4128614119223853,0.0,0.0492365963917331,0.0,0.0,0.0,0.0,0.4185110693297313,0.1969463855669324,0.0984731927834662,0.21885688981825288,0.0,0.0,0.0,0.0,0.18582615562066462,0.0,0.0,0.0,0.44381268229929727,0.07385489458759964,0.0,0.0,0.0,0.0,0.30463589792247125,0.0,0.029012942659282975,0.0984731927834662,0.0,0.2990499863048703,0.0,0.1969463855669324,0.0,0.0,0.0,0.0,0.0,0.0,0.23028309323591917,0.0,0.0,0.1477097891751993,0.17232808737106584,0.2718636239135184,0.0,0.6092717958449425,0.29038160345625114,0.0,0.0,0.0,0.500244319584578,0.0,0.0,0.0,0.0,0.0,0.0,0.17232808737106584,0.07385489458759964,0.07385489458759964,0.0,0.0,0.0323254091917618,0.0,0.0,0.0,0.02461829819586655,0.12309149097933272,0.38499525175450905,0.0,0.053093187320189895,0.0,0.0,0.05802588531856595,0.0,0.0,0.0,0.0,0.0,0.03126526997403613,0.0,0.0,0.35032452487268534,0.0,0.0,0.07597371763975865,0.0,0.0,0.0,0.0,0.0,0.29554023164452436,0.26590801173915524,0.0,0.0,0.5990422978731539,0.20309059861498083,0.0,0.0,0.0,0.3146266024828463,0.26590801173915524,0.0,0.0,0.0,0.0,0.12833175058483634,0.0,0.04973647313019938,0.0,0.0,0.0,0.0,0.0,0.0,0.0,0.0,0.0,0.0,0.0,0.0,0.0,0.0,0.0,0.0,0.36927447293799814,0.0,0.0,0.0,0.0,0.24618298195866548,0.28138742976632514,0.03629770043203139,0.0,0.0,0.0,0.0,0.0,0.0,0.03629770043203139,0.0,0.22156468376279892,0.037113480951260276,0.0,0.27080128015453203,0.0,0.0,0.0,0.3146266024828463,0.0,0.0,0.0,0.0,0.0,0.0,0.17232808737106586,0.0,0.0,0.26590801173915524,0.0,0.0,0.0,0.0,0.0,0.0,0.0,0.17232808737106586,0.0,0.17232808737106584,0.0,0.6689936080056726,0.32003787654626514,0.24618298195866548,0.0,0.0,0.17232808737106586,0.0,0.0,0.0,0.0,0.0,0.46774766572146437,0.0,0.2909286827258562,0.0,0.0,0.22019275302527214,0.12121212121212123,0.02566635011696727,0.0,0.0,0.0,0.0,0.243708718337977,0.0,0.0,0.32566947363946486,0.17407765595569785,0.0,0.09656090991705353,0.05025189076296061,0.3879049103011416,0.09869275424396534,0.17069718549972973,0.7006490497453708,0.0,0.0,0.0,0.048280454958526765,0.0,0.0,0.0,0.0,0.02566635011696727,0.0,0.0,0.243708718337977,0.4767312946227961,0.1951231356683212,0.0,0.270801280154532,0.28721347895177646,0.0,0.0,0.0,0.0,0.0,0.0,0.03289758474798845,0.02461829819586655,0.19894589252079753,0.4363279519884436,0.0,0.3066220703359333,0.03178208630818641,0.0,0.20032733246124987,0.0,0.0,0.2785242495291166,0.0,0.0,0.26801008406912324,0.0,0.0,0.12712834523274563,0.26590801173915524,0.037113480951260276,0.0,0.0,0.0,0.07385489458759964,0.04103049699311092,0.06963106238227915,0.0,0.27524094128159016,0.05970814340265321,0.0,0.0,0.0,0.0,0.3853373177942262,0.0,0.0,0.0,0.0,0.0,0.0,0.0,0.0,0.2795530723408051,0.0,0.24618298195866548,0.0,0.1926686588971131,0.0,0.0,0.0,1.0,0.028239124736245257,0.14519080172812557,0.0,0.05133270023393454,0.17232808737106586,0.12434118282549846,0.4848484848484849,0.0,0.44381268229929727,0.3671086215711883,0.0,0.0,0.0,0.0,0.4178554470186725
herb441,0.0,0.024182541670333724,0.0582716546748065,0.1391037210186643,0.0,0.09176629354822471,0.0,0.0,0.0,0.0,0.0,0.0,0.0,0.15018785229652767,0.09176629354822471,0.0,0.023174488732966077,0.3244428422615251,0.0,0.10526315789473685,0.02742042485535409,0.0,0.22264681319788204,0.15389675281277312,0.0,0.04588314677411236,0.0,0.0,0.0,0.1419745572840903,0.1147078669352809,0.18353258709644943,0.06882472016116853,0.0582716546748065,0.06488856845230502,0.0,0.07079923254047887,0.0,0.14843120879858804,0.0,0.0,0.16452254913212452,0.03181423814878889,0.06882472016116853,0.0,0.09176629354822471,0.0,0.0,0.040555355282690636,0.0,0.13518451760896877,0.06882472016116853,0.0,0.025334729596907,0.15389675281277312,0.06882472016116853,0.0,0.0,0.24333213169614382,0.0,0.0,0.0,0.03065696697424829,0.0,0.0,0.09176629354822471,0.0,0.101338918387628,0.31219527052723134,0.027036903521793755,0.03382550457458692,0.0,0.25451390519031114,0.0,0.02913582733740325,0.0,0.0,0.0,0.0,0.09567297464698798,0.0,0.0,0.0,0.0,0.0,0.0,0.3313613782208279,0.0,0.0,0.0,0.06882472016116853,0.06882472016116853,0.023918243661746996,0.0,0.04947706959952935,0.0,0.11587244366483039,0.0,0.1777046633277277,0.0,0.0,0.0,0.0,0.0,0.0,0.06882472016116853,0.0,0.2831969301619155,0.0,0.07079923254047887,0.0,0.13764944032233706,0.0,0.16222142113076254,0.0,0.039344473768231684,0.07079923254047887,0.0,0.2513123449750173,0.03721614637823934,0.3514797457833188,0.0,0.0,0.0,0.04188539082916955,0.24779731389167606,0.21239769762143662,0.04783648732349399,0.0,0.0,0.0,0.0,0.0,0.0,0.2711138549079501,0.0,0.0,0.0,0.0,0.0,0.0,0.0,0.0,0.0,0.0,0.0,0.0,0.0,0.15018785229652767,0.13764944032233706,0.0,0.12227899701112964,0.0,0.0,0.02294157338705618,0.0,0.03382550457458692,0.0,0.15585730003983933,0.0,0.0,0.0,0.0,0.0,0.08998425413316952,0.0,0.0,0.0,0.06882472016116853,0.0,0.040555355282690636,0.0,0.04188539082916955,0.09176629354822471,0.0,0.0,0.0,0.0,0.0,0.16059101370939324,0.0,0.14808721943977307,0.03539961627023944,0.0,0.0,0.0,0.2075143391598224,0.0,0.09176629354822471,0.0,0.18353258709644943,0.0,0.0,0.0,0.15585730003983933,0.02294157338705618,0.02294157338705618,0.18731716231633883,0.0,0.09176629354822471,0.0,0.0,0.0,0.0,0.0,0.02294157338705618,0.0,0.0,0.0,0.15389675281277312,0.0,0.0,0.0,0.15018785229652767,0.09176629354822471,0.0,0.0,0.03244428422615251,0.13334518676566626,0.0,0.043355498476206004,0.0,0.0,0.0,0.14048787173725413,0.0301237616564389,0.12262786789699316,0.0,0.024182541670333724,0.0,0.11470786693528087,0.0,0.0,0.04188539082916955,0.0,0.14509525002200233,0.0,0.0,0.0,0.0,0.09733285267845754,0.029617443887954616,0.15585730003983933,0.0,0.04588314677411236,0.03823595564509363,0.0,0.0,0.0,0.0,0.1835325870964494,0.0,0.0,0.06882472016116853,0.023174488732966077,0.14350946197048198,0.0,0.28573838340637214,0.0,0.0,0.18668326147193276,0.14673479641335557,0.0,0.03244428422615251,0.14673479641335557,0.0,0.031219527052723135,0.0,0.0,0.0,0.03539961627023944,0.13834289277321493,0.11470786693528089,0.2711138549079501,0.04891159880445185,0.04588314677411236,0.15294382258037453,0.06488856845230502,0.0,0.0,0.05564148840746572,0.0,0.0,0.07647191129018727,0.06882472016116853,0.0,0.11128297681493143,0.0,0.0,0.0,0.0,0.0,0.0,0.0,0.03721614637823934,0.0,0.02294157338705618,0.15061880828219448,0.12824729401064427,0.0,0.0,0.0,0.028239124736245257,1.0000000000000002,0.0,0.0,0.0,0.13764944032233706,0.0,0.0,0.0,0.03181423814878889,0.26315789473684215,0.0,0.13334518676566626,0.0,0.0,0.03539961627023944
herb453,0.0,0.0,0.22470176588194146,0.0,0.0,0.0,0.06148754619013457,0.0,0.0,0.0,0.0,0.0,0.0,0.0,0.05897678246195886,0.0,0.2085144140570748,0.0,0.0,0.0,0.0,0.0,0.0,0.0,0.0,0.0,0.0,0.0,0.0,0.0,0.14744195615489714,0.0,0.02948839123097943,0.0,0.0,0.0,0.0,0.0,0.0,0.0,0.0,0.14098147537004826,0.16357216402190616,0.0,0.1522773975253762,0.0,0.0,0.0,0.0,0.0,0.0,0.0,0.25286086871208685,0.13025792180516724,0.0,0.02948839123097943,0.0,0.0,0.0,0.0,0.0,0.0,0.07881104062391006,0.0,0.037450294313656915,0.0,0.05897678246195886,0.0,0.0,0.0,0.0,0.0,0.0,0.0,0.0,0.0,0.047836487323493986,0.0,0.0,0.0,0.0,0.02948839123097943,0.02948839123097943,0.05897678246195886,0.0,0.0,0.0,0.0,0.0,0.0,0.0,0.23590712984783543,0.06148754619013457,0.0,0.0,0.14744195615489714,0.0,0.0,0.0,0.0,0.0,0.0,0.0,0.0,0.0,0.0,0.0,0.0,0.0,0.0,0.0,0.0,0.0,0.0,0.0,0.0,0.0,0.17376201171422898,0.0,0.0,0.0,0.0,0.0,0.0,0.0,0.0,0.0,0.030743773095067286,0.0,0.0,0.12297509238026914,0.0,0.0,0.07372097807744857,0.0,0.0,0.0,0.0,0.0,0.0,0.0,0.0,0.0,0.0,0.04347826086956522,0.0,0.0,0.0,0.0,0.0,0.16681153124565984,0.0,0.0,0.0,0.206418738616856,0.0,0.0,0.0,0.0,0.0,0.0,0.0,0.0,0.13043478260869568,0.0,0.0,0.0,0.0,0.0,0.0,0.0,0.0,0.0,0.0,0.02948839123097943,0.0,0.0,0.042562826537937436,0.0,0.0,0.0,0.0,0.0,0.0,0.0,0.10147651372376076,0.0,0.0,0.0,0.0,0.0,0.0,0.05897678246195886,0.0,0.0,0.11795356492391772,0.11795356492391772,0.0,0.0,0.05897678246195886,0.0,0.0,0.0,0.033389028164708894,0.0,0.29488391230979427,0.0,0.0,0.0,0.0,0.0,0.36297700432031393,0.030743773095067286,0.1286978904175574,0.0,0.0,0.0,0.0,0.0,0.0,0.0,0.0,0.0,0.0,0.0,0.3872015463311832,0.0,0.0,0.21758445525607323,0.0,0.0,0.0,0.0,0.0,0.0,0.0,0.0,0.0,0.0,0.0,0.0,0.0,0.033389028164708894,0.0,0.0,0.0,0.0,0.0,0.16681153124565984,0.02948839123097943,0.0,0.08846517369293828,0.0,0.0,0.0,0.0,0.0,0.23372319715296228,0.0,0.0,0.0,0.0,0.0,0.0,0.0,0.0,0.0,0.0,0.0,0.6471789394828488,0.0,0.08891084489487741,0.02948839123097943,0.0,0.0,0.08846517369293828,0.0,0.0,0.14519080172812557,0.0,0.07151985398521515,0.0,0.0,0.0,0.0,0.0,0.07151985398521515,0.0,0.049147318718299055,0.0,0.03217447260438935,0.2313259727864961,0.0,0.08846517369293828,0.09567297464698797,0.0,0.23590712984783543,0.0,0.0,0.0,0.0,0.11795356492391772,0.14519080172812557,0.0,1.0000000000000002,0.0,0.0,0.0,0.0,0.0,0.0,0.16357216402190616,0.0,0.0,0.0,0.0,0.0,0.18200630207731605
herb458,0.0,0.10886621079036347,0.0,0.0,0.0,0.0,0.026919095102908273,0.0,0.0,0.0,0.10954451150103323,0.0,0.03984095364447979,0.0,0.0,0.12565617248750865,0.0,0.04564354645876384,0.0,0.029617443887954616,0.0,0.10327955589886444,0.027842302319485226,0.0,0.0,0.0,0.15007505629691603,0.0,0.0,0.02663118206456537,0.0,0.02581988897471611,0.05163977794943222,0.0,0.0,0.0,0.03984095364447979,0.0,0.08352690695845567,0.0,0.0,0.0,0.0,0.10327955589886444,0.0,0.0,0.0,0.0,0.09128709291752768,0.0,0.0,0.02581988897471611,0.0,0.0,0.0,0.02581988897471611,0.0,0.0,0.04564354645876384,0.0,0.04879500364742666,0.13921151159742612,0.0,0.03806934938134405,0.2951216261027788,0.0,0.0,0.02851329742561005,0.0,0.0,0.03806934938134405,0.0,0.03580574370197164,0.0,0.0,0.0,0.0,0.0,0.0,0.026919095102908273,0.0,0.15491933384829665,0.05163977794943222,0.15491933384829665,0.04564354645876384,0.09128709291752768,0.0,0.0,0.06558258357839529,0.0,0.10327955589886444,0.0,0.0,0.15569978883230456,0.0,0.0,0.0,0.0,0.0,0.07784989441615228,0.0,0.03227486121839514,0.03580574370197164,0.0,0.02721655269759087,0.07745966692414832,0.0,0.0,0.0,0.0,0.0,0.02581988897471611,0.10652472825826148,0.0,0.0,0.17712297710801905,0.0,0.06085806194501845,0.0,0.0,0.030429030972509225,0.0,0.0,0.0,0.0,0.03984095364447979,0.03984095364447979,0.026919095102908273,0.0,0.0,0.026919095102908273,0.0,0.1043281061914602,0.0,0.06780635036208103,0.0,0.05504818825631803,0.0,0.0,0.0,0.10540925533894599,0.0,0.02663118206456537,0.12565617248750863,0.03806934938134405,0.0,0.0,0.0,0.0,0.02581988897471611,0.0,0.0,0.0,0.06900655593423541,0.0,0.032791291789197645,0.03806934938134405,0.0,0.0,0.0,0.02721655269759087,0.033333333333333326,0.0,0.0,0.05063696835418333,0.10327955589886444,0.0,0.0,0.0,0.0,0.0,0.0,0.0,0.0,0.02581988897471611,0.16705381391691135,0.0,0.0,0.0,0.02581988897471611,0.0,0.0,0.0,0.027524094128159014,0.10327955589886444,0.0,0.0,0.15936381457791915,0.0,0.0,0.0,0.0,0.10327955589886444,0.0,0.0,0.02581988897471611,0.0,0.0,0.0,0.0,0.0,0.04428074427700476,0.033333333333333326,0.029235267310234306,0.0,0.0,0.0,0.03390317518104052,0.04564354645876384,0.0,0.08660254037844387,0.0,0.053838190205816545,0.02817180849095055,0.0,0.05923488777590923,0.0,0.0,0.0,0.0,0.0,0.0,0.033333333333333326,0.0,0.0,0.0,0.0,0.0,0.0,0.05504818825631803,0.06454972243679027,0.0,0.0,0.04714045207910316,0.0,0.0816496580927726,0.03580574370197164,0.1884336657203579,0.0,0.0,0.0,0.0,0.0,0.0,0.0,0.0,0.0,0.0,0.0,0.0,0.02581988897471611,0.0,0.034503277967117704,0.02581988897471611,0.0,0.026919095102908273,0.0,0.0,0.033333333333333326,0.07745966692414832,0.0,0.0,0.0,0.0,0.0,0.030429030972509225,0.0,0.20254787341673333,0.0,0.0,0.0,0.0,0.0,0.03390317518104052,0.0,0.02581988897471611,0.04303314829119352,0.0,0.0,0.0,0.0,0.0,0.0,0.08606629658238704,0.02581988897471611,0.0,0.03131121455425747,0.0,0.0,0.04714045207910316,0.0,0.05063696835418333,0.0,0.02581988897471611,0.0,0.03001501125938321,0.02581988897471611,0.0,0.0,0.10954451150103323,0.0,0.0,0.0,0.0,0.0,0.9999999999999998,0.053838190205816545,0.0,0.13041013273932525,0.0,0.0,0.0,0.0,0.0,0.0,0.0,0.0,0.0
herb462,0.1264304343560434,0.0219793491131929,0.0,0.0,0.0,0.04170288281141495,0.0,0.2766939578556056,0.0,0.0,0.0,0.0,0.0,0.0,0.0,0.0,0.08425254637422692,0.0,0.08891084489487741,0.0,0.02492223931396134,0.0,0.06745406256199318,0.0,0.0,0.0,0.0,0.0,0.053838190205816545,0.08602647872386805,0.0,0.020851441405707476,0.04170288281141495,0.0,0.0,0.0,0.0,0.0,0.0,0.0,0.0,0.0,0.028915746598312014,0.020851441405707476,0.0,0.04170288281141495,0.0,0.0,0.0,0.0,0.02457365935914952,0.0,0.0,0.0,0.04662524041201569,0.06255432421712243,0.040893041005476534,0.0,0.0,0.053838190205816545,0.07881104062391008,0.15739281264465077,0.0,0.0,0.10592542826647522,0.0,0.0,0.023026564952925203,0.0,0.04914731871829904,0.06148754619013457,0.0,0.0,0.0,0.07944407119985641,0.0,0.03382550457458691,0.0,0.0,0.0,0.06255432421712243,0.020851441405707476,0.0,0.0834057656228299,0.0,0.0,0.0,0.0,0.026481357066618805,0.034752402342845795,0.0,0.0,0.0,0.0,0.0,0.026064301757134343,0.0,0.09829463743659808,0.0,0.3143473067309657,0.0,0.0,0.0,0.4501830701325197,0.0219793491131929,0.0,0.0,0.0,0.0,0.0,0.0,0.0,0.021506619680967013,0.0,0.056750435383916574,0.0,0.0,0.04914731871829904,0.0,0.0,0.0,0.06286946134619315,0.0,0.0,0.0,0.03217447260438935,0.0,0.0,0.3263766828841098,0.03382550457458691,0.021739130434782608,0.0,0.0,0.0,0.0,0.0,0.0,0.220043114711676,0.0,0.0,0.0,0.19504737440137349,0.0,0.0,0.030743773095067286,0.0,0.0,0.0,0.0,0.0,0.02948839123097943,0.0,0.0,0.0,0.0,0.0,0.0,0.0,0.0,0.220043114711676,0.0219793491131929,0.026919095102908273,0.040893041005476534,0.06148754619013457,0.0,0.0834057656228299,0.0,0.08178608201095307,0.0834057656228299,0.0,0.07372097807744857,0.0,0.0,0.0,0.04170288281141495,0.022484687520664393,0.0,0.030096463271442307,0.0,0.0,0.0,0.026919095102908273,0.0,0.13336626734231613,0.0,0.0,0.0,0.0,0.0,0.0,0.0,0.0,0.0,0.0,0.0,0.2502172968684897,0.0,0.0,0.0,0.0,0.0,0.03575992699260758,0.0,0.0,0.0,0.04170288281141495,0.364012604154632,0.13689641954834839,0.036860489038724284,0.0,0.2564388222660863,0.0,0.3695652173913044,0.022750787759664503,0.0,0.0,0.0,0.0,0.0,0.023918243661746996,0.0,0.0,0.053838190205816545,0.0,0.0,0.027379283909669677,0.0,0.0,0.0219793491131929,0.17782168978975482,0.0,0.0,0.0,0.0,0.02566635011696727,0.0,0.0,0.32608695652173914,0.0,0.0,0.0,0.026919095102908273,0.21248647409244853,0.0,0.020851441405707476,0.034752402342845795,0.0,0.0,0.0,0.0,0.0,0.14596008983995232,0.08359173188630292,0.020851441405707476,0.0,0.043478260869565216,0.0,0.0,0.1884336657203579,0.0,0.0,0.0,0.1286978904175574,0.02948839123097943,0.0,0.07372097807744857,0.2837521769195829,0.0,0.0,0.0,0.03217447260438935,0.0,0.0,0.0,0.0,0.0,0.0,0.0,0.0,0.0,0.0,0.0,0.0,0.034752402342845795,0.0,0.0,0.025286086871208677,0.0,0.0,0.0,0.11375393879832252,0.0,0.030743773095067286,0.04170288281141495,0.0,0.0,0.020851441405707476,0.054758567819339354,0.023312620206007845,0.0,0.0,0.0,0.05133270023393454,0.0,0.0,0.053838190205816545,1.0,0.0,0.14744195615489714,0.0,0.0,0.028915746598312014,0.023918243661746996,0.0,0.0,0.0,0.0,0.0
herb467,0.07276068751089988,0.16865480854231357,0.1778001778002667,0.5820855000871992,0.0,0.02,0.04170288281141495,0.0,0.0,0.0,0.0,0.0,0.0,0.6110100926607787,0.2,0.0,0.16162440712835371,0.10606601717798213,0.0,0.18353258709644943,0.0,0.0,0.06469966392206304,0.17888543819998318,0.0,0.06,0.04649905549752771,0.0,0.0,0.10314212462587935,0.14,0.02,0.16,0.1778001778002667,0.0,0.0,0.0,0.0,0.17253243712550145,0.0,0.05443310539518174,0.525900588107133,0.1941450686788302,0.1,0.05163977794943222,0.38,0.0,0.0,0.282842712474619,0.0,0.023570226039551584,0.16,0.0,0.1987767469347238,0.5142956348249517,0.18,0.0,0.10690449676496974,0.17677669529663687,0.0,0.0,0.0,0.2405351177211819,0.0,0.0,0.22,0.0,0.02208630521496931,0.13608276348795434,0.1649915822768611,0.2359071298478354,0.0,0.1386750490563073,0.07071067811865475,0.2286002286003429,0.0,0.0,0.0,0.0,0.0,0.0,0.0,0.06,0.0,0.10606601717798213,0.0,0.15756771943166706,0.0,0.0,0.06666666666666668,0.02,0.08,0.14596008983995234,0.0,0.04313310928137536,0.0,0.4444671196029727,0.04714045207910317,0.5680375574437543,0.0,0.0,0.049999999999999996,0.05547001962252292,0.0,0.0,0.1,0.03162277660168379,0.15430334996209194,0.0,0.06172133998483677,0.06666666666666668,0.0,0.02062842492517587,0.6599663291074442,0.0,0.24009801919951235,0.3703280399090206,0.0,0.18257418583505536,0.22710998958306752,0.18856180831641267,0.030151134457776358,0.07559289460184544,0.0,0.2556038601690775,0.3703280399090206,0.24688535993934707,0.04170288281141495,0.0,0.0,0.0,0.0,0.04040610178208843,0.0,0.13130643285972254,0.0,0.0,0.0,0.0,0.0,0.0,0.13363062095621217,0.02062842492517587,0.0,0.05897678246195886,0.0,0.09258200997725516,0.0,0.5455447255899809,0.16,0.0,0.1492405014489273,0.0,0.0,0.18,0.0254000254000381,0.02948839123097943,0.07559289460184544,0.11322770341445958,0.0,0.0,0.0,0.0,0.02948839123097943,0.0,0.0,0.12060453783110543,0.03922322702763681,0.14,0.0,0.07071067811865475,0.0,0.2556038601690775,0.54,0.0,0.0,0.08834522085987724,0.0,0.0,0.26,0.03162277660168379,0.5938574464184705,0.2160246899469287,0.0,0.02,0.0,0.1507556722888818,0.0,0.39999999999999997,0.0,0.16,0.0,0.0,0.0,0.18116432546313532,0.12000000000000001,0.18,0.13608276348795434,0.0,0.2,0.0,0.0,0.0,0.04529108136578383,0.0,0.16,0.0,0.0,0.0,0.5366563145999496,0.0,0.0,0.0,0.48007935851918315,0.39999999999999997,0.0,0.0,0.1979898987322333,0.48824008272404107,0.0,0.264575131106459,0.0,0.0,0.07844645405527362,0.5103103630798287,0.18382900600361157,0.08017837257372731,0.0,0.27406406388125953,0.0,0.0,0.0,0.03922322702763681,0.10954451150103323,0.0,0.0,0.0,0.0,0.0,0.0,0.1979898987322333,0.18073922282301277,0.1585187847802434,0.12247448713915891,0.1,0.23333333333333336,0.0,0.0,0.0,0.04,0.08,0.04,0.0,0.02,0.18182745801939793,0.1876629726513673,0.0,0.18116432546313532,0.02581988897471611,0.12,0.4417410272265133,0.5116817192534651,0.0,0.2262741699796952,0.10660035817780522,0.0,0.19051586888313607,0.0,0.0,0.0,0.40118870990143896,0.060302268915552716,0.43999999999999995,0.13130643285972254,0.0,0.02,0.03333333333333334,0.0565685424949238,0.0,0.044721359549995794,0.07276068751089988,0.0,0.0,0.0,0.08,0.0,0.024253562503633294,0.10289915108550529,0.0,0.0,0.0,0.0,0.0,0.04,0.22710998958306752,0.11624763874381928,0.12000000000000001,0.21009029257555606,0.17888543819998318,0.08485281374238571,0.0,0.0,0.17232808737106586,0.13764944032233706,0.0,0.0,0.0,1.0,0.0,0.0,0.0,0.1941450686788302,0.18353258709644943,0.0,0.511489610472805,0.10289915108550529,0.0,0.3086066999241838
herb469,0.04899959575500252,0.0,0.0,0.0,0.0,0.12121830534626529,0.0,0.0,0.0,0.0,0.0,0.0,0.0,0.0,0.0,0.0,0.0,0.0,0.0,0.0,0.0,0.0,0.0,0.0,0.0,0.06060915267313264,0.0,0.0,0.0,0.02083785592827065,0.020203050891044214,0.10101525445522108,0.0,0.0,0.0,0.0,0.0,0.0,0.0,0.0,0.0,0.0,0.0,0.0,0.0,0.0,0.0,0.0,0.0,0.0,0.0,0.0,0.0,0.0,0.0,0.04040610178208843,0.0,0.0,0.0,0.0,0.0,0.28321163061769433,0.0,0.0,0.12828950144769635,0.0,0.22223355980148635,0.0,0.0,0.16666666666666666,0.0,0.0,0.0,0.0,0.0,0.0,0.26218941013778485,0.0,0.0,0.0,0.020203050891044214,0.24243661069253056,0.04040610178208843,0.10101525445522107,0.0,0.0,0.0,0.0,0.0,0.0,0.0,0.0,0.0,0.33502969713024494,0.0,0.0,0.0,0.047619047619047616,0.0,0.0,0.0,0.0,0.0,0.35921060405354976,0.0,0.0,0.15971914124998499,0.0,0.03464794643376185,0.062347968638854966,0.0,0.04040610178208843,0.0,0.0,0.0,0.0,0.0,0.0,0.0,0.0,0.0,0.0,0.0,0.0,0.0,0.0,0.0,0.0,0.0,0.26218941013778485,0.2948839123097942,0.0,0.0,0.0,0.0,0.0,0.0,0.30457245193658633,0.0,0.25555062599997597,0.0,0.3779644730092272,0.0,0.0,0.0,0.0,0.0,0.0,0.044086671417740544,0.12121830534626528,0.0,0.0,0.0,0.0,0.0,0.12828950144769635,0.0,0.0,0.0,0.21320071635561041,0.0,0.02608202654786505,0.0,0.0,0.0,0.08081220356417686,0.0,0.0,0.10101525445522107,0.0,0.0,0.0,0.0,0.0,0.020203050891044214,0.0,0.0,0.0,0.0,0.0,0.0,0.02608202654786505,0.0,0.0,0.0,0.0,0.0,0.0,0.0,0.0,0.0,0.0,0.22223355980148635,0.0,0.11437725271791938,0.10101525445522107,0.0,0.0,0.0,0.020203050891044214,0.0,0.0,0.23473823893078544,0.0,0.0,0.10101525445522107,0.17634668567096215,0.02652790545386455,0.0,0.0,0.13552618543578768,0.0,0.2948839123097943,0.0,0.0,0.18539590986372861,0.0,0.0,0.0,0.0,0.0,0.0,0.0,0.0,0.0,0.0,0.0,0.19611613513818404,0.10647942749999,0.3015113445777636,0.0,0.0,0.0,0.0,0.0,0.0,0.0,0.0,0.0,0.0,0.0,0.0521640530957301,0.0,0.0,0.0,0.0,0.0,0.0,0.0,0.0,0.0,0.18182745801939793,0.02699746235780194,0.020203050891044214,0.0,0.10531568296778365,0.0,0.0,0.20865621238292037,0.0,0.0,0.0,0.0,0.0,0.0,0.0,0.0,0.0,0.0,0.0,0.062347968638854966,0.0,0.0,0.0,0.0,0.0,0.0,0.0,0.0,0.27105237087157535,0.0,0.0,0.0,0.0,0.0,0.0,0.0,0.0,0.0,0.0,0.0,0.0,0.05957554687344993,0.0,0.0,0.1878845569204083,0.06060915267313264,0.0,0.0,0.0,0.24939187455541986,0.06060915267313264,0.12434118282549846,0.0,0.0,0.13041013273932525,0.14744195615489714,0.0,1.0,0.12434118282549846,0.0,0.0,0.13904693239779645,0.0,0.0,0.0,0.0,0.0
herb470,0.11941628680530642,0.0,0.0,0.08956221510397981,0.0,0.29541957835039856,0.0,0.0,0.04351941398892446,0.0,0.0,0.0,0.0,0.0,0.0,0.0,0.19894589252079753,0.0,0.0,0.0,0.0,0.0,0.0,0.22019275302527214,0.12712834523274563,0.07385489458759964,0.05723638070321425,0.0,0.12712834523274563,0.1523510148357077,0.1969463855669324,0.24618298195866548,0.07385489458759964,0.0,0.06963106238227915,0.0,0.0,0.0,0.0,0.0,0.0,0.11769797726729993,0.0,0.0,0.12712834523274563,0.02461829819586655,0.05025189076296061,0.0,0.0,0.0,0.0,0.0984731927834662,0.0,0.0,0.0,0.0,0.0,0.0,0.0,0.0,0.0,0.0,0.0,0.0,0.0,0.02461829819586655,0.17232808737106584,0.21749089913081476,0.0,0.3771682545706787,0.0,0.0,0.10241831129983785,0.1160517706371319,0.250122159792289,0.0,0.03993615319154359,0.17978662999019787,0.16514456476895412,0.15399810070180361,0.02461829819586655,0.270801280154532,0.14770978917519928,0.07385489458759964,0.0,0.0,0.0,0.0,0.0,0.0,0.07385489458759964,0.0,0.20533080093573816,0.0,0.10618637464037979,0.12309149097933274,0.02486823656509969,0.0,0.0,0.0,0.1250610798961445,0.030772872744833184,0.03413943709994595,0.0,0.10379985922153641,0.0492365963917331,0.3113995776646092,0.0,0.04222003309207491,0.0,0.0,0.07385489458759964,0.0,0.0,0.033501260508640406,0.0,0.0,0.1160517706371319,0.0,0.3194892255323487,0.0,0.0,0.0,0.0,0.0,0.0,0.0,0.0,0.0,0.0,0.23099715105270544,0.0,0.04973647313019938,0.1846372364689991,0.0,0.16412198797244368,0.0,0.0,0.0,0.1556997888323046,0.0,0.0,0.025391835805951283,0.11980845957463077,0.0,0.0,0.0,0.0,0.0,0.1969463855669324,0.1392621247645583,0.052486388108147805,0.0,0.0,0.02461829819586655,0.250122159792289,0.0,0.0,0.055749467333806056,0.0,0.10379985922153641,0.0,0.19312181983410706,0.10889310129609417,0.048280454958526765,0.1969463855669324,0.1484539238050411,0.0,0.14770978917519928,0.1315903389919538,0.0,0.0,0.0,0.09847319278346618,0.0,0.10618637464037979,0.05437272478270369,0.14213381090374033,0.0,0.0,0.03892494720807615,0.0,0.0,0.1049727762162956,0.0,0.0,0.07422696190252055,0.0,0.12309149097933272,0.0,0.0,0.0,0.17232808737106584,0.1519474352795173,0.44599573867044845,0.07385489458759964,0.02461829819586655,0.06700252101728081,0.03553345272593508,0.0,0.1448413648755803,0.0,0.12712834523274563,0.055749467333806056,0.0,0.29541957835039856,0.10744306187005072,0.2586032735340944,0.04351941398892446,0.0,0.22019275302527214,0.12121212121212123,0.10266540046786908,0.10744306187005072,0.0,0.0,0.0,0.0,0.1144727614064285,0.0,0.0,0.0,0.0,0.0,0.10050378152592122,0.0,0.0,0.17069718549972973,0.4411494016915298,0.0,0.0,0.0,0.0,0.17978662999019787,0.0,0.0,0.0,0.0,0.0,0.0,0.0,0.25425669046549126,0.0,0.0,0.14770978917519928,0.0,0.0,0.0,0.24370871833797697,0.0,0.07385489458759964,0.0,0.03289758474798845,0.0,0.0,0.20533080093573816,0.0,0.0,0.0,0.0492365963917331,0.0,0.0,0.0,0.1392621247645583,0.1574591643244434,0.029012942659282975,0.0,0.0,0.0,0.12712834523274563,0.0,0.2969078476100822,0.0,0.0,0.0,0.0,0.0,0.0,0.12121212121212123,0.27524094128159016,0.0,0.0,0.0,0.16412198797244368,0.0984731927834662,0.3853373177942262,0.0,0.0,0.04103049699311092,0.0,0.10744306187005072,0.19312181983410706,0.14519080172812557,0.02461829819586655,0.0,0.1144727614064285,0.0,0.0646508183835236,0.0,0.0,0.0,0.12309149097933272,0.4848484848484849,0.0,0.0,0.0,0.0,0.0,0.12434118282549846,1.0000000000000002,0.0,0.0,0.1411956236812263,0.0,0.0,0.0,0.20533080093573816,0.0
herb472,0.1462544848254261,0.0,0.0,0.10969086361906957,0.0,0.0,0.0,0.0,0.0,0.0,0.0,0.0,0.0,0.09869275424396534,0.0,0.0,0.0,0.0,0.0,0.0,0.0,0.0,0.130051217752471,0.0,0.0,0.0,0.0,0.0,0.0,0.0,0.0,0.0,0.0,0.0,0.0,0.3837612894400988,0.0,0.0,0.0,0.0,0.24618298195866545,0.0,0.0,0.12060453783110543,0.0,0.0,0.0,0.0,0.0,0.0,0.0,0.0,0.0,0.0,0.1011299793694863,0.030151134457776358,0.0,0.24174688920761406,0.0,0.0,0.5128225940683707,0.0,0.12087344460380703,0.0,0.0,0.060302268915552716,0.0,0.0,0.0,0.0,0.0,0.5195887333176439,0.0,0.14213381090374028,0.0,0.0,0.0,0.0,0.0,0.0,0.030151134457776358,0.18090680674665816,0.0,0.0,0.0,0.0,0.0,0.0,0.1531679162134967,0.0,0.0,0.060302268915552716,0.0,0.0,0.0,0.0,0.0,0.0,0.0,0.0,0.0,0.0,0.0,0.0,0.0,0.030151134457776358,0.0,0.0,0.0,0.0,0.0,0.0,0.0,0.0,0.0,0.0,0.0,0.0,0.0,0.0,0.0,0.1818181818181818,0.0,0.0,0.0,0.0,0.0,0.0,0.0,0.0,0.0,0.0,0.0,0.0,0.0,0.0,0.0,0.1818181818181818,0.0,0.0,0.0,0.0,0.0,0.0,0.0,0.0,0.0,0.0,0.0,0.0,0.0,0.032141217326661246,0.0,0.0,0.1507556722888818,0.0,0.0,0.1709408646894569,0.0,0.1818181818181818,0.3178208630818641,0.03892494720807614,0.0,0.0,0.0,0.030151134457776358,0.0,0.0,0.0,0.0,0.0,0.0,0.0,0.0,0.09045340337332908,0.3251280443811775,0.0,0.0,0.0,0.0,0.0,0.11677484162422842,0.0,0.0,0.1507556722888818,0.13834289277321493,0.0,0.18609684207969415,0.0,0.0,0.0,0.0,0.0,0.0,0.0,0.0,0.1507556722888818,0.0,0.0,0.060302268915552716,0.0,0.0,0.0,0.0,0.0,0.0,0.0,0.0,0.0,0.0,0.0,0.037113480951260276,0.03143473067309657,0.0,0.0,0.03458572319330373,0.0,0.0,0.10514994558491725,0.0,0.0,0.0,0.11677484162422842,0.0,0.0,0.0,0.0,0.0,0.0,0.0,0.0,0.0,0.0,0.0,0.0,0.0,0.04181210050035454,0.3143473067309657,0.0,0.22975187432024508,0.0,0.0,0.0,0.0,0.0,0.0,0.3481553119113957,0.0,0.0,0.1507556722888818,0.030151134457776358,0.12060453783110543,0.0,0.030151134457776358,0.0,0.0,0.0,0.0,0.15569978883230456,0.0,0.10514994558491725,0.0,0.09304842103984708,0.17056057308448835,0.0,0.0,0.0,0.0,0.0,0.0,0.0,0.0,0.0,0.0,0.0,0.0,0.0,0.0,0.0,0.0,0.0,0.0674199862463242,0.0,0.0,0.0,0.0,0.0,0.20683507599800763,0.0,0.0,0.0,0.0,0.0,0.0,0.0,0.0,0.030151134457776358,0.0,0.0,0.0,0.0,0.0,0.0,0.0,0.0,0.0,0.0,0.0,0.0,0.0,1.0,0.0,0.0,0.0,0.0,0.20683507599800763,0.0,0.18609684207969415
herb474,0.0,0.23388213848187447,0.3874584745219909,0.0,0.0,0.02773500981126146,0.0,0.0,0.0,0.0,0.0,0.0,0.0,0.21182963643408087,0.1941450686788302,0.0,0.3361990888083155,0.0,0.0,0.22269966704152225,0.0,0.0,0.05981486045545792,0.2170607855311148,0.0,0.02773500981126146,0.0,0.0,0.0,0.0,0.1941450686788302,0.02773500981126146,0.11094003924504584,0.24656448378672147,0.0,0.0,0.0,0.0,0.20935201159410272,0.0,0.0,0.0,0.9230769230769234,0.08320502943378437,0.03580574370197164,0.0,0.0,0.0,0.34320323649182205,0.0,0.03268602252303067,0.11094003924504584,0.0,0.3369101405074289,0.0,0.2496150883013531,0.0,0.0,0.0,0.0,0.0,0.0,0.2594372608313854,0.0,0.0,0.16641005886756874,0.0,0.030628194591584446,0.0,0.22880215766121467,0.3271443280438123,0.0,0.0,0.0,0.2817879814705388,0.0,0.0,0.0,0.0,0.0,0.0,0.0,0.0,0.0,0.0,0.0,0.03641785203646149,0.0,0.0,0.0,0.02773500981126146,0.1386750490563073,0.2024102261881841,0.0,0.32898173250501855,0.0,0.0,0.06537204504606134,0.0,0.0,0.0,0.0,0.0,0.0,0.0,0.0,0.043852900965351466,0.0,0.0,0.08559209850218259,0.0,0.0,0.0,0.0,0.0,0.33295604590814587,0.29957234475763905,0.0,0.0,0.3149448894660933,0.22880215766121467,0.0,0.0,0.0,0.35445877847928325,0.29957234475763905,0.0,0.0,0.0,0.0,0.0,0.0,0.056033181468052584,0.0,0.03641785203646149,0.0,0.0,0.0,0.04181210050035454,0.0,0.0,0.0,0.0,0.0,0.0,0.0,0.0,0.0,0.030261376633440123,0.1941450686788302,0.0,0.0,0.0,0.0,0.36055512754639896,0.03522349768381735,0.04089304100547654,0.0,0.0,0.0,0.0,0.0,0.0,0.04089304100547654,0.10878565864408425,0.2496150883013531,0.04181210050035454,0.0,0.1386750490563073,0.0,0.0,0.0,0.35445877847928325,0.0,0.0,0.0,0.0,0.0,0.0,0.1941450686788302,0.0,0.0,0.29957234475763905,0.0,0.0,0.0,0.0,0.042796049251091296,0.0,0.0,0.1941450686788302,0.0,0.0,0.0,0.2198260025574647,0.3328201177351375,0.36055512754639896,0.0,0.0,0.1941450686788302,0.0,0.0,0.0,0.0,0.04499212706658475,0.305085107923876,0.0,0.0,0.0,0.0,0.0,0.1365577483997838,0.0,0.0,0.0,0.0,0.0,0.27456258919345766,0.0,0.0,0.36689969285267143,0.0,0.0,0.10878565864408425,0.056613851707229795,0.43701422443753785,0.11118739749916517,0.0,0.32158794041257743,0.0,0.0,0.0,0.054392829322042126,0.0,0.0,0.0,0.0,0.0,0.0,0.0,0.27456258919345766,0.2506402059138015,0.2198260025574647,0.0,0.1386750490563073,0.3235751144647171,0.0,0.0,0.0,0.0,0.0,0.0,0.0,0.02773500981126146,0.19611613513818404,0.2313259727864961,0.0,0.3454408611617303,0.03580574370197164,0.0,0.22568905807670636,0.0,0.0,0.31378581622109447,0.0,0.0,0.3019405424385589,0.0,0.0,0.14322297480788657,0.29957234475763905,0.04181210050035454,0.0,0.03641785203646149,0.0,0.08320502943378438,0.04622501635210244,0.07844645405527362,0.0,0.0,0.06726727939963124,0.0,0.0,0.0,0.0,0.0,0.0,0.0,0.0,0.0,0.0,0.0,0.0,0.0,0.3149448894660933,0.0,0.2773500981126146,0.0,0.2170607855311148,0.0,0.0,0.0,0.44381268229929727,0.03181423814878889,0.16357216402190616,0.0,0.028915746598312014,0.1941450686788302,0.0,0.0,0.0,1.0000000000000002,0.25451390519031114,0.0,0.0,0.0,0.0,0.47075654176200427
herb475,0.0,0.1934603333626698,0.23308661869922603,0.0,0.0,0.2982404540317303,0.0,0.0,0.0,0.0,0.0,0.0,0.0,0.17521916101261562,0.3211820274187865,0.0,0.2780938647955929,0.0,0.0,0.2894736842105263,0.0,0.0,0.34633948719670543,0.43604079963619047,0.0,0.06882472016116853,0.0,0.0,0.0,0.0,0.390006747579955,0.41294832096701123,0.09176629354822471,0.20395079136182276,0.03244428422615251,0.0,0.0,0.0,0.42055509159599946,0.0,0.0,0.0,0.25451390519031114,0.06882472016116853,0.0,0.0,0.0,0.0,0.2838874869788345,0.0,0.21629522817435007,0.09176629354822471,0.0,0.177343107178349,0.0,0.2982404540317303,0.0,0.0,0.0,0.0,0.0,0.0,0.21459876881973802,0.0,0.0,0.13764944032233709,0.1147078669352809,0.202677836775256,0.0,0.35147974578331886,0.3044295411712823,0.0,0.0,0.0,0.349629928048839,0.0,0.0,0.0,0.0,0.0,0.0,0.1147078669352809,0.0,0.06882472016116853,0.0,0.0,0.09037128496931669,0.0,0.0,0.0,0.04588314677411236,0.02294157338705618,0.16742770563222897,0.0,0.07421560439929402,0.0,0.0,0.05407380704358751,0.0,0.0,0.0,0.0,0.0,0.0,0.0,0.0,0.2176428750330035,0.0,0.0,0.10619884881071831,0.0,0.0,0.0,0.0,0.0,0.2754113163776218,0.2831969301619155,0.0,0.0,0.2605130246476754,0.4596273598704939,0.0,0.0,0.0,0.29319773580418684,0.24779731389167606,0.0,0.0,0.0,0.0,0.19134594929397597,0.0,0.046348977465932154,0.0,0.0,0.0,0.0,0.0,0.0,0.0,0.0,0.0,0.0,0.0,0.0,0.0,0.0,0.0,0.0,0.5276561879022921,0.0,0.0,0.0,0.0,0.13764944032233709,0.1748149640244195,0.03382550457458692,0.0,0.0,0.0,0.0,0.0,0.0,0.03382550457458692,0.0,0.0,0.03458572319330373,0.0,0.4129483209670112,0.0,0.0,0.0,0.29319773580418684,0.0,0.0,0.0,0.0,0.0331133089266261,0.0,0.16059101370939327,0.0,0.0,0.24779731389167606,0.0,0.0,0.0,0.0,0.03539961627023944,0.0,0.0,0.39000674757995496,0.0,0.09176629354822471,0.0,0.5714767668127442,0.16059101370939324,0.13764944032233709,0.0,0.0,0.13764944032233709,0.0,0.0,0.0,0.0,0.0,0.2752988806446741,0.0,0.0,0.0,0.0,0.12824729401064427,0.0,0.0,0.0,0.0,0.0,0.0,0.22710998958306755,0.0,0.0,0.303488489333442,0.0,0.0,0.08998425413316952,0.046829290579084706,0.2409900932515112,0.3065696697424829,0.19088542889273336,0.31437304171433844,0.0,0.0,0.0,0.04499212706658476,0.0,0.0,0.0,0.0,0.0,0.0,0.0,0.22710998958306755,0.2073221072156823,0.4156194667729049,0.0,0.2064741604835056,0.30588764516074907,0.0,0.0,0.0,0.0,0.04588314677411236,0.0,0.0,0.09176629354822471,0.16222142113076254,0.5501196042201809,0.0,0.5714767668127442,0.029617443887954616,0.0,0.213352298825066,0.0,0.0,0.3893314107138301,0.0,0.0,0.2809757434745082,0.0,0.0,0.0,0.2831969301619155,0.27668578554642986,0.0,0.0,0.0,0.04588314677411236,0.30588764516074907,0.09733285267845754,0.0,0.30779350562554625,0.11128297681493143,0.0,0.0,0.0,0.0,0.0,0.05564148840746572,0.0,0.0,0.0,0.0,0.0,0.0,0.0,0.2605130246476754,0.0,0.16059101370939324,0.0,0.43604079963619047,0.0,0.0,0.0,0.3671086215711883,0.26315789473684215,0.0,0.0,0.023918243661746996,0.18353258709644943,0.13904693239779645,0.1411956236812263,0.0,0.25451390519031114,1.0000000000000002,0.0,0.0,0.0,0.0,0.24779731389167606
herb477,0.0,0.0,0.0,0.0,0.0,0.09733285267845751,0.0,0.0,0.0,0.0,0.0,0.0,0.0,0.0,0.0,0.0,0.0,0.0,0.0,0.0,0.0,0.0,0.0,0.0,0.0,0.0324442842261525,0.0,0.27668578554642986,0.0,0.0,0.064888568452305,0.0,0.0,0.0,0.0,0.0,0.0,0.0,0.0,0.0,0.0,0.0,0.0,0.0,0.0,0.0,0.0,0.0,0.0,0.0,0.03823595564509362,0.0,0.0,0.0,0.0,0.0,0.0,0.0,0.0,0.0,0.0,0.0,0.0,0.0,0.0,0.0,0.0,0.07165743639000186,0.0,0.0,0.0,0.0,0.0,0.0,0.0,0.0,0.0,0.059234887775909226,0.0,0.0,0.0,0.0,0.0,0.0,0.0,0.0,0.0,0.0,0.0,0.0,0.0,0.0,0.0,0.0,0.0,0.2433321316961438,0.0,0.0,0.0,0.0,0.0,0.0,0.0,0.0,0.13679711361135388,0.0,0.0,0.0,0.0,0.0,0.0,0.0,0.0,0.0,0.0,0.0,0.0,0.1911797782254681,0.0,0.0,0.0,0.0,0.0,0.0,0.0,0.0,0.0,0.0,0.0,0.0,0.0,0.0,0.0,0.0,0.0,0.0,0.0,0.0,0.0,0.0,0.0,0.0,0.0,0.0,0.19134594929397594,0.0,0.0,0.0,0.0,0.0,0.0,0.0,0.0,0.0,0.0,0.0,0.0,0.0,0.0,0.0,0.0,0.0,0.0,0.0,0.0,0.0,0.0,0.0,0.0324442842261525,0.0,0.0,0.0,0.0,0.0,0.0,0.0,0.0,0.0,0.0,0.0,0.0,0.0,0.0,0.0,0.0,0.0,0.0,0.0,0.0,0.0,0.0,0.0,0.0,0.0,0.0,0.0,0.0,0.0,0.0,0.0,0.0,0.0,0.0,0.0,0.0,0.0324442842261525,0.0,0.042601432284230495,0.0,0.0,0.0,0.15974461276617435,0.0,0.0,0.0,0.03721614637823934,0.0,0.0,0.0,0.0,0.0,0.0,0.0,0.0,0.0,0.0,0.21677749238102995,0.0,0.0,0.0,0.0,0.0,0.0,0.0,0.23961691914926153,0.0,0.0,0.0,0.0,0.0,0.0,0.0,0.0,0.0,0.0,0.0,0.0,0.0512989176042577,0.0,0.0,0.0,0.0,0.0,0.0324442842261525,0.0,0.0,0.0,0.03673591791853225,0.0,0.0,0.0,0.0,0.0,0.0,0.0,0.0,0.0,0.0,0.0,0.0,0.0,0.0,0.0,0.0,0.0,0.0,0.0,0.0,0.0,0.0,0.0,0.0,0.0,0.0,0.0,0.0,0.0,0.0,0.0,0.0,0.0,0.0,0.0,0.0,0.0,0.0,0.0,0.0,0.0,0.0,0.0,0.0,0.0,0.0,0.0,0.0,0.0,0.0,0.0,0.0,0.0,0.0,0.0,0.9999999999999996,0.0,0.0,0.0,0.0
herb479,0.0,0.0,0.029526929767874632,0.5920780681563309,0.0,0.0,0.024239308278185982,0.0,0.0,0.04956815970966097,0.09863939238321438,0.0,0.0,0.5327136039034331,0.0,0.0,0.0,0.04109974682633932,0.0,0.0,0.0,0.0,0.0,0.0,0.0,0.0,0.16216216216216217,0.0,0.03001501125938321,0.11990028442779209,0.0,0.0,0.04649905549752771,0.029526929767874632,0.0,0.0,0.0,0.0,0.0,0.0,0.0,0.6113470158144013,0.0,0.04649905549752771,0.0,0.39524197172898556,0.047457899787624956,0.0,0.0,0.0,0.0,0.0,0.0,0.05134961659630968,0.5978565316465418,0.0,0.0,0.0,0.20549873413169661,0.0,0.0,0.0,0.0,0.0,0.0,0.06974858324629157,0.0,0.0,0.15819299929208316,0.0,0.0,0.0,0.16120647005479027,0.027399831217559546,0.0,0.0,0.0,0.0,0.0,0.0,0.0,0.0,0.023249527748763855,0.0,0.04109974682633932,0.0,0.18316875326179904,0.0,0.0,0.03874921291460643,0.0,0.06974858324629157,0.07271792483455794,0.0,0.0,0.0,0.516682531531123,0.13699915608779772,0.6603302477064307,0.0,0.0,0.0,0.0,0.0,0.0,0.06974858324629157,0.0,0.17937400083354382,0.0,0.0,0.0,0.0,0.0,0.6027962867863101,0.0,0.0,0.0,0.0,0.2122381799890044,0.0,0.0,0.0,0.0,0.0,0.0,0.17937400083354382,0.21524880100025257,0.0,0.0,0.0,0.0,0.0,0.14091341769030624,0.1743714581157289,0.18316875326179904,0.0,0.19827263883864388,0.0,0.0,0.0,0.0,0.06213697660012,0.0,0.0,0.0,0.0,0.07174960033341753,0.1752499093081954,0.5580809183750252,0.0,0.0,0.12392039927415242,0.0,0.12427395320024,0.0,0.0885807893036239,0.03427955850955305,0.04393747751637468,0.1316245316231641,0.0,0.0,0.12006004503753284,0.0,0.0,0.0,0.0,0.03504998186163908,0.0,0.0,0.0,0.0,0.0,0.0,0.511489610472805,0.0,0.0,0.10269923319261937,0.0,0.0,0.11624763874381928,0.0,0.6303152364470475,0.0,0.0,0.0,0.0,0.1752499093081954,0.0,0.4649905549752772,0.0,0.0,0.0,0.0,0.0,0.0,0.0,0.0,0.15819299929208316,0.0,0.06974858324629157,0.0,0.0,0.0,0.0,0.0,0.0,0.0,0.0,0.12329924047901797,0.57186276940104,0.0,0.0,0.0,0.5580809183750252,0.4649905549752772,0.0,0.0,0.0,0.5675675675675675,0.0,0.0,0.0,0.06003002251876642,0.0,0.5220368976638744,0.0,0.0,0.0,0.0,0.0,0.2906190968595482,0.20134681656420733,0.0,0.0,0.0,0.0,0.03224129401095805,0.0,0.0,0.0,0.03287979746107146,0.0,0.0,0.047457899787624956,0.0,0.0,0.0,0.0,0.0,0.0,0.09299811099505542,0.0,0.03106848830006,0.0,0.0,0.0,0.03427955850955305,0.0,0.09004503377814962,0.11624763874381928,0.13513513513513514,0.5700338366611013,0.0,0.0,0.19827263883864388,0.0,0.0,0.0,0.0,0.0,0.0,0.03504998186163908,0.511489610472805,0.18316875326179904,0.0,0.0,0.0,0.0,0.028618190351607124,0.0,0.0,0.0,0.0,0.0,0.11624763874381927,0.0,0.0,0.0,0.0,0.04244763599780088,0.0,0.0,0.0,0.0,0.0,0.08108108108108109,0.0,0.18316875326179904,0.0,0.03287979746107146,0.0,0.0,0.0,0.13334518676566626,0.0,0.0,0.0,0.511489610472805,0.0,0.0,0.0,0.0,0.0,0.0,1.0,0.0,0.0,0.0
herb481,0.291161615782696,0.2169304578186562,0.0,0.20797258270192573,0.0,0.0,0.0,0.0,0.42443734381358267,0.0,0.0,0.0,0.0,0.3742405942825599,0.20579830217101058,0.0,0.0,0.0,0.0,0.0,0.040996003084539386,0.0,0.14794534429106182,0.0,0.0,0.0,0.0,0.0,0.0,0.0,0.0,0.0,0.06859943405700353,0.0,0.0,0.0,0.0,0.0,0.0,0.0,0.280056016805602,0.0,0.0,0.13719886811400706,0.08856148855400953,0.0,0.0,0.0,0.0,0.0,0.0,0.10289915108550529,0.0,0.0,0.23008949665421116,0.0,0.0,0.4583492485141056,0.0,0.2656844656620286,0.0,0.036986336072765455,0.2291746242570528,0.0,0.0,0.06859943405700353,0.0,0.0,0.0,0.0,0.0,0.16888013236829963,0.33295604590814587,0.2829582292090551,0.0,0.06262242910851494,0.0,0.0,0.0,0.21455956195564546,0.0,0.0,0.0,0.0,0.0,0.0,0.0,0.0,0.17424273674761284,0.1143323900950059,0.0,0.10289915108550529,0.25031948894825307,0.0,0.0,0.0,0.0,0.0,0.0,0.0,0.0,0.0,0.0,0.0,0.0,0.0,0.0,0.0,0.0,0.0,0.1143323900950059,0.0,0.0,0.0,0.0,0.0,0.0,0.0,0.0,0.0,0.0,0.20683507599800763,0.12964074471043288,0.0,0.0,0.0,0.15877683720748895,0.0,0.0,0.0,0.0,0.0,0.0,0.0,0.0,0.0,0.0,0.20683507599800763,0.0,0.0,0.0,0.09166984970282112,0.0,0.0,0.0,0.0,0.0,0.0,0.11227217828476796,0.0,0.0,0.0,0.0,0.0,0.2743977362280141,0.0,0.0,0.3241018617760822,0.0,0.20683507599800763,0.25308553412176554,0.0,0.0,0.0,0.0,0.0,0.0,0.4036036763977875,0.0,0.0,0.12126781251816648,0.0,0.0,0.0,0.034299717028501764,0.036986336072765455,0.0,0.0,0.0,0.24009801919951235,0.0,0.22140372138502382,0.0,0.0,0.13719886811400706,0.15737789507292674,0.0,0.21170244960998527,0.0,0.0,0.0,0.0,0.0,0.0,0.0,0.0,0.2743977362280141,0.0,0.0,0.10289915108550529,0.0,0.0,0.0,0.0,0.0,0.0,0.0,0.0,0.0,0.0,0.0,0.0,0.0,0.0,0.0,0.0,0.0,0.0,0.11961783342433499,0.0,0.0,0.0,0.4428074427700477,0.0,0.0,0.0,0.0,0.0,0.0,0.0,0.0,0.0,0.0,0.1878672873255448,0.0,0.0,0.0,0.03575992699260758,0.0,0.17424273674761284,0.2910427500435996,0.0,0.0,0.0,0.0,0.0,0.39605901719066977,0.0,0.0,0.13719886811400706,0.0,0.20579830217101058,0.0,0.0,0.0,0.0,0.35400521619692155,0.0,0.17712297710801905,0.0,0.19936305570722498,0.0,0.0,0.19402850002906638,0.0,0.0,0.0,0.0,0.0,0.0,0.0,0.0,0.0,0.0,0.0,0.0,0.0,0.0,0.0,0.0,0.0,0.0,0.0,0.0,0.0,0.0,0.0,0.4117647058823529,0.0,0.0,0.0,0.0,0.0,0.0,0.0,0.0,0.0,0.0,0.0,0.0,0.0,0.0,0.0,0.0,0.0,0.0,0.0,0.10289915108550529,0.0,0.0,0.20683507599800763,0.0,0.0,0.0,0.0,0.9999999999999999,0.0,0.3704792868174742
herb483,0.20228869496966942,0.0219793491131929,0.0,0.07585826061362604,0.0,0.0,0.3478260869565218,0.0,0.0,0.0,0.08846517369293828,0.16484511834894675,0.1286978904175574,0.0,0.22936585546278224,0.0,0.33701018549690775,0.0,0.22227711223719354,0.0,0.0,0.33362306249131957,0.0,0.13987572123604708,0.10767638041163309,0.18766297265136728,0.0,0.0,0.10767638041163309,0.08602647872386805,0.0,0.0834057656228299,0.0,0.10592542826647522,0.206418738616856,0.0,0.0,0.044455422447438706,0.0,0.02948839123097943,0.0,0.09968895725584535,0.0,0.0834057656228299,0.10767638041163309,0.12510864843424485,0.17025130615174974,0.03296902366978935,0.0,0.0,0.0,0.0,0.0,0.0,0.04662524041201569,0.0,0.0,0.0,0.0,0.026919095102908273,0.0,0.11242343760332196,0.0,0.0,0.0,0.0,0.0,0.0,0.11350087076783315,0.0,0.0,0.0,0.08674723979493604,0.19658927487319616,0.0,0.0,0.03382550457458691,0.1522773975253762,0.4662524041201569,0.4347826086956522,0.0834057656228299,0.0,0.06255432421712243,0.0,0.0,0.0,0.10951713563867871,0.0,0.18536949946633163,0.13900960937138318,0.3753259453027345,0.0,0.0,0.0,0.08993875008265757,0.10425720702853737,0.10531568296778365,0.09829463743659808,0.0,0.0,0.10592542826647522,0.41702882811414954,0.4626519455729923,0.0,0.08791739645277159,0.3127716210856121,0.1318760946791574,0.0,0.03575992699260758,0.0,0.0,0.354474503897027,0.06451985904290104,0.0,0.42562826537937426,0.0,0.0,0.0982946374365981,0.0,0.0,0.0,0.0,0.0,0.0,0.0,0.0,0.1286978904175574,0.021739130434782608,0.0,0.0,0.08695652173913043,0.0,0.08425254637422692,0.15638581054280606,0.0,0.17376201171422898,0.0,0.03143473067309657,0.0,0.1318760946791574,0.0,0.02786391062876764,0.5161588723432083,0.13530201829834765,0.0,0.0,0.09652341781316803,0.0,0.0,0.0,0.11795356492391772,0.3556433795795097,0.0,0.0,0.0,0.18536949946633163,0.0,0.0,0.0,0.0,0.08791739645277159,0.0,0.16357216402190614,0.09223131928520185,0.0,0.0,0.1257389226923863,0.0,0.0,0.0,0.07372097807744857,0.0,0.0,0.0834057656228299,0.1668115312456598,0.08993875008265757,0.36842503924680325,0.12038585308576923,0.0,0.0,0.0,0.0,0.0,0.08891084489487742,0.33362306249131957,0.23918243661746996,0.03143473067309657,0.0,0.10425720702853739,0.3217447260438935,0.0,0.0,0.0,0.1286978904175574,0.0,0.020851441405707476,0.0,0.0,0.0,0.0,0.12267912301642961,0.0,0.10767638041163309,0.3777537317199085,0.0,0.0834057656228299,0.09100315103865801,0.0,0.0,0.0,0.0,0.10266540046786908,0.08695652173913043,0.09100315103865801,0.33362306249131957,0.0,0.12267912301642961,0.0,0.14543584966911588,0.0,0.0,0.0,0.0,0.16357216402190614,0.08512565307587487,0.0,0.0,0.0,0.0219793491131929,0.0,0.0,0.0,0.0,0.1522773975253762,0.0,0.0,0.028915746598312014,0.0,0.0,0.0,0.0,0.0,0.0,0.0,0.3127716210856121,0.0,0.0,0.0,0.11795356492391772,0.3127716210856121,0.354474503897027,0.33362306249131957,0.0,0.020851441405707476,0.4633890050582482,0.0,0.0,0.0,0.0,0.020851441405707476,0.0,0.1555939785660355,0.0,0.11795356492391772,0.44455422447438714,0.17201561551404665,0.0,0.12267912301642961,0.27975144247209416,0.10767638041163309,0.0,0.1257389226923863,0.0,0.0,0.08891084489487741,0.06255432421712243,0.0,0.0,0.10266540046786908,0.0,0.17700260809846075,0.0,0.0,0.13900960937138318,0.10425720702853739,0.0,0.0,0.17879963496303788,0.034752402342845795,0.0,0.09100315103865801,0.16357216402190614,0.12297509238026914,0.1668115312456598,0.0,0.09695723311274392,0.0,0.16427570345801806,0.0,0.0,0.0,0.43788026951985687,0.0,0.0,0.0,0.0,0.0,0.0,0.0,0.20533080093573816,0.0,0.0,0.0,0.0,0.0,0.0,1.0000000000000002,0.0
herb486,0.26196841599779186,0.22771001702132443,0.43112399091829134,0.18712029714127992,0.0,0.030860669992418384,0.0,0.0,0.0,0.0,0.0,0.0,0.0,0.336717514850737,0.3086066999241838,0.0,0.3429138275137023,0.0,0.0,0.24779731389167606,0.0,0.0,0.16638958140993046,0.24152294576982397,0.0,0.030860669992418384,0.0,0.0,0.0,0.0,0.2160246899469287,0.030860669992418384,0.1851640199545103,0.2743516305843672,0.0,0.0,0.0,0.0,0.23294541397390264,0.0,0.25197631533948484,0.0,0.47075654176200427,0.24688535993934707,0.07968190728895957,0.0,0.0,0.0,0.3818813079129867,0.0,0.036369648372665396,0.21602468994692867,0.0,0.37487899712504835,0.17251638983558856,0.2160246899469287,0.0,0.4123930494211613,0.0,0.0,0.0,0.0,0.49487165930539356,0.0,0.0,0.27774602993176545,0.0,0.03407990882954985,0.0,0.2545875386086578,0.3185110286353031,0.1519474352795173,0.0,0.25458753860865774,0.2743516305843672,0.0,0.0,0.0,0.0,0.0,0.0,0.0,0.0,0.0,0.0,0.0,0.04052204492365539,0.0,0.1567723603339241,0.10286889997472795,0.030860669992418384,0.2160246899469287,0.2573957808351148,0.0,0.06655583256397218,0.0,0.0,0.07273929674533079,0.0,0.0,0.0,0.0,0.0,0.0,0.0,0.0,0.04879500364742666,0.0,0.0,0.09523809523809525,0.10286889997472795,0.0,0.0,0.0,0.0,0.3704792868174742,0.33333333333333337,0.0,0.0,0.3504383220252312,0.2545875386086578,0.18609684207969415,0.11664236870396087,0.0,0.3944053188733077,0.33333333333333337,0.14285714285714288,0.0,0.0,0.0,0.0,0.0,0.062347968638854966,0.0,0.0,0.0,0.0,0.18609684207969415,0.0,0.0,0.0,0.08247860988423225,0.0,0.0,0.0,0.0,0.0,0.0,0.10101525445522108,0.2160246899469287,0.0,0.0,0.0,0.0,0.5246313898711125,0.03919309008348103,0.04550157551932901,0.2916059217599022,0.0,0.18609684207969415,0.0,0.0,0.0,0.04550157551932901,0.0,0.0,0.04652421051992354,0.0,0.1543033499620919,0.0,0.1091089451179962,0.0,0.3944053188733077,0.0,0.0,0.0,0.0,0.0,0.0,0.24688535993934707,0.0,0.19920476822239894,0.33333333333333337,0.0,0.12344267996967354,0.14159846508095775,0.0,0.1904761904761905,0.0,0.0,0.2160246899469287,0.0,0.0,0.0,0.24459979523511427,0.3086066999241838,0.5246313898711125,0.0,0.0,0.27774602993176545,0.0,0.0,0.0,0.0,0.0,0.3394673699166022,0.0,0.0,0.0,0.0,0.0,0.1519474352795173,0.0,0.0,0.0,0.0,0.0,0.3055050463303894,0.10762440050012628,0.0,0.4082482904638631,0.0,0.11952286093343936,0.12104550653376049,0.06299407883487121,0.4457424941602093,0.12371791482634838,0.0,0.3578300267477955,0.0,0.0,0.0,0.060522753266880246,0.1690308509457033,0.0,0.0,0.0,0.0,0.0,0.1567723603339241,0.3055050463303894,0.2788866755113585,0.24459979523511427,0.0,0.1543033499620919,0.3600411499115478,0.35634832254989923,0.0,0.0,0.12344267996967354,0.0,0.1851640199545103,0.0,0.030860669992418384,0.2182178902359924,0.22522130823072545,0.0,0.3843711067980367,0.19920476822239894,0.0,0.4304976020005052,0.0,0.0,0.4800793585191833,0.0,0.0,0.2939723678960657,0.0,0.0,0.15936381457791915,0.33333333333333337,0.04652421051992354,0.030860669992418384,0.0,0.0,0.12344267996967354,0.051434449987363975,0.08728715609439697,0.0,0.0,0.07484811885651196,0.0,0.0,0.0,0.0,0.0,0.0,0.3704792868174742,0.0,0.0,0.0,0.0,0.0,0.0,0.3504383220252312,0.0,0.3703280399090206,0.0,0.24152294576982397,0.0,0.0,0.0,0.4178554470186725,0.03539961627023944,0.18200630207731605,0.0,0.0,0.3086066999241838,0.0,0.0,0.18609684207969415,0.47075654176200427,0.24779731389167606,0.0,0.0,0.3704792868174742,0.0,1.0
